transactionid,employeeid,time,amount,profit,customerid,stage
1,9,2020-01-01 11:00:00,2.4,0.48
2,0,2020-01-01 11:38:00,13.3,2.66
3,67,2020-01-01 12:11:00,62.5,12.5
4,14,2020-01-01 12:53:00,44.4,8.88
5,4,2020-01-01 13:06:00,143.5,28.7
6,2,2020-01-01 13:56:00,96.5,19.3
7,12,2020-01-01 14:41:00,34.2,6.84
8,7,2020-01-01 15:25:00,4.2,0.84
9,6,2020-01-01 16:17:00,59.7,11.94
10,6,2020-01-01 17:00:00,22.7,4.54
11,4,2020-01-01 17:41:00,11.6,2.32
12,12,2020-01-01 18:36:00,2.4,0.48
13,12,2020-01-01 19:36:00,2.4,0.48
14,13,2020-01-01 20:26:00,17.4,3.48
15,8,2020-01-01 20:37:00,127.7,25.54
16,7,2020-01-01 21:18:00,16.9,3.38
17,14,2020-01-01 21:21:00,13.2,2.64
18,4,2020-01-01 22:09:00,74.4,14.88
19,10,2020-01-01 22:36:00,17.0,3.4
20,14,2020-01-02 10:32:00,15.6,3.12
21,5,2020-01-02 10:46:00,8.5,1.7
22,7,2020-01-02 11:45:00,13.8,2.76
23,67,2020-01-02 12:39:00,20.7,4.14
24,1,2020-01-02 12:45:00,61.1,12.22
25,3,2020-01-02 13:41:00,11.9,2.38
26,2,2020-01-02 14:22:00,6.9,1.38
27,12,2020-01-02 15:11:00,49.7,9.94
28,12,2020-01-02 15:19:00,25.3,5.06
29,1,2020-01-02 16:01:00,15.4,3.08
30,68,2020-01-02 17:00:00,22.3,4.46
31,9,2020-01-02 17:24:00,275.4,55.08
32,5,2020-01-02 17:25:00,8.5,1.7
33,10,2020-01-02 18:18:00,12.2,2.44
34,4,2020-01-02 18:44:00,36.5,7.3
35,6,2020-01-02 19:33:00,6.8,1.36
36,4,2020-01-02 19:45:00,68.9,13.78
37,8,2020-01-02 19:58:00,2.4,0.48
38,0,2020-01-02 20:48:00,163.9,32.78
39,8,2020-01-02 20:59:00,11.4,2.28
40,12,2020-01-02 21:37:00,54.0,10.8
41,5,2020-01-02 22:37:00,146.9,29.38
42,6,2020-01-02 22:53:00,44.0,8.8
43,14,2020-01-03 10:16:00,45.5,9.1
44,13,2020-01-03 10:39:00,23.9,4.78
45,68,2020-01-03 10:46:00,22.3,4.46
46,7,2020-01-03 11:04:00,21.2,4.24
47,8,2020-01-03 11:34:00,10.1,2.02
48,13,2020-01-03 12:07:00,2.4,0.48
49,6,2020-01-03 12:51:00,17.8,3.56
50,68,2020-01-03 13:14:00,33.9,6.78
51,67,2020-01-03 13:47:00,10.6,2.12
52,2,2020-01-03 14:27:00,108.7,21.74
53,0,2020-01-03 14:31:00,30.7,6.14
54,4,2020-01-03 15:13:00,141.6,28.32
55,13,2020-01-03 15:49:00,4.2,0.84
56,3,2020-01-03 16:31:00,20.1,4.02
57,6,2020-01-03 17:07:00,66.6,13.32
58,14,2020-01-03 17:22:00,46.4,9.28
59,9,2020-01-03 18:11:00,10.9,2.18
60,9,2020-01-03 18:38:00,202.2,40.44
61,12,2020-01-03 18:51:00,8.5,1.7
62,5,2020-01-03 19:48:00,73.5,14.7
63,9,2020-01-03 20:00:00,27.3,5.46
64,10,2020-01-03 20:25:00,138.9,27.78
65,4,2020-01-03 21:19:00,5.0,1.0
66,1,2020-01-03 21:21:00,22.2,4.44
67,0,2020-01-03 22:20:00,212.7,42.54
68,3,2020-01-03 22:26:00,47.7,9.54
69,3,2020-01-03 22:55:00,12.7,2.54
70,13,2020-01-04 10:10:00,28.0,5.6
71,67,2020-01-04 10:18:00,105.0,21.0
72,9,2020-01-04 10:23:00,36.1,7.22
73,14,2020-01-04 10:31:00,2.1,0.42
74,6,2020-01-04 10:39:00,14.1,2.82
75,13,2020-01-04 10:44:00,18.8,3.76
76,2,2020-01-04 11:07:00,5.6,1.12
77,10,2020-01-04 11:10:00,18.6,3.72
78,0,2020-01-04 11:38:00,67.3,13.46
79,12,2020-01-04 11:57:00,8.5,1.7
80,1,2020-01-04 12:22:00,8.5,1.7
81,3,2020-01-04 12:41:00,28.3,5.66
82,2,2020-01-04 13:03:00,130.8,26.16
83,67,2020-01-04 13:31:00,12.3,2.46
84,8,2020-01-04 13:34:00,82.3,16.46
85,0,2020-01-04 14:02:00,19.4,3.88
86,14,2020-01-04 14:22:00,226.6,45.32
87,7,2020-01-04 14:31:00,24.2,4.84
88,6,2020-01-04 14:49:00,143.0,28.6
89,14,2020-01-04 15:12:00,52.6,10.52
90,13,2020-01-04 15:29:00,38.2,7.64
91,12,2020-01-04 15:36:00,16.7,3.34
92,2,2020-01-04 15:54:00,88.6,17.72
93,6,2020-01-04 16:24:00,107.5,21.5
94,8,2020-01-04 16:49:00,23.8,4.76
95,68,2020-01-04 17:15:00,36.8,7.36
96,2,2020-01-04 17:41:00,24.4,4.88
97,67,2020-01-04 18:08:00,21.8,4.36
98,14,2020-01-04 18:14:00,157.0,31.4
99,3,2020-01-04 18:30:00,58.4,11.68
100,0,2020-01-04 18:57:00,113.6,22.72
101,5,2020-01-04 19:12:00,26.8,5.36
102,14,2020-01-04 19:32:00,44.0,8.8
103,0,2020-01-04 19:45:00,45.5,9.1
104,4,2020-01-04 19:55:00,4.8,0.96
105,14,2020-01-04 20:04:00,20.2,4.04
106,67,2020-01-04 20:16:00,163.7,32.74
107,7,2020-01-04 20:24:00,2.4,0.48
108,10,2020-01-04 20:42:00,28.3,5.66
109,3,2020-01-04 20:43:00,21.8,4.36
110,67,2020-01-04 21:02:00,2.4,0.48
111,14,2020-01-04 21:03:00,10.1,2.02
112,14,2020-01-04 21:11:00,45.5,9.1
113,13,2020-01-04 21:17:00,24.4,4.88
114,9,2020-01-04 21:17:00,10.8,2.16
115,12,2020-01-04 21:27:00,35.5,7.1
116,7,2020-01-04 21:54:00,10.7,2.14
117,4,2020-01-04 22:22:00,71.5,14.3
118,6,2020-01-04 22:43:00,158.4,31.68
119,68,2020-01-04 22:57:00,27.4,5.48
120,10,2020-01-05 11:28:00,107.5,21.5
121,3,2020-01-05 11:49:00,174.3,34.86
122,4,2020-01-05 12:15:00,21.2,4.24
123,6,2020-01-05 13:04:00,57.1,11.42
124,1,2020-01-05 13:50:00,18.6,3.72
125,9,2020-01-05 14:02:00,109.4,21.88
126,9,2020-01-05 14:11:00,10.8,2.16
127,8,2020-01-05 14:40:00,204.3,40.86
128,9,2020-01-05 15:09:00,29.6,5.92
129,2,2020-01-05 15:50:00,2.2,0.44
130,4,2020-01-05 16:30:00,79.3,15.86
131,13,2020-01-05 17:10:00,12.8,2.56
132,12,2020-01-05 17:10:00,9.6,1.92
133,8,2020-01-05 17:29:00,11.1,2.22
134,68,2020-01-05 18:08:00,30.3,6.06
135,9,2020-01-05 18:45:00,155.7,31.14
136,5,2020-01-05 19:04:00,10.6,2.12
137,10,2020-01-05 19:58:00,10.9,2.18
138,68,2020-01-05 20:58:00,8.5,1.7
139,3,2020-01-05 21:51:00,58.5,11.7
140,0,2020-01-05 22:41:00,2.1,0.42
141,1,2020-01-05 22:58:00,125.8,25.16
142,12,2020-01-06 10:14:00,27.3,5.46
143,12,2020-01-06 10:33:00,2.1,0.42
144,8,2020-01-06 10:46:00,8.0,1.6
145,7,2020-01-06 10:55:00,157.9,31.58
146,5,2020-01-06 11:20:00,274.4,54.88
147,3,2020-01-06 12:12:00,28.2,5.64
148,4,2020-01-06 12:46:00,269.3,53.86
149,13,2020-01-06 13:06:00,111.5,22.3
150,10,2020-01-06 13:24:00,26.7,5.34
151,13,2020-01-06 13:36:00,18.1,3.62
152,10,2020-01-06 14:02:00,15.4,3.08
153,8,2020-01-06 14:59:00,35.7,7.14
154,10,2020-01-06 15:27:00,23.3,4.66
155,14,2020-01-06 15:46:00,11.4,2.28
156,5,2020-01-06 16:08:00,113.3,22.66
157,14,2020-01-06 16:56:00,14.2,2.84
158,2,2020-01-06 17:47:00,35.8,7.16
159,1,2020-01-06 17:52:00,9.3,1.86
160,3,2020-01-06 18:20:00,6.6,1.32
161,14,2020-01-06 19:09:00,91.6,18.32
162,5,2020-01-06 19:13:00,10.1,2.02
163,4,2020-01-06 20:10:00,16.5,3.3
164,0,2020-01-06 20:48:00,17.8,3.56
165,4,2020-01-06 21:05:00,57.0,11.4
166,1,2020-01-06 21:51:00,4.8,0.96
167,2,2020-01-06 22:18:00,16.0,3.2
168,8,2020-01-07 10:45:00,10.9,2.18
169,8,2020-01-07 11:28:00,240.4,48.08
170,2,2020-01-07 11:58:00,122.1,24.42
171,8,2020-01-07 12:06:00,29.3,5.86
172,3,2020-01-07 12:51:00,72.1,14.42
173,10,2020-01-07 13:21:00,23.1,4.62
174,10,2020-01-07 13:38:00,45.5,9.1
175,8,2020-01-07 13:44:00,120.7,24.14
176,6,2020-01-07 14:44:00,4.5,0.9
177,67,2020-01-07 15:09:00,4.2,0.84
178,7,2020-01-07 15:25:00,57.7,11.54
179,6,2020-01-07 15:56:00,15.1,3.02
180,2,2020-01-07 16:43:00,2.1,0.42
181,6,2020-01-07 17:26:00,59.6,11.92
182,7,2020-01-07 18:09:00,170.7,34.14
183,1,2020-01-07 18:32:00,67.2,13.44
184,0,2020-01-07 18:53:00,145.4,29.08
185,7,2020-01-07 19:16:00,8.7,1.74
186,8,2020-01-07 19:49:00,24.8,4.96
187,13,2020-01-07 20:47:00,23.0,4.6
188,68,2020-01-07 21:15:00,26.0,5.2
189,2,2020-01-07 22:01:00,4.8,0.96
190,3,2020-01-07 22:49:00,168.4,33.68
191,6,2020-01-08 10:11:00,2.2,0.44
192,8,2020-01-08 10:32:00,2.4,0.48
193,5,2020-01-08 10:55:00,48.5,9.7
194,12,2020-01-08 11:31:00,112.2,22.44
195,3,2020-01-08 12:07:00,18.5,3.7
196,8,2020-01-08 12:19:00,10.0,2.0
197,67,2020-01-08 12:57:00,143.0,28.6
198,2,2020-01-08 13:02:00,159.8,31.96
199,10,2020-01-08 13:30:00,57.2,11.44
200,3,2020-01-08 13:32:00,52.5,10.5
201,2,2020-01-08 13:45:00,44.0,8.8
202,5,2020-01-08 14:18:00,23.3,4.66
203,8,2020-01-08 15:17:00,137.5,27.5
204,6,2020-01-08 15:26:00,35.0,7.0
205,68,2020-01-08 16:12:00,154.6,30.92
206,1,2020-01-08 17:03:00,2.1,0.42
207,2,2020-01-08 17:40:00,156.7,31.34
208,4,2020-01-08 18:17:00,364.1,72.82
209,67,2020-01-08 19:11:00,228.8,45.76
210,8,2020-01-08 19:41:00,122.4,24.48
211,1,2020-01-08 20:10:00,146.7,29.34
212,14,2020-01-08 21:00:00,51.1,10.22
213,13,2020-01-08 21:36:00,109.1,21.82
214,67,2020-01-08 22:05:00,2.1,0.42
215,6,2020-01-08 22:52:00,151.5,30.3
216,5,2020-01-09 10:15:00,38.1,7.62
217,67,2020-01-09 10:53:00,89.0,17.8
218,4,2020-01-09 11:41:00,8.5,1.7
219,3,2020-01-09 12:33:00,28.7,5.74
220,14,2020-01-09 12:43:00,100.2,20.04
221,1,2020-01-09 13:05:00,20.2,4.04
222,8,2020-01-09 13:42:00,52.5,10.5
223,9,2020-01-09 13:42:00,2.4,0.48
224,67,2020-01-09 13:56:00,77.2,15.44
225,10,2020-01-09 14:28:00,189.4,37.88
226,7,2020-01-09 15:12:00,9.0,1.8
227,10,2020-01-09 15:33:00,7.4,1.48
228,14,2020-01-09 15:59:00,197.1,39.42
229,12,2020-01-09 16:43:00,8.5,1.7
230,2,2020-01-09 17:34:00,73.2,14.64
231,14,2020-01-09 17:53:00,20.1,4.02
232,5,2020-01-09 18:14:00,160.3,32.06
233,3,2020-01-09 18:54:00,24.7,4.94
234,0,2020-01-09 19:53:00,13.8,2.76
235,67,2020-01-09 20:25:00,18.9,3.78
236,4,2020-01-09 20:30:00,17.1,3.42
237,5,2020-01-09 21:16:00,14.4,2.88
238,67,2020-01-09 21:41:00,157.0,31.4
239,9,2020-01-09 22:07:00,17.2,3.44
240,9,2020-01-09 22:31:00,2.4,0.48
241,4,2020-01-10 10:34:00,28.8,5.76
242,13,2020-01-10 11:26:00,42.7,8.54
243,3,2020-01-10 11:34:00,42.3,8.46
244,2,2020-01-10 12:17:00,4.2,0.84
245,1,2020-01-10 12:49:00,281.5,56.3
246,3,2020-01-10 13:33:00,122.3,24.46
247,0,2020-01-10 14:31:00,119.7,23.94
248,13,2020-01-10 15:23:00,145.8,29.16
249,12,2020-01-10 15:29:00,11.1,2.22
250,68,2020-01-10 15:44:00,36.5,7.3
251,67,2020-01-10 16:31:00,144.5,28.9
252,1,2020-01-10 16:57:00,8.5,1.7
253,8,2020-01-10 17:17:00,109.1,21.82
254,5,2020-01-10 17:45:00,67.4,13.48
255,13,2020-01-10 18:38:00,7.4,1.48
256,8,2020-01-10 19:35:00,18.1,3.62
257,0,2020-01-10 19:44:00,37.3,7.46
258,1,2020-01-10 19:54:00,153.6,30.72
259,7,2020-01-10 20:23:00,115.5,23.1
260,68,2020-01-10 20:53:00,5.0,1.0
261,8,2020-01-10 21:06:00,61.0,12.2
262,12,2020-01-10 21:19:00,2.6,0.52
263,9,2020-01-10 21:27:00,72.5,14.5
264,10,2020-01-10 22:02:00,34.1,6.82
265,12,2020-01-10 22:42:00,4.8,0.96
266,67,2020-01-11 10:54:00,10.1,2.02
267,7,2020-01-11 10:56:00,130.5,26.1
268,9,2020-01-11 11:23:00,25.1,5.02
269,67,2020-01-11 11:39:00,11.1,2.22
270,0,2020-01-11 11:40:00,19.8,3.96
271,0,2020-01-11 12:10:00,153.1,30.62
272,1,2020-01-11 12:16:00,63.8,12.76
273,2,2020-01-11 12:24:00,116.3,23.26
274,14,2020-01-11 12:33:00,19.5,3.9
275,6,2020-01-11 12:44:00,60.3,12.06
276,12,2020-01-11 13:05:00,98.9,19.78
277,8,2020-01-11 13:32:00,33.6,6.72
278,7,2020-01-11 13:44:00,2.1,0.42
279,9,2020-01-11 14:06:00,62.6,12.52
280,9,2020-01-11 14:23:00,24.8,4.96
281,3,2020-01-11 14:47:00,110.7,22.14
282,8,2020-01-11 14:47:00,7.5,1.5
283,10,2020-01-11 15:04:00,180.2,36.04
284,68,2020-01-11 15:34:00,133.2,26.64
285,1,2020-01-11 15:44:00,34.5,6.9
286,7,2020-01-11 16:01:00,120.0,24.0
287,14,2020-01-11 16:27:00,64.1,12.82
288,14,2020-01-11 16:27:00,20.5,4.1
289,9,2020-01-11 16:53:00,104.2,20.84
290,2,2020-01-11 16:53:00,96.2,19.24
291,68,2020-01-11 17:07:00,26.7,5.34
292,9,2020-01-11 17:32:00,24.9,4.98
293,10,2020-01-11 17:56:00,2.4,0.48
294,9,2020-01-11 18:20:00,92.5,18.5
295,5,2020-01-11 18:27:00,68.6,13.72
296,7,2020-01-11 18:51:00,53.5,10.7
297,5,2020-01-11 19:09:00,2.6,0.52
298,12,2020-01-11 19:15:00,8.5,1.7
299,2,2020-01-11 19:19:00,78.1,15.62
300,9,2020-01-11 19:40:00,18.6,3.72
301,14,2020-01-11 19:50:00,37.2,7.44
302,13,2020-01-11 19:54:00,12.5,2.5
303,3,2020-01-11 20:20:00,2.1,0.42
304,1,2020-01-11 20:45:00,45.5,9.1
305,68,2020-01-11 20:58:00,164.7,32.94
306,1,2020-01-11 21:20:00,242.0,48.4
307,0,2020-01-11 21:46:00,53.5,10.7
308,67,2020-01-11 21:46:00,56.5,11.3
309,0,2020-01-11 22:02:00,56.8,11.36
310,0,2020-01-11 22:28:00,94.6,18.92
311,12,2020-01-11 22:55:00,11.4,2.28
312,8,2020-01-12 11:10:00,27.0,5.4
313,12,2020-01-12 12:06:00,44.0,8.8
314,3,2020-01-12 12:46:00,4.5,0.9
315,13,2020-01-12 13:06:00,110.2,22.04
316,12,2020-01-12 13:18:00,30.9,6.18
317,6,2020-01-12 14:06:00,47.0,9.4
318,68,2020-01-12 14:35:00,4.6,0.92
319,67,2020-01-12 15:19:00,12.3,2.46
320,7,2020-01-12 15:31:00,12.7,2.54
321,68,2020-01-12 15:53:00,229.9,45.98
322,14,2020-01-12 16:30:00,2.1,0.42
323,6,2020-01-12 17:14:00,157.0,31.4
324,67,2020-01-12 17:32:00,13.2,2.64
325,4,2020-01-12 17:41:00,6.4,1.28
326,7,2020-01-12 18:26:00,21.5,4.3
327,14,2020-01-12 18:53:00,42.0,8.4
328,3,2020-01-12 19:37:00,51.0,10.2
329,0,2020-01-12 20:11:00,16.2,3.24
330,7,2020-01-12 20:46:00,19.1,3.82
331,4,2020-01-12 21:13:00,2.4,0.48
332,2,2020-01-12 22:08:00,4.3,0.86
333,68,2020-01-12 22:24:00,10.6,2.12
334,2,2020-01-12 22:52:00,71.1,14.22
335,3,2020-01-13 10:51:00,8.5,1.7
336,5,2020-01-13 11:33:00,20.7,4.14
337,14,2020-01-13 11:53:00,14.0,2.8
338,1,2020-01-13 12:29:00,14.0,2.8
339,6,2020-01-13 13:03:00,172.4,34.48
340,67,2020-01-13 13:43:00,20.6,4.12
341,1,2020-01-13 14:37:00,13.2,2.64
342,14,2020-01-13 15:05:00,126.1,25.22
343,13,2020-01-13 15:58:00,21.3,4.26
344,67,2020-01-13 16:22:00,140.0,28.0
345,68,2020-01-13 16:23:00,19.3,3.86
346,67,2020-01-13 17:18:00,36.1,7.22
347,7,2020-01-13 17:25:00,64.8,12.96
348,2,2020-01-13 18:14:00,31.8,6.36
349,67,2020-01-13 19:11:00,36.4,7.28
350,10,2020-01-13 19:19:00,27.3,5.46
351,9,2020-01-13 19:47:00,24.9,4.98
352,4,2020-01-13 20:07:00,34.4,6.88
353,0,2020-01-13 20:22:00,2.1,0.42
354,68,2020-01-13 20:29:00,24.9,4.98
355,10,2020-01-13 20:57:00,56.9,11.38
356,12,2020-01-13 21:29:00,45.5,9.1
357,13,2020-01-13 21:53:00,113.7,22.74
358,3,2020-01-13 22:24:00,2.1,0.42
359,1,2020-01-13 22:51:00,24.5,4.9
360,9,2020-01-14 10:48:00,54.9,10.98
361,8,2020-01-14 10:50:00,128.8,25.76
362,4,2020-01-14 11:44:00,48.5,9.7
363,10,2020-01-14 12:06:00,9.0,1.8
364,2,2020-01-14 12:28:00,12.1,2.42
365,7,2020-01-14 12:30:00,16.6,3.32
366,10,2020-01-14 12:54:00,2.2,0.44
367,8,2020-01-14 13:22:00,4.4,0.88
368,10,2020-01-14 13:56:00,174.7,34.94
369,10,2020-01-14 14:55:00,55.1,11.02
370,9,2020-01-14 15:23:00,10.1,2.02
371,7,2020-01-14 15:27:00,57.2,11.44
372,10,2020-01-14 16:14:00,5.0,1.0
373,12,2020-01-14 16:41:00,32.7,6.54
374,0,2020-01-14 17:27:00,54.1,10.82
375,0,2020-01-14 17:58:00,61.7,12.34
376,0,2020-01-14 18:14:00,12.2,2.44
377,10,2020-01-14 18:17:00,13.8,2.76
378,4,2020-01-14 18:32:00,204.6,40.92
379,9,2020-01-14 19:22:00,139.3,27.86
380,0,2020-01-14 19:38:00,59.2,11.84
381,0,2020-01-14 19:50:00,2.1,0.42
382,0,2020-01-14 19:55:00,11.4,2.28
383,4,2020-01-14 20:29:00,128.1,25.62
384,10,2020-01-14 20:40:00,174.8,34.96
385,3,2020-01-14 21:26:00,132.2,26.44
386,10,2020-01-14 21:53:00,24.4,4.88
387,7,2020-01-14 22:53:00,270.9,54.18
388,2,2020-01-15 10:30:00,140.9,28.18
389,13,2020-01-15 10:47:00,35.6,7.12
390,67,2020-01-15 10:56:00,62.9,12.58
391,68,2020-01-15 11:43:00,117.6,23.52
392,6,2020-01-15 12:08:00,15.7,3.14
393,9,2020-01-15 12:22:00,5.0,1.0
394,7,2020-01-15 12:51:00,2.1,0.42
395,4,2020-01-15 13:02:00,243.5,48.7
396,10,2020-01-15 13:18:00,78.3,15.66
397,8,2020-01-15 14:10:00,274.7,54.94
398,14,2020-01-15 15:03:00,29.0,5.8
399,14,2020-01-15 15:03:00,203.9,40.78
400,10,2020-01-15 15:39:00,13.0,2.6
401,0,2020-01-15 16:21:00,31.8,6.36
402,4,2020-01-15 16:44:00,10.1,2.02
403,8,2020-01-15 17:27:00,31.3,6.26
404,13,2020-01-15 18:13:00,151.5,30.3
405,6,2020-01-15 18:52:00,115.3,23.06
406,67,2020-01-15 19:29:00,24.8,4.96
407,9,2020-01-15 19:37:00,13.2,2.64
408,6,2020-01-15 20:28:00,20.2,4.04
409,67,2020-01-15 21:27:00,138.7,27.74
410,3,2020-01-15 21:56:00,20.2,4.04
411,3,2020-01-15 22:00:00,12.5,2.5
412,67,2020-01-15 22:20:00,10.9,2.18
413,4,2020-01-15 22:29:00,7.8,1.56
414,10,2020-01-15 22:47:00,50.2,10.04
415,10,2020-01-16 10:14:00,24.7,4.94
416,9,2020-01-16 11:14:00,232.5,46.5
417,3,2020-01-16 11:38:00,10.1,2.02
418,6,2020-01-16 12:27:00,446.5,89.3
419,3,2020-01-16 12:28:00,10.1,2.02
420,3,2020-01-16 13:26:00,30.9,6.18
421,6,2020-01-16 13:30:00,16.4,3.28
422,0,2020-01-16 14:11:00,16.3,3.26
423,0,2020-01-16 15:06:00,47.4,9.48
424,5,2020-01-16 15:10:00,24.9,4.98
425,9,2020-01-16 15:26:00,2.4,0.48
426,10,2020-01-16 15:40:00,20.3,4.06
427,14,2020-01-16 15:52:00,10.1,2.02
428,6,2020-01-16 16:40:00,2.1,0.42
429,1,2020-01-16 16:43:00,137.9,27.58
430,9,2020-01-16 17:07:00,2.4,0.48
431,67,2020-01-16 17:16:00,238.2,47.64
432,10,2020-01-16 17:46:00,9.7,1.94
433,4,2020-01-16 18:27:00,42.6,8.52
434,2,2020-01-16 18:53:00,328.8,65.76
435,8,2020-01-16 19:20:00,11.6,2.32
436,12,2020-01-16 20:11:00,21.8,4.36
437,0,2020-01-16 21:00:00,13.7,2.74
438,68,2020-01-16 21:28:00,4.2,0.84
439,12,2020-01-16 22:17:00,151.5,30.3
440,5,2020-01-16 22:51:00,20.7,4.14
441,13,2020-01-17 10:42:00,2.4,0.48
442,10,2020-01-17 11:26:00,40.9,8.18
443,3,2020-01-17 11:30:00,2.2,0.44
444,4,2020-01-17 11:48:00,33.3,6.66
445,12,2020-01-17 12:45:00,54.9,10.98
446,1,2020-01-17 13:42:00,2.4,0.48
447,4,2020-01-17 14:03:00,150.7,30.14
448,9,2020-01-17 14:57:00,39.0,7.8
449,1,2020-01-17 15:07:00,6.7,1.34
450,4,2020-01-17 15:54:00,243.1,48.62
451,67,2020-01-17 16:11:00,20.1,4.02
452,1,2020-01-17 16:22:00,45.5,9.1
453,67,2020-01-17 16:56:00,2.2,0.44
454,13,2020-01-17 17:45:00,26.5,5.3
455,68,2020-01-17 18:11:00,135.5,27.1
456,0,2020-01-17 18:52:00,26.2,5.24
457,14,2020-01-17 19:13:00,24.6,4.92
458,8,2020-01-17 19:48:00,130.6,26.12
459,7,2020-01-17 19:55:00,135.0,27.0
460,0,2020-01-17 20:24:00,123.1,24.62
461,6,2020-01-17 20:44:00,18.5,3.7
462,67,2020-01-17 20:59:00,47.0,9.4
463,2,2020-01-17 21:44:00,12.2,2.44
464,6,2020-01-17 22:06:00,5.0,1.0
465,9,2020-01-17 22:36:00,14.9,2.98
466,9,2020-01-17 22:44:00,42.7,8.54
467,7,2020-01-17 22:44:00,39.1,7.82
468,6,2020-01-18 10:26:00,204.5,40.9
469,5,2020-01-18 10:35:00,122.6,24.52
470,67,2020-01-18 10:51:00,2.1,0.42
471,12,2020-01-18 11:19:00,141.8,28.36
472,2,2020-01-18 11:37:00,57.1,11.42
473,3,2020-01-18 11:49:00,26.9,5.38
474,1,2020-01-18 12:03:00,46.2,9.24
475,14,2020-01-18 12:11:00,77.9,15.58
476,14,2020-01-18 12:13:00,19.4,3.88
477,10,2020-01-18 12:21:00,8.7,1.74
478,10,2020-01-18 12:34:00,92.5,18.5
479,3,2020-01-18 12:35:00,10.1,2.02
480,5,2020-01-18 13:00:00,2.4,0.48
481,12,2020-01-18 13:03:00,10.1,2.02
482,12,2020-01-18 13:29:00,11.7,2.34
483,10,2020-01-18 13:58:00,4.8,0.96
484,68,2020-01-18 14:14:00,45.5,9.1
485,1,2020-01-18 14:27:00,63.5,12.7
486,12,2020-01-18 14:44:00,39.4,7.88
487,1,2020-01-18 14:50:00,8.5,1.7
488,67,2020-01-18 14:55:00,17.6,3.52
489,4,2020-01-18 15:25:00,113.1,22.62
490,67,2020-01-18 15:45:00,2.1,0.42
491,68,2020-01-18 16:13:00,66.2,13.24
492,1,2020-01-18 16:42:00,103.7,20.74
493,7,2020-01-18 17:06:00,184.3,36.86
494,5,2020-01-18 17:33:00,60.2,12.04
495,5,2020-01-18 17:52:00,10.9,2.18
496,8,2020-01-18 18:05:00,20.9,4.18
497,13,2020-01-18 18:10:00,6.7,1.34
498,3,2020-01-18 18:24:00,34.7,6.94
499,2,2020-01-18 18:40:00,18.0,3.6
500,8,2020-01-18 19:04:00,2.1,0.42
501,7,2020-01-18 19:25:00,266.7,53.34
502,1,2020-01-18 19:53:00,37.2,7.44
503,5,2020-01-18 19:55:00,214.7,42.94
504,8,2020-01-18 19:58:00,31.6,6.32
505,7,2020-01-18 20:14:00,28.2,5.64
506,68,2020-01-18 20:27:00,14.1,2.82
507,5,2020-01-18 20:57:00,18.4,3.68
508,8,2020-01-18 21:24:00,154.7,30.94
509,0,2020-01-18 21:52:00,19.5,3.9
510,8,2020-01-18 22:22:00,36.7,7.34
511,3,2020-01-18 22:38:00,30.7,6.14
512,12,2020-01-18 22:44:00,58.5,11.7
513,67,2020-01-19 11:27:00,222.7,44.54
514,12,2020-01-19 12:06:00,17.3,3.46
515,7,2020-01-19 13:01:00,14.6,2.92
516,6,2020-01-19 13:41:00,101.2,20.24
517,14,2020-01-19 14:29:00,2.6,0.52
518,1,2020-01-19 15:15:00,55.4,11.08
519,1,2020-01-19 16:04:00,29.5,5.9
520,8,2020-01-19 16:55:00,109.6,21.92
521,3,2020-01-19 17:32:00,4.6,0.92
522,6,2020-01-19 18:24:00,31.1,6.22
523,9,2020-01-19 18:32:00,10.1,2.02
524,2,2020-01-19 19:00:00,192.6,38.52
525,4,2020-01-19 19:51:00,45.7,9.14
526,14,2020-01-19 20:43:00,112.0,22.4
527,7,2020-01-19 21:20:00,15.9,3.18
528,67,2020-01-19 21:36:00,131.4,26.28
529,5,2020-01-19 22:28:00,2.1,0.42
530,3,2020-01-20 10:56:00,13.2,2.64
531,2,2020-01-20 11:55:00,59.0,11.8
532,14,2020-01-20 12:40:00,4.3,0.86
533,2,2020-01-20 13:38:00,52.3,10.46
534,5,2020-01-20 13:53:00,44.0,8.8
535,7,2020-01-20 14:25:00,128.2,25.64
536,7,2020-01-20 14:58:00,133.7,26.74
537,68,2020-01-20 15:24:00,17.2,3.44
538,3,2020-01-20 15:57:00,10.1,2.02
539,7,2020-01-20 16:26:00,4.5,0.9
540,12,2020-01-20 16:44:00,13.1,2.62
541,12,2020-01-20 16:50:00,165.8,33.16
542,5,2020-01-20 17:16:00,26.5,5.3
543,3,2020-01-20 17:28:00,22.7,4.54
544,67,2020-01-20 17:30:00,21.7,4.34
545,6,2020-01-20 18:29:00,47.6,9.52
546,8,2020-01-20 19:13:00,376.0,75.2
547,0,2020-01-20 19:38:00,48.1,9.62
548,10,2020-01-20 20:21:00,24.9,4.98
549,5,2020-01-20 21:17:00,16.4,3.28
550,8,2020-01-20 21:21:00,35.8,7.16
551,3,2020-01-20 21:31:00,25.5,5.1
552,7,2020-01-20 21:39:00,11.7,2.34
553,10,2020-01-20 22:27:00,30.7,6.14
554,1,2020-01-21 10:39:00,4.5,0.9
555,67,2020-01-21 11:30:00,22.3,4.46
556,14,2020-01-21 11:53:00,20.0,4.0
557,2,2020-01-21 12:35:00,20.2,4.04
558,8,2020-01-21 13:22:00,266.9,53.38
559,10,2020-01-21 13:38:00,17.6,3.52
560,10,2020-01-21 13:46:00,13.2,2.64
561,2,2020-01-21 14:27:00,144.5,28.9
562,6,2020-01-21 14:46:00,61.1,12.22
563,1,2020-01-21 15:27:00,109.6,21.92
564,14,2020-01-21 16:22:00,34.2,6.84
565,1,2020-01-21 16:28:00,4.8,0.96
566,68,2020-01-21 16:33:00,13.8,2.76
567,12,2020-01-21 16:36:00,17.1,3.42
568,14,2020-01-21 17:14:00,8.5,1.7
569,0,2020-01-21 17:44:00,111.9,22.38
570,10,2020-01-21 18:27:00,47.0,9.4
571,12,2020-01-21 18:57:00,2.4,0.48
572,2,2020-01-21 19:03:00,17.3,3.46
573,5,2020-01-21 19:27:00,44.0,8.8
574,3,2020-01-21 20:24:00,17.1,3.42
575,6,2020-01-21 20:59:00,10.0,2.0
576,13,2020-01-21 21:56:00,50.5,10.1
577,10,2020-01-21 22:20:00,8.7,1.74
578,10,2020-01-21 22:32:00,45.5,9.1
579,10,2020-01-22 10:33:00,7.1,1.42
580,10,2020-01-22 10:43:00,160.1,32.02
581,10,2020-01-22 10:47:00,2.6,0.52
582,1,2020-01-22 11:20:00,21.3,4.26
583,12,2020-01-22 12:06:00,28.7,5.74
584,14,2020-01-22 12:40:00,46.1,9.22
585,2,2020-01-22 12:59:00,63.2,12.64
586,0,2020-01-22 13:06:00,272.0,54.4
587,9,2020-01-22 13:28:00,74.7,14.94
588,8,2020-01-22 14:09:00,32.9,6.58
589,9,2020-01-22 15:06:00,113.1,22.62
590,3,2020-01-22 15:27:00,60.2,12.04
591,1,2020-01-22 15:33:00,145.6,29.12
592,12,2020-01-22 15:53:00,44.0,8.8
593,10,2020-01-22 15:59:00,178.8,35.76
594,8,2020-01-22 16:16:00,95.8,19.16
595,10,2020-01-22 16:24:00,173.3,34.66
596,13,2020-01-22 17:06:00,9.6,1.92
597,3,2020-01-22 18:06:00,335.7,67.14
598,4,2020-01-22 18:11:00,61.0,12.2
599,4,2020-01-22 19:09:00,150.8,30.16
600,8,2020-01-22 19:18:00,27.3,5.46
601,68,2020-01-22 20:07:00,8.5,1.7
602,0,2020-01-22 20:59:00,11.7,2.34
603,1,2020-01-22 21:30:00,25.6,5.12
604,3,2020-01-22 22:00:00,210.3,42.06
605,10,2020-01-22 22:27:00,25.2,5.04
606,2,2020-01-22 22:43:00,63.5,12.7
607,3,2020-01-23 10:32:00,66.5,13.3
608,5,2020-01-23 11:18:00,9.6,1.92
609,2,2020-01-23 11:46:00,65.5,13.1
610,67,2020-01-23 12:33:00,14.9,2.98
611,14,2020-01-23 13:23:00,21.7,4.34
612,2,2020-01-23 13:50:00,8.5,1.7
613,12,2020-01-23 14:39:00,301.6,60.32
614,7,2020-01-23 15:12:00,178.9,35.78
615,5,2020-01-23 15:31:00,113.5,22.7
616,10,2020-01-23 16:04:00,15.8,3.16
617,10,2020-01-23 16:36:00,12.5,2.5
618,1,2020-01-23 17:12:00,147.8,29.56
619,0,2020-01-23 17:51:00,64.4,12.88
620,4,2020-01-23 18:38:00,2.4,0.48
621,0,2020-01-23 19:28:00,35.8,7.16
622,4,2020-01-23 19:40:00,15.7,3.14
623,0,2020-01-23 20:08:00,55.4,11.08
624,68,2020-01-23 20:31:00,10.2,2.04
625,13,2020-01-23 20:35:00,135.6,27.12
626,7,2020-01-23 21:13:00,55.7,11.14
627,2,2020-01-23 21:13:00,63.2,12.64
628,8,2020-01-23 21:29:00,37.9,7.58
629,12,2020-01-23 21:33:00,49.2,9.84
630,10,2020-01-23 22:14:00,8.5,1.7
631,6,2020-01-23 22:36:00,24.7,4.94
632,4,2020-01-24 10:31:00,7.1,1.42
633,0,2020-01-24 11:15:00,139.0,27.8
634,67,2020-01-24 11:46:00,2.4,0.48
635,7,2020-01-24 12:15:00,139.4,27.88
636,4,2020-01-24 12:56:00,130.7,26.14
637,12,2020-01-24 13:44:00,130.7,26.14
638,6,2020-01-24 14:10:00,37.3,7.46
639,2,2020-01-24 15:07:00,24.0,4.8
640,12,2020-01-24 15:55:00,27.8,5.56
641,6,2020-01-24 16:16:00,165.6,33.12
642,8,2020-01-24 16:51:00,5.4,1.08
643,9,2020-01-24 17:03:00,66.3,13.26
644,67,2020-01-24 17:30:00,11.7,2.34
645,1,2020-01-24 18:17:00,61.0,12.2
646,14,2020-01-24 18:54:00,8.5,1.7
647,67,2020-01-24 18:54:00,8.5,1.7
648,9,2020-01-24 19:53:00,8.5,1.7
649,5,2020-01-24 19:56:00,69.2,13.84
650,3,2020-01-24 20:26:00,133.8,26.76
651,7,2020-01-24 21:20:00,45.5,9.1
652,0,2020-01-24 21:23:00,126.3,25.26
653,10,2020-01-24 22:18:00,21.3,4.26
654,6,2020-01-24 22:31:00,34.7,6.94
655,13,2020-01-25 10:55:00,46.1,9.22
656,67,2020-01-25 11:18:00,12.5,2.5
657,9,2020-01-25 11:21:00,119.8,23.96
658,13,2020-01-25 11:45:00,61.6,12.32
659,68,2020-01-25 12:00:00,8.0,1.6
660,3,2020-01-25 12:26:00,29.4,5.88
661,10,2020-01-25 12:41:00,19.9,3.98
662,68,2020-01-25 12:45:00,18.6,3.72
663,8,2020-01-25 12:54:00,75.6,15.12
664,4,2020-01-25 13:19:00,42.2,8.44
665,7,2020-01-25 13:29:00,196.9,39.38
666,6,2020-01-25 13:32:00,97.9,19.58
667,8,2020-01-25 13:56:00,13.1,2.62
668,4,2020-01-25 14:26:00,4.5,0.9
669,12,2020-01-25 14:50:00,15.6,3.12
670,9,2020-01-25 15:13:00,33.7,6.74
671,5,2020-01-25 15:21:00,65.7,13.14
672,5,2020-01-25 15:40:00,19.6,3.92
673,14,2020-01-25 15:58:00,113.7,22.74
674,8,2020-01-25 16:23:00,67.3,13.46
675,4,2020-01-25 16:52:00,376.9,75.38
676,5,2020-01-25 16:55:00,2.1,0.42
677,2,2020-01-25 16:57:00,67.8,13.56
678,13,2020-01-25 17:16:00,15.3,3.06
679,6,2020-01-25 17:36:00,22.5,4.5
680,7,2020-01-25 18:02:00,2.4,0.48
681,7,2020-01-25 18:25:00,159.2,31.84
682,9,2020-01-25 18:35:00,13.2,2.64
683,68,2020-01-25 18:56:00,11.7,2.34
684,2,2020-01-25 19:21:00,27.7,5.54
685,6,2020-01-25 19:51:00,16.3,3.26
686,1,2020-01-25 20:13:00,14.1,2.82
687,7,2020-01-25 20:24:00,23.3,4.66
688,9,2020-01-25 20:53:00,13.7,2.74
689,68,2020-01-25 21:04:00,10.9,2.18
690,6,2020-01-25 21:19:00,77.3,15.46
691,7,2020-01-25 21:29:00,22.6,4.52
692,13,2020-01-25 21:52:00,5.4,1.08
693,67,2020-01-25 22:08:00,29.1,5.82
694,5,2020-01-25 22:35:00,408.4,81.68
695,8,2020-01-25 22:55:00,117.0,23.4
696,4,2020-01-25 22:55:00,67.8,13.56
697,68,2020-01-26 11:16:00,12.1,2.42
698,8,2020-01-26 12:09:00,2.1,0.42
699,8,2020-01-26 13:00:00,45.6,9.12
700,9,2020-01-26 13:11:00,177.2,35.44
701,14,2020-01-26 13:50:00,51.4,10.28
702,3,2020-01-26 13:56:00,2.4,0.48
703,3,2020-01-26 14:51:00,71.7,14.34
704,13,2020-01-26 15:16:00,31.3,6.26
705,3,2020-01-26 15:18:00,23.0,4.6
706,10,2020-01-26 15:20:00,28.4,5.68
707,2,2020-01-26 16:12:00,332.6,66.52
708,68,2020-01-26 16:53:00,35.4,7.08
709,68,2020-01-26 17:50:00,56.5,11.3
710,13,2020-01-26 18:12:00,171.7,34.34
711,14,2020-01-26 18:50:00,16.1,3.22
712,8,2020-01-26 18:57:00,62.2,12.44
713,6,2020-01-26 19:51:00,18.3,3.66
714,4,2020-01-26 19:57:00,2.4,0.48
715,10,2020-01-26 19:58:00,122.4,24.48
716,2,2020-01-26 20:27:00,258.4,51.68
717,3,2020-01-26 20:44:00,111.7,22.34
718,14,2020-01-26 21:34:00,66.1,13.22
719,12,2020-01-26 21:38:00,11.8,2.36
720,12,2020-01-26 22:36:00,2.4,0.48
721,0,2020-01-27 10:29:00,30.0,6.0
722,9,2020-01-27 10:30:00,2.2,0.44
723,7,2020-01-27 11:11:00,2.4,0.48
724,5,2020-01-27 11:39:00,7.8,1.56
725,2,2020-01-27 12:24:00,163.0,32.6
726,1,2020-01-27 12:38:00,190.0,38.0
727,13,2020-01-27 13:32:00,23.9,4.78
728,12,2020-01-27 14:04:00,25.0,5.0
729,8,2020-01-27 14:13:00,14.9,2.98
730,12,2020-01-27 14:23:00,8.5,1.7
731,8,2020-01-27 14:56:00,94.3,18.86
732,3,2020-01-27 15:29:00,113.8,22.76
733,10,2020-01-27 15:36:00,128.4,25.68
734,0,2020-01-27 15:52:00,16.5,3.3
735,10,2020-01-27 15:53:00,54.0,10.8
736,14,2020-01-27 16:53:00,116.7,23.34
737,0,2020-01-27 17:53:00,18.0,3.6
738,68,2020-01-27 18:12:00,22.8,4.56
739,8,2020-01-27 18:42:00,10.9,2.18
740,10,2020-01-27 19:24:00,10.8,2.16
741,6,2020-01-27 19:34:00,129.2,25.84
742,5,2020-01-27 19:42:00,5.6,1.12
743,68,2020-01-27 20:12:00,14.6,2.92
744,13,2020-01-27 20:52:00,44.0,8.8
745,1,2020-01-27 21:22:00,258.2,51.64
746,2,2020-01-27 22:21:00,2.6,0.52
747,14,2020-01-27 22:52:00,192.1,38.42
748,7,2020-01-28 10:15:00,18.2,3.64
749,10,2020-01-28 10:23:00,27.8,5.56
750,9,2020-01-28 10:53:00,112.6,22.52
751,7,2020-01-28 11:15:00,10.0,2.0
752,8,2020-01-28 11:43:00,29.4,5.88
753,10,2020-01-28 12:02:00,67.8,13.56
754,4,2020-01-28 12:04:00,112.9,22.58
755,5,2020-01-28 12:24:00,118.4,23.68
756,10,2020-01-28 12:57:00,2.1,0.42
757,7,2020-01-28 13:18:00,16.5,3.3
758,7,2020-01-28 14:10:00,67.2,13.44
759,1,2020-01-28 14:22:00,45.5,9.1
760,12,2020-01-28 14:27:00,234.2,46.84
761,10,2020-01-28 14:36:00,78.9,15.78
762,2,2020-01-28 15:34:00,6.6,1.32
763,3,2020-01-28 15:43:00,19.6,3.92
764,14,2020-01-28 16:08:00,71.0,14.2
765,67,2020-01-28 17:05:00,2.2,0.44
766,12,2020-01-28 17:33:00,31.6,6.32
767,10,2020-01-28 17:36:00,167.1,33.42
768,2,2020-01-28 18:04:00,202.1,40.42
769,4,2020-01-28 18:14:00,2.4,0.48
770,6,2020-01-28 18:59:00,204.5,40.9
771,1,2020-01-28 19:15:00,47.6,9.52
772,68,2020-01-28 19:20:00,45.5,9.1
773,12,2020-01-28 19:39:00,5.6,1.12
774,6,2020-01-28 20:14:00,18.5,3.7
775,67,2020-01-28 20:32:00,110.5,22.1
776,0,2020-01-28 20:45:00,58.7,11.74
777,2,2020-01-28 21:00:00,4.6,0.92
778,9,2020-01-28 21:54:00,47.0,9.4
779,4,2020-01-28 22:45:00,313.2,62.64
780,1,2020-01-28 22:57:00,2.4,0.48
781,10,2020-01-29 10:21:00,52.6,10.52
782,3,2020-01-29 11:14:00,155.2,31.04
783,8,2020-01-29 11:56:00,30.2,6.04
784,13,2020-01-29 12:18:00,16.3,3.26
785,5,2020-01-29 12:56:00,2.1,0.42
786,6,2020-01-29 13:24:00,12.3,2.46
787,3,2020-01-29 14:15:00,60.5,12.1
788,14,2020-01-29 14:43:00,48.6,9.72
789,12,2020-01-29 14:53:00,11.7,2.34
790,6,2020-01-29 15:45:00,92.8,18.56
791,67,2020-01-29 16:29:00,113.1,22.62
792,68,2020-01-29 16:41:00,40.4,8.08
793,0,2020-01-29 17:18:00,44.0,8.8
794,3,2020-01-29 17:45:00,8.5,1.7
795,13,2020-01-29 17:47:00,23.1,4.62
796,8,2020-01-29 18:31:00,13.2,2.64
797,5,2020-01-29 19:11:00,34.8,6.96
798,14,2020-01-29 19:33:00,17.3,3.46
799,12,2020-01-29 19:41:00,340.5,68.1
800,67,2020-01-29 20:17:00,242.0,48.4
801,0,2020-01-29 20:49:00,119.2,23.84
802,9,2020-01-29 21:15:00,22.2,4.44
803,10,2020-01-29 21:48:00,13.3,2.66
804,6,2020-01-29 22:25:00,17.0,3.4
805,68,2020-01-30 10:47:00,16.2,3.24
806,7,2020-01-30 11:11:00,15.6,3.12
807,8,2020-01-30 12:04:00,17.8,3.56
808,6,2020-01-30 13:00:00,30.6,6.12
809,4,2020-01-30 13:07:00,125.2,25.04
810,5,2020-01-30 13:34:00,4.8,0.96
811,5,2020-01-30 13:55:00,35.9,7.18
812,12,2020-01-30 14:45:00,36.7,7.34
813,8,2020-01-30 15:22:00,2.1,0.42
814,6,2020-01-30 15:22:00,22.9,4.58
815,1,2020-01-30 15:44:00,103.8,20.76
816,67,2020-01-30 16:28:00,43.3,8.66
817,8,2020-01-30 17:12:00,178.8,35.76
818,13,2020-01-30 18:12:00,11.7,2.34
819,10,2020-01-30 18:44:00,11.5,2.3
820,1,2020-01-30 19:00:00,14.1,2.82
821,12,2020-01-30 19:13:00,22.4,4.48
822,12,2020-01-30 19:17:00,11.7,2.34
823,0,2020-01-30 20:17:00,2.4,0.48
824,5,2020-01-30 20:50:00,4.2,0.84
825,10,2020-01-30 21:48:00,106.7,21.34
826,1,2020-01-30 22:24:00,134.5,26.9
827,2,2020-01-30 22:38:00,57.2,11.44
828,6,2020-01-31 10:42:00,128.7,25.74
829,7,2020-01-31 11:04:00,25.1,5.02
830,0,2020-01-31 11:38:00,65.2,13.04
831,67,2020-01-31 12:00:00,13.2,2.64
832,2,2020-01-31 12:25:00,25.5,5.1
833,13,2020-01-31 12:45:00,15.9,3.18
834,5,2020-01-31 13:45:00,10.6,2.12
835,67,2020-01-31 14:38:00,71.8,14.36
836,5,2020-01-31 15:29:00,8.5,1.7
837,4,2020-01-31 16:07:00,23.3,4.66
838,8,2020-01-31 16:29:00,2.4,0.48
839,10,2020-01-31 16:45:00,23.2,4.64
840,5,2020-01-31 17:37:00,161.5,32.3
841,12,2020-01-31 18:34:00,4.6,0.92
842,3,2020-01-31 18:41:00,147.4,29.48
843,4,2020-01-31 19:18:00,120.7,24.14
844,14,2020-01-31 19:29:00,252.1,50.42
845,67,2020-01-31 20:18:00,14.6,2.92
846,13,2020-01-31 21:05:00,13.2,2.64
847,68,2020-01-31 21:36:00,10.6,2.12
848,67,2020-01-31 22:20:00,2.4,0.48
849,0,2020-01-31 22:22:00,129.5,25.9
850,1,2020-02-01 11:00:00,30.3,6.06
851,9,2020-02-01 11:17:00,24.8,4.96
852,68,2020-02-01 11:18:00,56.5,11.3
853,14,2020-02-01 11:27:00,15.6,3.12
854,3,2020-02-01 11:53:00,17.0,3.4
855,13,2020-02-01 12:16:00,173.1,34.62
856,10,2020-02-01 12:23:00,2.4,0.48
857,1,2020-02-01 12:30:00,13.3,2.66
858,3,2020-02-01 12:43:00,28.1,5.62
859,5,2020-02-01 13:01:00,72.7,14.54
860,13,2020-02-01 13:05:00,102.2,20.44
861,67,2020-02-01 13:05:00,74.0,14.8
862,6,2020-02-01 13:16:00,21.0,4.2
863,0,2020-02-01 13:37:00,44.0,8.8
864,13,2020-02-01 14:03:00,23.1,4.62
865,6,2020-02-01 14:22:00,46.6,9.32
866,1,2020-02-01 14:45:00,80.8,16.16
867,1,2020-02-01 15:14:00,11.4,2.28
868,8,2020-02-01 15:33:00,93.6,18.72
869,2,2020-02-01 16:03:00,60.9,12.18
870,7,2020-02-01 16:12:00,15.6,3.12
871,9,2020-02-01 16:22:00,26.5,5.3
872,7,2020-02-01 16:36:00,33.4,6.68
873,5,2020-02-01 17:05:00,14.6,2.92
874,5,2020-02-01 17:14:00,2.4,0.48
875,9,2020-02-01 17:21:00,136.9,27.38
876,68,2020-02-01 17:26:00,44.0,8.8
877,12,2020-02-01 17:40:00,2.6,0.52
878,12,2020-02-01 17:56:00,21.8,4.36
879,13,2020-02-01 18:01:00,44.0,8.8
880,9,2020-02-01 18:12:00,29.5,5.9
881,14,2020-02-01 18:31:00,13.2,2.64
882,0,2020-02-01 18:53:00,48.6,9.72
883,6,2020-02-01 19:16:00,17.5,3.5
884,9,2020-02-01 19:37:00,2.4,0.48
885,9,2020-02-01 19:54:00,31.4,6.28
886,5,2020-02-01 20:14:00,2.1,0.42
887,4,2020-02-01 20:32:00,8.5,1.7
888,7,2020-02-01 20:47:00,20.7,4.14
889,1,2020-02-01 21:16:00,13.3,2.66
890,3,2020-02-01 21:27:00,8.7,1.74
891,6,2020-02-01 21:38:00,19.3,3.86
892,5,2020-02-01 21:40:00,26.5,5.3
893,68,2020-02-01 21:52:00,23.4,4.68
894,68,2020-02-01 22:21:00,101.0,20.2
895,1,2020-02-01 22:31:00,27.1,5.42
896,9,2020-02-01 22:55:00,23.3,4.66
897,67,2020-02-02 11:08:00,55.4,11.08
898,0,2020-02-02 11:30:00,53.0,10.6
899,8,2020-02-02 12:27:00,16.5,3.3
900,67,2020-02-02 12:40:00,12.7,2.54
901,6,2020-02-02 13:11:00,12.2,2.44
902,68,2020-02-02 13:40:00,287.1,57.42
903,14,2020-02-02 13:47:00,125.0,25.0
904,6,2020-02-02 14:47:00,12.3,2.46
905,13,2020-02-02 15:17:00,211.2,42.24
906,8,2020-02-02 16:05:00,21.0,4.2
907,1,2020-02-02 16:34:00,13.1,2.62
908,3,2020-02-02 17:07:00,25.4,5.08
909,5,2020-02-02 17:18:00,222.2,44.44
910,67,2020-02-02 17:51:00,117.6,23.52
911,3,2020-02-02 17:54:00,6.6,1.32
912,68,2020-02-02 18:46:00,33.1,6.62
913,68,2020-02-02 18:55:00,4.2,0.84
914,2,2020-02-02 19:04:00,15.3,3.06
915,5,2020-02-02 19:07:00,19.1,3.82
916,1,2020-02-02 19:50:00,22.6,4.52
917,7,2020-02-02 19:55:00,121.7,24.34
918,10,2020-02-02 20:21:00,40.4,8.08
919,1,2020-02-02 21:07:00,8.7,1.74
920,8,2020-02-02 21:50:00,135.6,27.12
921,0,2020-02-02 22:45:00,11.7,2.34
922,12,2020-02-03 10:59:00,157.6,31.52
923,2,2020-02-03 11:39:00,5.0,1.0
924,3,2020-02-03 12:16:00,16.5,3.3
925,1,2020-02-03 12:33:00,18.6,3.72
926,5,2020-02-03 13:27:00,36.5,7.3
927,4,2020-02-03 14:01:00,24.7,4.94
928,8,2020-02-03 14:08:00,20.8,4.16
929,5,2020-02-03 14:17:00,45.0,9.0
930,13,2020-02-03 14:55:00,192.4,38.48
931,5,2020-02-03 15:34:00,47.0,9.4
932,1,2020-02-03 16:23:00,65.7,13.14
933,12,2020-02-03 17:15:00,61.6,12.32
934,1,2020-02-03 17:26:00,57.7,11.54
935,5,2020-02-03 18:10:00,10.1,2.02
936,10,2020-02-03 18:24:00,30.3,6.06
937,12,2020-02-03 18:54:00,109.6,21.92
938,10,2020-02-03 19:38:00,120.2,24.04
939,4,2020-02-03 20:38:00,8.5,1.7
940,9,2020-02-03 21:33:00,26.1,5.22
941,0,2020-02-03 21:50:00,29.3,5.86
942,0,2020-02-03 22:19:00,27.5,5.5
943,2,2020-02-04 10:58:00,43.7,8.74
944,13,2020-02-04 11:08:00,27.0,5.4
945,10,2020-02-04 11:18:00,2.4,0.48
946,1,2020-02-04 11:54:00,57.7,11.54
947,68,2020-02-04 12:14:00,133.6,26.72
948,0,2020-02-04 12:42:00,33.2,6.64
949,9,2020-02-04 12:43:00,111.2,22.24
950,9,2020-02-04 13:43:00,105.1,21.02
951,9,2020-02-04 14:03:00,35.8,7.16
952,2,2020-02-04 14:30:00,132.5,26.5
953,67,2020-02-04 15:02:00,112.9,22.58
954,68,2020-02-04 15:38:00,140.4,28.08
955,67,2020-02-04 15:49:00,10.6,2.12
956,68,2020-02-04 16:11:00,71.0,14.2
957,1,2020-02-04 16:36:00,26.8,5.36
958,10,2020-02-04 17:33:00,62.4,12.48
959,8,2020-02-04 18:13:00,151.5,30.3
960,68,2020-02-04 18:55:00,12.7,2.54
961,1,2020-02-04 19:29:00,17.9,3.58
962,6,2020-02-04 19:42:00,32.6,6.52
963,7,2020-02-04 20:15:00,107.5,21.5
964,7,2020-02-04 20:18:00,68.5,13.7
965,13,2020-02-04 21:05:00,49.6,9.92
966,7,2020-02-04 21:40:00,4.8,0.96
967,12,2020-02-04 22:20:00,22.6,4.52
968,8,2020-02-04 22:44:00,236.1,47.22
969,0,2020-02-04 22:46:00,23.3,4.66
970,14,2020-02-04 22:53:00,114.9,22.98
971,67,2020-02-05 10:17:00,2.4,0.48
972,12,2020-02-05 10:34:00,32.6,6.52
973,12,2020-02-05 11:22:00,150.2,30.04
974,12,2020-02-05 11:45:00,150.9,30.18
975,1,2020-02-05 12:04:00,10.5,2.1
976,7,2020-02-05 12:51:00,218.7,43.74
977,9,2020-02-05 13:47:00,8.5,1.7
978,10,2020-02-05 13:49:00,46.4,9.28
979,13,2020-02-05 13:53:00,75.7,15.14
980,8,2020-02-05 14:12:00,14.7,2.94
981,14,2020-02-05 14:52:00,120.4,24.08
982,13,2020-02-05 15:31:00,55.6,11.12
983,1,2020-02-05 15:32:00,67.4,13.48
984,13,2020-02-05 16:26:00,13.2,2.64
985,4,2020-02-05 16:27:00,115.7,23.14
986,1,2020-02-05 16:47:00,39.6,7.92
987,67,2020-02-05 16:51:00,47.9,9.58
988,0,2020-02-05 17:42:00,16.5,3.3
989,10,2020-02-05 18:29:00,20.6,4.12
990,9,2020-02-05 19:04:00,98.6,19.72
991,8,2020-02-05 19:37:00,2.1,0.42
992,1,2020-02-05 20:02:00,59.1,11.82
993,13,2020-02-05 20:19:00,55.4,11.08
994,2,2020-02-05 21:17:00,4.5,0.9
995,67,2020-02-05 21:28:00,167.8,33.56
996,68,2020-02-05 22:13:00,36.3,7.26
997,5,2020-02-05 22:49:00,14.9,2.98
998,5,2020-02-06 11:00:00,58.1,11.62
999,1,2020-02-06 11:31:00,156.8,31.36
1000,12,2020-02-06 12:31:00,19.8,3.96
1001,10,2020-02-06 13:21:00,16.3,3.26
1002,13,2020-02-06 14:18:00,278.2,55.64
1003,13,2020-02-06 14:33:00,25.7,5.14
1004,67,2020-02-06 15:08:00,14.8,2.96
1005,8,2020-02-06 15:28:00,2.4,0.48
1006,14,2020-02-06 16:22:00,13.8,2.76
1007,4,2020-02-06 16:47:00,27.1,5.42
1008,12,2020-02-06 16:59:00,13.7,2.74
1009,10,2020-02-06 17:34:00,2.4,0.48
1010,9,2020-02-06 18:30:00,13.6,2.72
1011,8,2020-02-06 18:46:00,209.4,41.88
1012,13,2020-02-06 19:34:00,55.5,11.1
1013,14,2020-02-06 20:01:00,66.6,13.32
1014,8,2020-02-06 20:36:00,8.5,1.7
1015,6,2020-02-06 20:54:00,89.5,17.9
1016,4,2020-02-06 21:33:00,126.2,25.24
1017,9,2020-02-06 21:33:00,122.9,24.58
1018,6,2020-02-06 21:54:00,237.9,47.58
1019,14,2020-02-06 22:36:00,52.4,10.48
1020,1,2020-02-07 10:40:00,11.4,2.28
1021,13,2020-02-07 10:56:00,80.8,16.16
1022,14,2020-02-07 11:50:00,98.6,19.72
1023,68,2020-02-07 12:47:00,11.7,2.34
1024,6,2020-02-07 13:44:00,21.5,4.3
1025,3,2020-02-07 14:26:00,260.3,52.06
1026,3,2020-02-07 14:51:00,23.2,4.64
1027,14,2020-02-07 15:09:00,15.1,3.02
1028,68,2020-02-07 15:31:00,58.7,11.74
1029,5,2020-02-07 15:32:00,11.7,2.34
1030,1,2020-02-07 15:34:00,13.0,2.6
1031,10,2020-02-07 16:21:00,2.4,0.48
1032,67,2020-02-07 16:41:00,10.0,2.0
1033,9,2020-02-07 17:27:00,6.9,1.38
1034,13,2020-02-07 18:09:00,65.3,13.06
1035,13,2020-02-07 18:23:00,8.5,1.7
1036,67,2020-02-07 19:23:00,122.3,24.46
1037,4,2020-02-07 19:30:00,91.0,18.2
1038,9,2020-02-07 20:13:00,163.1,32.62
1039,14,2020-02-07 20:41:00,25.2,5.04
1040,8,2020-02-07 20:43:00,117.8,23.56
1041,8,2020-02-07 21:34:00,8.0,1.6
1042,13,2020-02-07 22:32:00,4.5,0.9
1043,9,2020-02-07 22:43:00,22.1,4.42
1044,6,2020-02-08 10:55:00,12.2,2.44
1045,12,2020-02-08 11:15:00,6.6,1.32
1046,12,2020-02-08 11:44:00,13.5,2.7
1047,67,2020-02-08 12:06:00,10.9,2.18
1048,2,2020-02-08 12:06:00,159.7,31.94
1049,4,2020-02-08 12:36:00,91.0,18.2
1050,13,2020-02-08 13:05:00,9.1,1.82
1051,3,2020-02-08 13:05:00,294.5,58.9
1052,13,2020-02-08 13:18:00,11.1,2.22
1053,1,2020-02-08 13:38:00,18.6,3.72
1054,0,2020-02-08 13:59:00,15.6,3.12
1055,13,2020-02-08 14:21:00,10.1,2.02
1056,0,2020-02-08 14:23:00,68.5,13.7
1057,0,2020-02-08 14:47:00,70.0,14.0
1058,1,2020-02-08 14:59:00,29.4,5.88
1059,10,2020-02-08 15:23:00,11.4,2.28
1060,1,2020-02-08 15:45:00,7.8,1.56
1061,14,2020-02-08 15:55:00,24.8,4.96
1062,68,2020-02-08 16:24:00,2.1,0.42
1063,7,2020-02-08 16:43:00,46.1,9.22
1064,7,2020-02-08 17:05:00,371.3,74.26
1065,3,2020-02-08 17:32:00,173.2,34.64
1066,7,2020-02-08 17:37:00,14.7,2.94
1067,14,2020-02-08 17:58:00,17.2,3.44
1068,5,2020-02-08 17:58:00,253.6,50.72
1069,12,2020-02-08 18:25:00,21.0,4.2
1070,8,2020-02-08 18:36:00,118.6,23.72
1071,0,2020-02-08 18:51:00,2.1,0.42
1072,68,2020-02-08 18:56:00,10.7,2.14
1073,10,2020-02-08 19:00:00,20.6,4.12
1074,3,2020-02-08 19:15:00,136.5,27.3
1075,13,2020-02-08 19:22:00,44.0,8.8
1076,10,2020-02-08 19:42:00,46.1,9.22
1077,3,2020-02-08 20:00:00,54.4,10.88
1078,4,2020-02-08 20:25:00,30.0,6.0
1079,8,2020-02-08 20:49:00,13.2,2.64
1080,4,2020-02-08 21:19:00,65.5,13.1
1081,13,2020-02-08 21:35:00,19.1,3.82
1082,0,2020-02-08 21:58:00,21.6,4.32
1083,1,2020-02-08 22:09:00,261.3,52.26
1084,68,2020-02-08 22:33:00,175.8,35.16
1085,14,2020-02-08 22:52:00,6.6,1.32
1086,0,2020-02-09 11:29:00,4.5,0.9
1087,67,2020-02-09 12:14:00,121.6,24.32
1088,5,2020-02-09 12:27:00,136.8,27.36
1089,14,2020-02-09 12:29:00,164.0,32.8
1090,67,2020-02-09 12:49:00,59.6,11.92
1091,68,2020-02-09 12:54:00,50.1,10.02
1092,7,2020-02-09 13:28:00,15.3,3.06
1093,2,2020-02-09 14:03:00,5.4,1.08
1094,3,2020-02-09 14:28:00,8.5,1.7
1095,6,2020-02-09 15:06:00,108.9,21.78
1096,12,2020-02-09 15:06:00,19.9,3.98
1097,13,2020-02-09 15:54:00,11.2,2.24
1098,68,2020-02-09 16:38:00,26.8,5.36
1099,7,2020-02-09 17:18:00,4.6,0.92
1100,8,2020-02-09 17:41:00,242.0,48.4
1101,3,2020-02-09 18:41:00,8.7,1.74
1102,10,2020-02-09 19:22:00,23.6,4.72
1103,1,2020-02-09 20:05:00,15.4,3.08
1104,8,2020-02-09 21:00:00,226.9,45.38
1105,67,2020-02-09 21:40:00,27.3,5.46
1106,10,2020-02-09 22:37:00,13.6,2.72
1107,13,2020-02-10 10:29:00,8.5,1.7
1108,3,2020-02-10 11:15:00,4.2,0.84
1109,9,2020-02-10 11:56:00,16.5,3.3
1110,8,2020-02-10 12:11:00,19.1,3.82
1111,3,2020-02-10 12:45:00,2.4,0.48
1112,12,2020-02-10 13:35:00,22.6,4.52
1113,12,2020-02-10 14:22:00,17.8,3.56
1114,4,2020-02-10 15:14:00,59.2,11.84
1115,4,2020-02-10 15:24:00,163.7,32.74
1116,1,2020-02-10 16:07:00,30.2,6.04
1117,4,2020-02-10 16:45:00,150.9,30.18
1118,68,2020-02-10 17:13:00,47.9,9.58
1119,10,2020-02-10 17:25:00,11.7,2.34
1120,0,2020-02-10 18:25:00,21.6,4.32
1121,3,2020-02-10 19:03:00,15.6,3.12
1122,68,2020-02-10 19:58:00,18.6,3.72
1123,7,2020-02-10 20:05:00,8.7,1.74
1124,1,2020-02-10 21:04:00,10.9,2.18
1125,9,2020-02-10 21:09:00,135.1,27.02
1126,10,2020-02-10 21:58:00,108.0,21.6
1127,0,2020-02-10 22:37:00,55.6,11.12
1128,8,2020-02-10 22:38:00,191.2,38.24
1129,8,2020-02-10 22:49:00,165.3,33.06
1130,3,2020-02-11 10:19:00,4.7,0.94
1131,5,2020-02-11 10:37:00,165.2,33.04
1132,12,2020-02-11 10:40:00,112.9,22.58
1133,8,2020-02-11 10:49:00,13.2,2.64
1134,3,2020-02-11 10:49:00,17.4,3.48
1135,12,2020-02-11 10:54:00,100.0,20.0
1136,1,2020-02-11 11:25:00,59.8,11.96
1137,12,2020-02-11 11:29:00,36.9,7.38
1138,5,2020-02-11 12:10:00,19.6,3.92
1139,3,2020-02-11 12:46:00,126.1,25.22
1140,0,2020-02-11 12:53:00,2.1,0.42
1141,13,2020-02-11 13:35:00,14.1,2.82
1142,8,2020-02-11 14:08:00,274.5,54.9
1143,68,2020-02-11 14:19:00,46.1,9.22
1144,68,2020-02-11 14:47:00,224.4,44.88
1145,68,2020-02-11 15:32:00,26.4,5.28
1146,10,2020-02-11 16:14:00,10.9,2.18
1147,12,2020-02-11 17:14:00,27.1,5.42
1148,4,2020-02-11 17:14:00,135.4,27.08
1149,0,2020-02-11 17:45:00,128.7,25.74
1150,4,2020-02-11 18:16:00,8.5,1.7
1151,7,2020-02-11 19:04:00,57.0,11.4
1152,12,2020-02-11 19:59:00,156.3,31.26
1153,68,2020-02-11 20:45:00,144.5,28.9
1154,68,2020-02-11 20:46:00,117.0,23.4
1155,68,2020-02-11 21:34:00,2.2,0.44
1156,10,2020-02-11 21:51:00,18.6,3.72
1157,4,2020-02-11 22:30:00,18.3,3.66
1158,7,2020-02-11 22:32:00,155.4,31.08
1159,67,2020-02-11 22:47:00,22.3,4.46
1160,12,2020-02-12 10:43:00,21.7,4.34
1161,67,2020-02-12 10:43:00,2.4,0.48
1162,14,2020-02-12 11:15:00,19.9,3.98
1163,1,2020-02-12 11:23:00,10.0,2.0
1164,68,2020-02-12 11:41:00,56.9,11.38
1165,67,2020-02-12 11:46:00,47.0,9.4
1166,3,2020-02-12 12:43:00,48.5,9.7
1167,68,2020-02-12 12:58:00,30.2,6.04
1168,7,2020-02-12 13:22:00,10.6,2.12
1169,3,2020-02-12 14:16:00,155.3,31.06
1170,3,2020-02-12 14:32:00,211.7,42.34
1171,5,2020-02-12 14:55:00,121.4,24.28
1172,13,2020-02-12 15:26:00,46.6,9.32
1173,68,2020-02-12 15:30:00,128.2,25.64
1174,3,2020-02-12 16:12:00,4.5,0.9
1175,7,2020-02-12 17:06:00,8.0,1.6
1176,7,2020-02-12 17:23:00,169.5,33.9
1177,67,2020-02-12 18:00:00,22.8,4.56
1178,3,2020-02-12 18:01:00,105.3,21.06
1179,7,2020-02-12 18:05:00,72.3,14.46
1180,5,2020-02-12 18:50:00,2.2,0.44
1181,1,2020-02-12 19:00:00,159.1,31.82
1182,67,2020-02-12 19:11:00,31.4,6.28
1183,9,2020-02-12 19:13:00,54.1,10.82
1184,6,2020-02-12 19:39:00,104.3,20.86
1185,4,2020-02-12 19:43:00,11.7,2.34
1186,13,2020-02-12 20:31:00,69.5,13.9
1187,68,2020-02-12 21:28:00,227.5,45.5
1188,10,2020-02-12 21:39:00,163.0,32.6
1189,9,2020-02-12 21:47:00,206.2,41.24
1190,4,2020-02-12 22:37:00,45.5,9.1
1191,8,2020-02-13 10:37:00,15.0,3.0
1192,13,2020-02-13 10:37:00,2.1,0.42
1193,1,2020-02-13 11:32:00,19.2,3.84
1194,0,2020-02-13 12:31:00,266.3,53.26
1195,12,2020-02-13 12:36:00,10.9,2.18
1196,6,2020-02-13 13:29:00,109.1,21.82
1197,0,2020-02-13 13:37:00,12.7,2.54
1198,3,2020-02-13 14:36:00,87.5,17.5
1199,7,2020-02-13 15:12:00,18.8,3.76
1200,9,2020-02-13 15:27:00,37.6,7.52
1201,4,2020-02-13 15:52:00,14.4,2.88
1202,6,2020-02-13 16:37:00,69.6,13.92
1203,67,2020-02-13 17:18:00,18.0,3.6
1204,4,2020-02-13 18:08:00,27.9,5.58
1205,13,2020-02-13 18:25:00,158.1,31.62
1206,13,2020-02-13 18:39:00,18.0,3.6
1207,2,2020-02-13 19:07:00,64.3,12.86
1208,3,2020-02-13 19:58:00,34.2,6.84
1209,8,2020-02-13 20:32:00,153.1,30.62
1210,1,2020-02-13 21:17:00,135.9,27.18
1211,67,2020-02-13 21:30:00,2.4,0.48
1212,4,2020-02-13 21:53:00,288.4,57.68
1213,9,2020-02-13 22:07:00,243.8,48.76
1214,8,2020-02-13 22:21:00,75.9,15.18
1215,2,2020-02-14 10:51:00,12.4,2.48
1216,9,2020-02-14 11:04:00,6.6,1.32
1217,0,2020-02-14 11:55:00,159.9,31.98
1218,4,2020-02-14 12:09:00,170.8,34.16
1219,12,2020-02-14 12:49:00,160.0,32.0
1220,67,2020-02-14 13:36:00,32.1,6.42
1221,1,2020-02-14 14:13:00,20.7,4.14
1222,2,2020-02-14 14:20:00,68.7,13.74
1223,9,2020-02-14 14:33:00,263.7,52.74
1224,14,2020-02-14 15:31:00,15.8,3.16
1225,67,2020-02-14 16:25:00,232.5,46.5
1226,8,2020-02-14 17:11:00,36.1,7.22
1227,13,2020-02-14 18:00:00,16.0,3.2
1228,68,2020-02-14 18:15:00,28.1,5.62
1229,67,2020-02-14 18:34:00,8.5,1.7
1230,5,2020-02-14 19:23:00,147.8,29.56
1231,8,2020-02-14 20:22:00,88.7,17.74
1232,4,2020-02-14 20:55:00,10.1,2.02
1233,5,2020-02-14 21:21:00,55.6,11.12
1234,6,2020-02-14 22:06:00,25.5,5.1
1235,68,2020-02-14 22:25:00,119.5,23.9
1236,4,2020-02-14 22:55:00,130.6,26.12
1237,7,2020-02-15 10:30:00,22.8,4.56
1238,2,2020-02-15 11:00:00,32.7,6.54
1239,13,2020-02-15 11:22:00,11.6,2.32
1240,68,2020-02-15 11:43:00,65.7,13.14
1241,67,2020-02-15 12:07:00,2.4,0.48
1242,13,2020-02-15 12:25:00,167.5,33.5
1243,12,2020-02-15 12:48:00,67.6,13.52
1244,0,2020-02-15 13:06:00,28.0,5.6
1245,2,2020-02-15 13:22:00,51.8,10.36
1246,2,2020-02-15 13:50:00,55.7,11.14
1247,6,2020-02-15 14:10:00,10.7,2.14
1248,6,2020-02-15 14:28:00,156.8,31.36
1249,0,2020-02-15 14:53:00,25.1,5.02
1250,12,2020-02-15 15:14:00,2.4,0.48
1251,68,2020-02-15 15:14:00,128.5,25.7
1252,68,2020-02-15 15:24:00,7.0,1.4
1253,12,2020-02-15 15:29:00,132.4,26.48
1254,7,2020-02-15 15:58:00,28.4,5.68
1255,67,2020-02-15 16:01:00,12.5,2.5
1256,14,2020-02-15 16:27:00,2.2,0.44
1257,3,2020-02-15 16:33:00,41.1,8.22
1258,3,2020-02-15 16:41:00,17.6,3.52
1259,10,2020-02-15 16:45:00,6.8,1.36
1260,7,2020-02-15 16:47:00,11.8,2.36
1261,14,2020-02-15 16:51:00,12.5,2.5
1262,5,2020-02-15 17:11:00,2.4,0.48
1263,68,2020-02-15 17:22:00,416.9,83.38
1264,68,2020-02-15 17:38:00,28.1,5.62
1265,10,2020-02-15 17:39:00,16.5,3.3
1266,12,2020-02-15 18:09:00,17.3,3.46
1267,7,2020-02-15 18:12:00,53.5,10.7
1268,12,2020-02-15 18:18:00,14.3,2.86
1269,4,2020-02-15 18:48:00,135.0,27.0
1270,0,2020-02-15 19:03:00,43.4,8.68
1271,3,2020-02-15 19:32:00,143.0,28.6
1272,6,2020-02-15 19:41:00,180.4,36.08
1273,2,2020-02-15 20:06:00,15.2,3.04
1274,5,2020-02-15 20:31:00,76.9,15.38
1275,7,2020-02-15 20:38:00,13.7,2.74
1276,2,2020-02-15 20:48:00,2.4,0.48
1277,1,2020-02-15 20:54:00,173.0,34.6
1278,10,2020-02-15 20:58:00,132.8,26.56
1279,3,2020-02-15 21:02:00,64.9,12.98
1280,4,2020-02-15 21:05:00,13.2,2.64
1281,13,2020-02-15 21:09:00,12.5,2.5
1282,12,2020-02-15 21:24:00,34.8,6.96
1283,1,2020-02-15 21:27:00,34.7,6.94
1284,7,2020-02-15 21:50:00,131.9,26.38
1285,5,2020-02-15 21:55:00,14.0,2.8
1286,7,2020-02-15 22:20:00,2.1,0.42
1287,2,2020-02-15 22:27:00,13.8,2.76
1288,1,2020-02-15 22:31:00,8.4,1.68
1289,2,2020-02-15 22:49:00,247.2,49.44
1290,7,2020-02-16 11:11:00,44.0,8.8
1291,5,2020-02-16 12:03:00,68.0,13.6
1292,6,2020-02-16 12:44:00,2.4,0.48
1293,6,2020-02-16 13:27:00,58.9,11.78
1294,6,2020-02-16 13:33:00,8.5,1.7
1295,6,2020-02-16 14:16:00,104.9,20.98
1296,0,2020-02-16 14:29:00,262.0,52.4
1297,7,2020-02-16 15:13:00,108.7,21.74
1298,68,2020-02-16 15:52:00,10.1,2.02
1299,8,2020-02-16 16:12:00,10.7,2.14
1300,13,2020-02-16 16:54:00,13.1,2.62
1301,1,2020-02-16 17:26:00,146.6,29.32
1302,10,2020-02-16 17:48:00,162.7,32.54
1303,5,2020-02-16 17:49:00,44.0,8.8
1304,9,2020-02-16 18:11:00,39.4,7.88
1305,13,2020-02-16 18:57:00,2.1,0.42
1306,68,2020-02-16 19:25:00,2.1,0.42
1307,67,2020-02-16 19:34:00,44.0,8.8
1308,3,2020-02-16 20:16:00,242.0,48.4
1309,9,2020-02-16 20:24:00,21.8,4.36
1310,1,2020-02-16 21:13:00,157.7,31.54
1311,67,2020-02-16 21:54:00,35.5,7.1
1312,2,2020-02-16 22:04:00,218.7,43.74
1313,10,2020-02-16 22:47:00,257.9,51.58
1314,13,2020-02-17 10:54:00,31.0,6.2
1315,4,2020-02-17 11:40:00,135.4,27.08
1316,10,2020-02-17 11:45:00,24.9,4.98
1317,1,2020-02-17 12:07:00,14.6,2.92
1318,5,2020-02-17 12:51:00,260.6,52.12
1319,13,2020-02-17 13:09:00,2.4,0.48
1320,0,2020-02-17 13:40:00,11.4,2.28
1321,3,2020-02-17 14:10:00,72.0,14.4
1322,0,2020-02-17 15:08:00,45.6,9.12
1323,2,2020-02-17 16:02:00,28.1,5.62
1324,5,2020-02-17 16:39:00,124.9,24.98
1325,13,2020-02-17 17:19:00,23.6,4.72
1326,1,2020-02-17 18:14:00,29.4,5.88
1327,12,2020-02-17 18:39:00,71.6,14.32
1328,12,2020-02-17 19:36:00,11.7,2.34
1329,7,2020-02-17 19:43:00,55.7,11.14
1330,3,2020-02-17 20:22:00,148.4,29.68
1331,68,2020-02-17 21:13:00,10.7,2.14
1332,13,2020-02-17 21:52:00,2.4,0.48
1333,6,2020-02-17 22:48:00,2.2,0.44
1334,67,2020-02-18 10:38:00,27.0,5.4
1335,14,2020-02-18 10:38:00,2.4,0.48
1336,3,2020-02-18 11:38:00,50.3,10.06
1337,9,2020-02-18 11:55:00,11.4,2.28
1338,5,2020-02-18 12:35:00,62.3,12.46
1339,7,2020-02-18 12:57:00,64.4,12.88
1340,6,2020-02-18 13:30:00,101.2,20.24
1341,68,2020-02-18 13:40:00,145.2,29.04
1342,4,2020-02-18 14:21:00,29.4,5.88
1343,1,2020-02-18 15:01:00,10.9,2.18
1344,68,2020-02-18 15:31:00,18.6,3.72
1345,1,2020-02-18 15:47:00,25.9,5.18
1346,0,2020-02-18 16:07:00,68.3,13.66
1347,3,2020-02-18 16:29:00,296.0,59.2
1348,13,2020-02-18 16:31:00,59.1,11.82
1349,6,2020-02-18 17:31:00,55.6,11.12
1350,12,2020-02-18 18:00:00,21.5,4.3
1351,6,2020-02-18 18:23:00,64.4,12.88
1352,68,2020-02-18 18:44:00,8.5,1.7
1353,8,2020-02-18 19:01:00,10.9,2.18
1354,1,2020-02-18 19:31:00,4.3,0.86
1355,1,2020-02-18 19:53:00,13.2,2.64
1356,9,2020-02-18 20:02:00,133.4,26.68
1357,7,2020-02-18 21:02:00,106.2,21.24
1358,7,2020-02-18 21:32:00,149.0,29.8
1359,13,2020-02-18 22:07:00,122.8,24.56
1360,1,2020-02-18 22:09:00,16.7,3.34
1361,2,2020-02-18 22:25:00,26.9,5.38
1362,9,2020-02-19 10:55:00,48.5,9.7
1363,0,2020-02-19 11:15:00,32.6,6.52
1364,67,2020-02-19 11:22:00,13.2,2.64
1365,68,2020-02-19 11:32:00,8.5,1.7
1366,14,2020-02-19 11:51:00,45.3,9.06
1367,14,2020-02-19 12:45:00,69.8,13.96
1368,5,2020-02-19 13:35:00,58.1,11.62
1369,7,2020-02-19 14:22:00,129.7,25.94
1370,6,2020-02-19 15:20:00,25.5,5.1
1371,8,2020-02-19 16:10:00,157.0,31.4
1372,67,2020-02-19 17:07:00,29.5,5.9
1373,3,2020-02-19 17:59:00,202.0,40.4
1374,7,2020-02-19 18:10:00,104.8,20.96
1375,1,2020-02-19 18:31:00,15.3,3.06
1376,10,2020-02-19 18:31:00,14.1,2.82
1377,4,2020-02-19 18:44:00,15.0,3.0
1378,2,2020-02-19 19:33:00,112.2,22.44
1379,68,2020-02-19 19:35:00,4.5,0.9
1380,68,2020-02-19 20:18:00,67.2,13.44
1381,3,2020-02-19 20:26:00,19.4,3.88
1382,3,2020-02-19 20:36:00,5.4,1.08
1383,10,2020-02-19 20:37:00,19.1,3.82
1384,7,2020-02-19 21:31:00,15.9,3.18
1385,7,2020-02-19 22:20:00,62.3,12.46
1386,68,2020-02-19 22:30:00,44.0,8.8
1387,5,2020-02-20 10:43:00,265.2,53.04
1388,9,2020-02-20 11:12:00,41.1,8.22
1389,5,2020-02-20 11:44:00,189.4,37.88
1390,2,2020-02-20 12:20:00,26.1,5.22
1391,67,2020-02-20 12:54:00,12.1,2.42
1392,9,2020-02-20 13:36:00,30.2,6.04
1393,12,2020-02-20 14:05:00,21.5,4.3
1394,6,2020-02-20 15:03:00,108.1,21.62
1395,9,2020-02-20 15:43:00,46.4,9.28
1396,10,2020-02-20 16:28:00,114.3,22.86
1397,67,2020-02-20 17:24:00,2.4,0.48
1398,3,2020-02-20 17:56:00,373.4,74.68
1399,13,2020-02-20 17:59:00,12.7,2.54
1400,3,2020-02-20 18:14:00,24.4,4.88
1401,5,2020-02-20 18:14:00,14.1,2.82
1402,8,2020-02-20 18:19:00,197.1,39.42
1403,6,2020-02-20 19:02:00,13.2,2.64
1404,0,2020-02-20 19:19:00,33.3,6.66
1405,3,2020-02-20 19:45:00,161.7,32.34
1406,5,2020-02-20 20:37:00,21.8,4.36
1407,1,2020-02-20 21:23:00,127.1,25.42
1408,4,2020-02-20 22:07:00,5.4,1.08
1409,4,2020-02-21 10:54:00,168.5,33.7
1410,5,2020-02-21 11:04:00,131.2,26.24
1411,67,2020-02-21 11:36:00,8.5,1.7
1412,68,2020-02-21 11:49:00,13.0,2.6
1413,5,2020-02-21 12:27:00,125.1,25.02
1414,9,2020-02-21 13:02:00,23.8,4.76
1415,9,2020-02-21 13:59:00,13.2,2.64
1416,1,2020-02-21 14:55:00,109.1,21.82
1417,10,2020-02-21 15:33:00,151.5,30.3
1418,4,2020-02-21 16:30:00,17.4,3.48
1419,6,2020-02-21 17:11:00,132.4,26.48
1420,14,2020-02-21 17:56:00,32.4,6.48
1421,68,2020-02-21 18:08:00,2.4,0.48
1422,1,2020-02-21 18:53:00,151.5,30.3
1423,4,2020-02-21 18:55:00,186.4,37.28
1424,3,2020-02-21 19:31:00,7.8,1.56
1425,2,2020-02-21 20:10:00,111.5,22.3
1426,8,2020-02-21 20:56:00,119.1,23.82
1427,2,2020-02-21 21:44:00,161.4,32.28
1428,68,2020-02-21 21:44:00,60.7,12.14
1429,3,2020-02-21 22:25:00,263.6,52.72
1430,14,2020-02-22 10:53:00,57.2,11.44
1431,10,2020-02-22 10:57:00,52.2,10.44
1432,13,2020-02-22 11:19:00,49.6,9.92
1433,7,2020-02-22 11:27:00,16.2,3.24
1434,68,2020-02-22 11:54:00,161.6,32.32
1435,13,2020-02-22 12:22:00,10.0,2.0
1436,3,2020-02-22 12:27:00,19.9,3.98
1437,12,2020-02-22 12:48:00,49.1,9.82
1438,13,2020-02-22 12:58:00,45.5,9.1
1439,3,2020-02-22 13:12:00,154.3,30.86
1440,13,2020-02-22 13:40:00,73.4,14.68
1441,9,2020-02-22 13:46:00,47.9,9.58
1442,3,2020-02-22 13:59:00,10.1,2.02
1443,0,2020-02-22 14:05:00,4.8,0.96
1444,4,2020-02-22 14:29:00,10.1,2.02
1445,12,2020-02-22 14:44:00,70.4,14.08
1446,2,2020-02-22 14:50:00,130.8,26.16
1447,12,2020-02-22 14:52:00,7.6,1.52
1448,8,2020-02-22 14:55:00,64.7,12.94
1449,68,2020-02-22 15:07:00,61.7,12.34
1450,13,2020-02-22 15:12:00,12.4,2.48
1451,12,2020-02-22 15:37:00,117.7,23.54
1452,6,2020-02-22 16:04:00,11.2,2.24
1453,5,2020-02-22 16:13:00,120.7,24.14
1454,0,2020-02-22 16:25:00,122.2,24.44
1455,8,2020-02-22 16:55:00,86.0,17.2
1456,0,2020-02-22 17:17:00,23.2,4.64
1457,3,2020-02-22 17:35:00,31.7,6.34
1458,7,2020-02-22 17:37:00,2.4,0.48
1459,3,2020-02-22 18:04:00,2.1,0.42
1460,13,2020-02-22 18:18:00,20.6,4.12
1461,2,2020-02-22 18:32:00,45.7,9.14
1462,1,2020-02-22 18:55:00,125.8,25.16
1463,6,2020-02-22 19:01:00,55.7,11.14
1464,12,2020-02-22 19:08:00,162.4,32.48
1465,10,2020-02-22 19:20:00,100.4,20.08
1466,67,2020-02-22 19:38:00,13.5,2.7
1467,4,2020-02-22 19:51:00,16.3,3.26
1468,10,2020-02-22 20:05:00,61.0,12.2
1469,14,2020-02-22 20:32:00,11.7,2.34
1470,10,2020-02-22 20:32:00,5.0,1.0
1471,12,2020-02-22 20:43:00,24.6,4.92
1472,9,2020-02-22 20:44:00,127.4,25.48
1473,8,2020-02-22 21:11:00,93.6,18.72
1474,7,2020-02-22 21:37:00,171.5,34.3
1475,2,2020-02-22 21:44:00,170.5,34.1
1476,67,2020-02-22 21:52:00,2.2,0.44
1477,4,2020-02-22 22:14:00,90.2,18.04
1478,3,2020-02-22 22:34:00,2.4,0.48
1479,6,2020-02-22 22:51:00,18.1,3.62
1480,1,2020-02-23 11:12:00,2.4,0.48
1481,14,2020-02-23 11:13:00,38.5,7.7
1482,1,2020-02-23 11:24:00,48.2,9.64
1483,13,2020-02-23 11:27:00,56.2,11.24
1484,12,2020-02-23 11:41:00,2.1,0.42
1485,7,2020-02-23 12:20:00,228.1,45.62
1486,10,2020-02-23 12:32:00,13.6,2.72
1487,0,2020-02-23 13:31:00,6.7,1.34
1488,14,2020-02-23 14:18:00,4.5,0.9
1489,9,2020-02-23 14:41:00,31.5,6.3
1490,67,2020-02-23 15:13:00,2.1,0.42
1491,5,2020-02-23 15:36:00,28.8,5.76
1492,5,2020-02-23 16:17:00,8.5,1.7
1493,0,2020-02-23 16:24:00,167.2,33.44
1494,13,2020-02-23 16:50:00,2.4,0.48
1495,67,2020-02-23 16:56:00,158.3,31.66
1496,14,2020-02-23 17:42:00,79.7,15.94
1497,7,2020-02-23 18:12:00,12.8,2.56
1498,14,2020-02-23 18:42:00,47.3,9.46
1499,3,2020-02-23 18:52:00,61.0,12.2
1500,1,2020-02-23 19:52:00,11.0,2.2
1501,7,2020-02-23 20:21:00,2.6,0.52
1502,68,2020-02-23 20:31:00,13.8,2.76
1503,10,2020-02-23 21:22:00,22.0,4.4
1504,3,2020-02-23 21:50:00,106.9,21.38
1505,10,2020-02-23 22:12:00,25.3,5.06
1506,0,2020-02-24 11:00:00,4.8,0.96
1507,6,2020-02-24 11:59:00,58.0,11.6
1508,68,2020-02-24 12:03:00,55.1,11.02
1509,67,2020-02-24 12:07:00,22.1,4.42
1510,3,2020-02-24 12:57:00,15.3,3.06
1511,5,2020-02-24 12:59:00,153.1,30.62
1512,7,2020-02-24 12:59:00,44.0,8.8
1513,0,2020-02-24 13:18:00,45.5,9.1
1514,3,2020-02-24 13:27:00,172.7,34.54
1515,7,2020-02-24 14:21:00,17.6,3.52
1516,13,2020-02-24 14:58:00,9.4,1.88
1517,1,2020-02-24 15:13:00,115.2,23.04
1518,67,2020-02-24 16:06:00,22.3,4.46
1519,10,2020-02-24 16:59:00,120.7,24.14
1520,10,2020-02-24 17:18:00,174.1,34.82
1521,67,2020-02-24 17:42:00,145.1,29.02
1522,3,2020-02-24 17:55:00,12.2,2.44
1523,8,2020-02-24 18:33:00,4.7,0.94
1524,5,2020-02-24 19:30:00,225.1,45.02
1525,9,2020-02-24 19:59:00,13.0,2.6
1526,4,2020-02-24 20:15:00,11.6,2.32
1527,0,2020-02-24 20:33:00,35.3,7.06
1528,13,2020-02-24 21:20:00,118.1,23.62
1529,6,2020-02-24 21:26:00,166.3,33.26
1530,7,2020-02-24 22:13:00,8.7,1.74
1531,1,2020-02-24 22:25:00,52.5,10.5
1532,10,2020-02-24 22:40:00,132.4,26.48
1533,3,2020-02-24 22:51:00,129.1,25.82
1534,7,2020-02-25 10:23:00,8.5,1.7
1535,6,2020-02-25 10:44:00,12.1,2.42
1536,9,2020-02-25 11:07:00,173.3,34.66
1537,6,2020-02-25 11:56:00,50.9,10.18
1538,14,2020-02-25 12:56:00,5.6,1.12
1539,14,2020-02-25 13:11:00,58.0,11.6
1540,4,2020-02-25 14:06:00,41.3,8.26
1541,68,2020-02-25 14:07:00,7.0,1.4
1542,7,2020-02-25 15:06:00,11.4,2.28
1543,6,2020-02-25 15:14:00,220.3,44.06
1544,0,2020-02-25 15:41:00,210.9,42.18
1545,67,2020-02-25 15:47:00,19.8,3.96
1546,13,2020-02-25 15:57:00,19.4,3.88
1547,6,2020-02-25 16:26:00,51.8,10.36
1548,3,2020-02-25 16:34:00,57.2,11.44
1549,7,2020-02-25 17:09:00,162.1,32.42
1550,68,2020-02-25 17:12:00,11.7,2.34
1551,13,2020-02-25 18:07:00,70.2,14.04
1552,12,2020-02-25 18:26:00,21.0,4.2
1553,8,2020-02-25 18:36:00,2.2,0.44
1554,13,2020-02-25 19:11:00,69.9,13.98
1555,67,2020-02-25 20:04:00,75.2,15.04
1556,2,2020-02-25 20:38:00,45.5,9.1
1557,0,2020-02-25 21:34:00,115.3,23.06
1558,1,2020-02-25 21:51:00,303.1,60.62
1559,3,2020-02-25 22:17:00,51.6,10.32
1560,14,2020-02-25 22:43:00,195.6,39.12
1561,4,2020-02-26 10:55:00,142.1,28.42
1562,3,2020-02-26 11:09:00,257.5,51.5
1563,7,2020-02-26 11:27:00,158.8,31.76
1564,68,2020-02-26 11:48:00,74.8,14.96
1565,14,2020-02-26 12:46:00,22.8,4.56
1566,68,2020-02-26 13:40:00,2.6,0.52
1567,1,2020-02-26 14:14:00,23.3,4.66
1568,13,2020-02-26 14:36:00,2.1,0.42
1569,9,2020-02-26 14:50:00,63.1,12.62
1570,9,2020-02-26 15:06:00,105.7,21.14
1571,14,2020-02-26 15:13:00,116.4,23.28
1572,10,2020-02-26 15:46:00,2.4,0.48
1573,1,2020-02-26 16:09:00,13.7,2.74
1574,68,2020-02-26 16:17:00,2.4,0.48
1575,8,2020-02-26 17:05:00,11.1,2.22
1576,0,2020-02-26 17:11:00,154.6,30.92
1577,8,2020-02-26 18:01:00,2.4,0.48
1578,0,2020-02-26 18:12:00,8.0,1.6
1579,14,2020-02-26 18:46:00,2.4,0.48
1580,67,2020-02-26 19:09:00,11.7,2.34
1581,12,2020-02-26 19:18:00,7.0,1.4
1582,9,2020-02-26 19:27:00,171.2,34.24
1583,67,2020-02-26 20:26:00,57.6,11.52
1584,7,2020-02-26 20:51:00,13.3,2.66
1585,12,2020-02-26 21:20:00,19.9,3.98
1586,5,2020-02-26 21:58:00,19.0,3.8
1587,8,2020-02-26 22:14:00,112.3,22.46
1588,14,2020-02-26 22:52:00,12.5,2.5
1589,68,2020-02-27 10:57:00,56.4,11.28
1590,9,2020-02-27 11:46:00,117.6,23.52
1591,12,2020-02-27 12:40:00,6.7,1.34
1592,12,2020-02-27 12:54:00,10.1,2.02
1593,10,2020-02-27 12:59:00,171.0,34.2
1594,8,2020-02-27 13:49:00,18.1,3.62
1595,2,2020-02-27 13:53:00,72.0,14.4
1596,68,2020-02-27 14:38:00,2.1,0.42
1597,8,2020-02-27 15:13:00,23.8,4.76
1598,14,2020-02-27 15:30:00,13.2,2.64
1599,68,2020-02-27 15:31:00,25.3,5.06
1600,3,2020-02-27 16:06:00,105.9,21.18
1601,10,2020-02-27 17:02:00,151.5,30.3
1602,2,2020-02-27 17:30:00,144.5,28.9
1603,68,2020-02-27 18:16:00,6.9,1.38
1604,7,2020-02-27 18:16:00,31.2,6.24
1605,8,2020-02-27 19:03:00,12.4,2.48
1606,8,2020-02-27 19:31:00,12.3,2.46
1607,12,2020-02-27 20:29:00,37.0,7.4
1608,12,2020-02-27 20:37:00,32.6,6.52
1609,7,2020-02-27 21:08:00,14.1,2.82
1610,0,2020-02-27 21:53:00,115.1,23.02
1611,67,2020-02-27 22:10:00,215.0,43.0
1612,67,2020-02-27 22:16:00,24.7,4.94
1613,68,2020-02-27 22:33:00,2.4,0.48
1614,13,2020-02-27 22:36:00,16.9,3.38
1615,10,2020-02-27 22:54:00,134.8,26.96
1616,5,2020-02-28 10:31:00,34.2,6.84
1617,67,2020-02-28 10:36:00,11.7,2.34
1618,68,2020-02-28 10:59:00,197.1,39.42
1619,6,2020-02-28 11:38:00,56.1,11.22
1620,9,2020-02-28 12:24:00,58.6,11.72
1621,10,2020-02-28 12:33:00,228.3,45.66
1622,6,2020-02-28 12:41:00,8.5,1.7
1623,13,2020-02-28 13:38:00,60.1,12.02
1624,7,2020-02-28 14:09:00,67.5,13.5
1625,68,2020-02-28 14:21:00,51.0,10.2
1626,2,2020-02-28 15:16:00,2.2,0.44
1627,2,2020-02-28 16:05:00,288.4,57.68
1628,14,2020-02-28 17:00:00,113.1,22.62
1629,4,2020-02-28 17:12:00,111.5,22.3
1630,6,2020-02-28 17:33:00,14.3,2.86
1631,9,2020-02-28 18:30:00,2.6,0.52
1632,9,2020-02-28 18:41:00,114.8,22.96
1633,6,2020-02-28 19:16:00,24.2,4.84
1634,1,2020-02-28 19:22:00,45.5,9.1
1635,1,2020-02-28 19:36:00,101.0,20.2
1636,67,2020-02-28 19:58:00,24.1,4.82
1637,68,2020-02-28 20:11:00,165.0,33.0
1638,12,2020-02-28 20:15:00,2.1,0.42
1639,0,2020-02-28 20:49:00,34.5,6.9
1640,4,2020-02-28 21:08:00,76.4,15.28
1641,12,2020-02-28 21:36:00,54.1,10.82
1642,5,2020-02-28 21:40:00,65.2,13.04
1643,12,2020-02-28 22:38:00,12.4,2.48
1644,14,2020-02-29 10:23:00,133.5,26.7
1645,8,2020-02-29 10:25:00,13.9,2.78
1646,4,2020-02-29 10:45:00,219.2,43.84
1647,68,2020-02-29 11:02:00,14.2,2.84
1648,2,2020-02-29 11:30:00,46.1,9.22
1649,14,2020-02-29 11:58:00,33.3,6.66
1650,2,2020-02-29 12:11:00,130.7,26.14
1651,3,2020-02-29 12:28:00,26.3,5.26
1652,6,2020-02-29 12:54:00,15.6,3.12
1653,1,2020-02-29 12:55:00,204.0,40.8
1654,1,2020-02-29 13:00:00,59.6,11.92
1655,2,2020-02-29 13:21:00,54.9,10.98
1656,10,2020-02-29 13:31:00,14.3,2.86
1657,13,2020-02-29 13:43:00,14.3,2.86
1658,6,2020-02-29 13:45:00,9.3,1.86
1659,9,2020-02-29 14:03:00,27.2,5.44
1660,6,2020-02-29 14:03:00,78.9,15.78
1661,2,2020-02-29 14:19:00,274.6,54.92
1662,5,2020-02-29 14:46:00,17.2,3.44
1663,67,2020-02-29 15:01:00,120.8,24.16
1664,2,2020-02-29 15:12:00,125.4,25.08
1665,0,2020-02-29 15:25:00,174.8,34.96
1666,5,2020-02-29 15:39:00,241.4,48.28
1667,10,2020-02-29 16:07:00,30.2,6.04
1668,6,2020-02-29 16:23:00,52.5,10.5
1669,2,2020-02-29 16:53:00,25.8,5.16
1670,7,2020-02-29 17:15:00,223.0,44.6
1671,13,2020-02-29 17:26:00,101.1,20.22
1672,1,2020-02-29 17:55:00,61.0,12.2
1673,6,2020-02-29 18:11:00,48.6,9.72
1674,6,2020-02-29 18:13:00,60.9,12.18
1675,68,2020-02-29 18:18:00,16.8,3.36
1676,67,2020-02-29 18:48:00,52.2,10.44
1677,2,2020-02-29 19:04:00,24.1,4.82
1678,13,2020-02-29 19:30:00,2.1,0.42
1679,2,2020-02-29 19:45:00,34.2,6.84
1680,3,2020-02-29 20:05:00,20.2,4.04
1681,12,2020-02-29 20:29:00,30.2,6.04
1682,5,2020-02-29 20:38:00,14.7,2.94
1683,1,2020-02-29 20:50:00,32.5,6.5
1684,13,2020-02-29 21:17:00,291.7,58.34
1685,10,2020-02-29 21:30:00,2.4,0.48
1686,1,2020-02-29 21:34:00,44.0,8.8
1687,12,2020-02-29 21:48:00,25.9,5.18
1688,67,2020-02-29 22:01:00,71.3,14.26
1689,1,2020-02-29 22:18:00,2.4,0.48
1690,5,2020-02-29 22:37:00,11.7,2.34
1691,12,2020-02-29 22:55:00,80.7,16.14
1692,0,2020-03-01 11:29:00,66.3,13.26
1693,4,2020-03-01 11:45:00,117.0,23.4
1694,8,2020-03-01 12:28:00,18.4,3.68
1695,12,2020-03-01 12:40:00,38.6,7.72
1696,8,2020-03-01 13:38:00,26.4,5.28
1697,68,2020-03-01 14:22:00,30.6,6.12
1698,0,2020-03-01 14:50:00,62.3,12.46
1699,14,2020-03-01 15:37:00,12.7,2.54
1700,8,2020-03-01 15:46:00,153.6,30.72
1701,12,2020-03-01 16:16:00,6.8,1.36
1702,9,2020-03-01 16:38:00,169.4,33.88
1703,4,2020-03-01 17:38:00,44.0,8.8
1704,14,2020-03-01 17:56:00,171.0,34.2
1705,10,2020-03-01 18:20:00,507.9,101.58
1706,12,2020-03-01 18:42:00,15.7,3.14
1707,10,2020-03-01 18:47:00,14.1,2.82
1708,5,2020-03-01 19:43:00,60.4,12.08
1709,14,2020-03-01 20:33:00,6.9,1.38
1710,14,2020-03-01 21:16:00,45.0,9.0
1711,8,2020-03-01 22:01:00,71.4,14.28
1712,0,2020-03-01 22:17:00,129.3,25.86
1713,0,2020-03-01 22:39:00,33.4,6.68
1714,4,2020-03-01 22:48:00,196.3,39.26
1715,5,2020-03-01 22:56:00,13.8,2.76
1716,14,2020-03-02 10:06:00,24.5,4.9
1717,9,2020-03-02 10:17:00,31.8,6.36
1718,8,2020-03-02 10:55:00,12.3,2.46
1719,6,2020-03-02 11:50:00,12.6,2.52
1720,68,2020-03-02 11:58:00,54.6,10.92
1721,67,2020-03-02 12:09:00,121.6,24.32
1722,67,2020-03-02 13:06:00,54.0,10.8
1723,4,2020-03-02 13:54:00,6.7,1.34
1724,6,2020-03-02 14:33:00,13.7,2.74
1725,7,2020-03-02 14:56:00,28.4,5.68
1726,5,2020-03-02 15:19:00,4.8,0.96
1727,3,2020-03-02 15:36:00,75.0,15.0
1728,6,2020-03-02 15:40:00,5.4,1.08
1729,0,2020-03-02 15:56:00,15.9,3.18
1730,67,2020-03-02 16:38:00,7.2,1.44
1731,8,2020-03-02 16:54:00,26.1,5.22
1732,8,2020-03-02 17:40:00,31.3,6.26
1733,2,2020-03-02 18:16:00,44.0,8.8
1734,1,2020-03-02 19:02:00,107.5,21.5
1735,67,2020-03-02 19:14:00,25.4,5.08
1736,14,2020-03-02 19:51:00,2.6,0.52
1737,2,2020-03-02 19:58:00,110.7,22.14
1738,13,2020-03-02 20:21:00,35.3,7.06
1739,68,2020-03-02 20:27:00,38.7,7.74
1740,0,2020-03-02 20:39:00,2.4,0.48
1741,10,2020-03-02 21:28:00,2.1,0.42
1742,9,2020-03-02 21:46:00,17.2,3.44
1743,10,2020-03-02 22:40:00,273.0,54.6
1744,2,2020-03-03 10:31:00,114.4,22.88
1745,9,2020-03-03 11:07:00,38.0,7.6
1746,14,2020-03-03 11:49:00,17.8,3.56
1747,68,2020-03-03 12:40:00,2.1,0.42
1748,0,2020-03-03 13:16:00,50.2,10.04
1749,1,2020-03-03 14:12:00,20.2,4.04
1750,67,2020-03-03 15:07:00,2.1,0.42
1751,3,2020-03-03 15:58:00,29.7,5.94
1752,0,2020-03-03 16:11:00,122.4,24.48
1753,14,2020-03-03 16:42:00,20.7,4.14
1754,4,2020-03-03 17:28:00,253.7,50.74
1755,3,2020-03-03 17:58:00,11.6,2.32
1756,67,2020-03-03 18:23:00,158.6,31.72
1757,14,2020-03-03 18:29:00,62.8,12.56
1758,14,2020-03-03 18:36:00,153.8,30.76
1759,5,2020-03-03 19:05:00,7.8,1.56
1760,8,2020-03-03 19:18:00,110.7,22.14
1761,6,2020-03-03 19:35:00,54.2,10.84
1762,8,2020-03-03 20:18:00,28.5,5.7
1763,7,2020-03-03 20:28:00,11.1,2.22
1764,2,2020-03-03 21:01:00,2.2,0.44
1765,7,2020-03-03 21:50:00,51.0,10.2
1766,13,2020-03-03 22:18:00,118.6,23.72
1767,10,2020-03-03 22:34:00,212.5,42.5
1768,8,2020-03-04 10:39:00,35.9,7.18
1769,6,2020-03-04 11:25:00,2.1,0.42
1770,5,2020-03-04 11:29:00,18.8,3.76
1771,8,2020-03-04 12:17:00,131.7,26.34
1772,67,2020-03-04 12:46:00,4.3,0.86
1773,68,2020-03-04 12:52:00,10.1,2.02
1774,13,2020-03-04 13:39:00,18.4,3.68
1775,8,2020-03-04 14:04:00,108.6,21.72
1776,13,2020-03-04 14:26:00,4.6,0.92
1777,13,2020-03-04 15:21:00,244.8,48.96
1778,14,2020-03-04 16:07:00,130.1,26.02
1779,3,2020-03-04 16:12:00,51.7,10.34
1780,1,2020-03-04 17:07:00,52.5,10.5
1781,7,2020-03-04 17:49:00,2.1,0.42
1782,14,2020-03-04 18:11:00,9.2,1.84
1783,9,2020-03-04 18:46:00,61.4,12.28
1784,5,2020-03-04 19:29:00,118.2,23.64
1785,9,2020-03-04 19:59:00,13.0,2.6
1786,9,2020-03-04 20:39:00,11.4,2.28
1787,2,2020-03-04 20:52:00,143.0,28.6
1788,12,2020-03-04 21:00:00,17.4,3.48
1789,9,2020-03-04 21:34:00,25.7,5.14
1790,6,2020-03-04 22:08:00,28.0,5.6
1791,7,2020-03-05 10:58:00,45.5,9.1
1792,5,2020-03-05 11:18:00,8.5,1.7
1793,7,2020-03-05 11:30:00,24.6,4.92
1794,9,2020-03-05 12:00:00,118.1,23.62
1795,0,2020-03-05 12:49:00,18.6,3.72
1796,14,2020-03-05 13:30:00,10.6,2.12
1797,7,2020-03-05 13:53:00,99.4,19.88
1798,13,2020-03-05 13:55:00,175.1,35.02
1799,10,2020-03-05 14:38:00,171.0,34.2
1800,13,2020-03-05 14:57:00,114.9,22.98
1801,9,2020-03-05 15:22:00,186.2,37.24
1802,12,2020-03-05 15:29:00,49.0,9.8
1803,67,2020-03-05 16:29:00,47.0,9.4
1804,10,2020-03-05 17:10:00,50.7,10.14
1805,4,2020-03-05 17:36:00,133.1,26.62
1806,6,2020-03-05 18:05:00,2.2,0.44
1807,7,2020-03-05 18:55:00,166.3,33.26
1808,12,2020-03-05 19:37:00,14.0,2.8
1809,9,2020-03-05 20:01:00,14.6,2.92
1810,4,2020-03-05 20:59:00,121.4,24.28
1811,68,2020-03-05 21:28:00,13.2,2.64
1812,3,2020-03-05 22:02:00,14.7,2.94
1813,13,2020-03-05 22:12:00,57.1,11.42
1814,6,2020-03-05 22:33:00,257.5,51.5
1815,14,2020-03-06 10:39:00,105.8,21.16
1816,4,2020-03-06 11:26:00,171.9,34.38
1817,14,2020-03-06 11:53:00,22.4,4.48
1818,68,2020-03-06 11:54:00,10.9,2.18
1819,9,2020-03-06 12:12:00,16.5,3.3
1820,14,2020-03-06 12:36:00,15.4,3.08
1821,14,2020-03-06 13:27:00,4.6,0.92
1822,8,2020-03-06 14:05:00,158.4,31.68
1823,67,2020-03-06 14:33:00,46.4,9.28
1824,2,2020-03-06 14:38:00,80.5,16.1
1825,8,2020-03-06 15:24:00,4.2,0.84
1826,1,2020-03-06 15:26:00,54.1,10.82
1827,0,2020-03-06 16:09:00,156.8,31.36
1828,67,2020-03-06 16:31:00,40.1,8.02
1829,13,2020-03-06 17:17:00,91.7,18.34
1830,1,2020-03-06 17:49:00,55.6,11.12
1831,10,2020-03-06 17:58:00,149.9,29.98
1832,5,2020-03-06 18:46:00,18.7,3.74
1833,12,2020-03-06 19:17:00,2.2,0.44
1834,2,2020-03-06 19:38:00,2.1,0.42
1835,3,2020-03-06 19:52:00,63.1,12.62
1836,9,2020-03-06 20:19:00,21.6,4.32
1837,5,2020-03-06 20:21:00,34.0,6.8
1838,14,2020-03-06 20:59:00,55.1,11.02
1839,13,2020-03-06 21:27:00,172.4,34.48
1840,9,2020-03-06 21:45:00,44.0,8.8
1841,14,2020-03-06 22:05:00,65.6,13.12
1842,10,2020-03-06 22:31:00,65.5,13.1
1843,14,2020-03-06 22:43:00,25.4,5.08
1844,2,2020-03-06 22:56:00,20.8,4.16
1845,14,2020-03-07 10:37:00,15.8,3.16
1846,9,2020-03-07 10:38:00,107.5,21.5
1847,68,2020-03-07 10:52:00,75.3,15.06
1848,3,2020-03-07 11:10:00,60.3,12.06
1849,8,2020-03-07 11:25:00,122.4,24.48
1850,0,2020-03-07 11:44:00,2.4,0.48
1851,6,2020-03-07 11:54:00,166.3,33.26
1852,8,2020-03-07 12:12:00,17.9,3.58
1853,10,2020-03-07 12:38:00,135.0,27.0
1854,67,2020-03-07 12:50:00,61.4,12.28
1855,3,2020-03-07 13:14:00,246.7,49.34
1856,6,2020-03-07 13:27:00,2.6,0.52
1857,13,2020-03-07 13:54:00,27.2,5.44
1858,12,2020-03-07 13:55:00,2.1,0.42
1859,2,2020-03-07 14:09:00,25.8,5.16
1860,14,2020-03-07 14:26:00,110.2,22.04
1861,6,2020-03-07 14:27:00,46.4,9.28
1862,67,2020-03-07 14:46:00,11.1,2.22
1863,14,2020-03-07 15:00:00,36.6,7.32
1864,10,2020-03-07 15:26:00,25.7,5.14
1865,4,2020-03-07 15:52:00,18.3,3.66
1866,3,2020-03-07 15:59:00,11.6,2.32
1867,0,2020-03-07 16:18:00,34.4,6.88
1868,7,2020-03-07 16:34:00,11.6,2.32
1869,8,2020-03-07 16:43:00,56.7,11.34
1870,9,2020-03-07 17:12:00,119.2,23.84
1871,9,2020-03-07 17:12:00,107.3,21.46
1872,0,2020-03-07 17:24:00,15.6,3.12
1873,14,2020-03-07 17:51:00,109.1,21.82
1874,12,2020-03-07 17:52:00,108.3,21.66
1875,0,2020-03-07 17:52:00,10.8,2.16
1876,4,2020-03-07 18:13:00,62.4,12.48
1877,10,2020-03-07 18:19:00,91.6,18.32
1878,4,2020-03-07 18:36:00,11.4,2.28
1879,2,2020-03-07 18:54:00,10.9,2.18
1880,7,2020-03-07 19:00:00,31.8,6.36
1881,68,2020-03-07 19:09:00,10.8,2.16
1882,67,2020-03-07 19:18:00,37.3,7.46
1883,6,2020-03-07 19:33:00,26.6,5.32
1884,3,2020-03-07 19:36:00,58.7,11.74
1885,8,2020-03-07 19:58:00,13.0,2.6
1886,68,2020-03-07 20:21:00,12.1,2.42
1887,10,2020-03-07 20:49:00,2.2,0.44
1888,8,2020-03-07 21:14:00,107.5,21.5
1889,67,2020-03-07 21:32:00,11.7,2.34
1890,4,2020-03-07 21:53:00,7.8,1.56
1891,12,2020-03-07 22:13:00,2.4,0.48
1892,1,2020-03-07 22:26:00,151.5,30.3
1893,1,2020-03-07 22:45:00,25.3,5.06
1894,10,2020-03-08 11:16:00,153.1,30.62
1895,4,2020-03-08 12:01:00,166.8,33.36
1896,13,2020-03-08 12:12:00,22.8,4.56
1897,9,2020-03-08 13:09:00,10.1,2.02
1898,6,2020-03-08 13:27:00,4.5,0.9
1899,8,2020-03-08 13:42:00,137.0,27.4
1900,8,2020-03-08 14:40:00,11.4,2.28
1901,12,2020-03-08 14:41:00,30.9,6.18
1902,12,2020-03-08 14:51:00,113.1,22.62
1903,1,2020-03-08 15:50:00,44.5,8.9
1904,9,2020-03-08 15:57:00,159.3,31.86
1905,1,2020-03-08 16:21:00,227.9,45.58
1906,5,2020-03-08 17:16:00,11.7,2.34
1907,68,2020-03-08 17:31:00,65.5,13.1
1908,5,2020-03-08 18:23:00,13.0,2.6
1909,13,2020-03-08 19:21:00,11.1,2.22
1910,5,2020-03-08 19:54:00,47.0,9.4
1911,4,2020-03-08 20:25:00,10.0,2.0
1912,8,2020-03-08 20:38:00,21.9,4.38
1913,8,2020-03-08 21:05:00,154.1,30.82
1914,10,2020-03-08 21:42:00,123.4,24.68
1915,5,2020-03-08 21:58:00,57.8,11.56
1916,13,2020-03-08 22:41:00,13.2,2.64
1917,4,2020-03-08 22:41:00,145.4,29.08
1918,14,2020-03-09 10:47:00,21.8,4.36
1919,7,2020-03-09 11:31:00,13.2,2.64
1920,6,2020-03-09 11:59:00,15.8,3.16
1921,3,2020-03-09 12:53:00,2.1,0.42
1922,2,2020-03-09 13:29:00,4.5,0.9
1923,9,2020-03-09 14:09:00,20.1,4.02
1924,3,2020-03-09 14:38:00,145.6,29.12
1925,8,2020-03-09 14:44:00,166.2,33.24
1926,12,2020-03-09 14:59:00,126.0,25.2
1927,4,2020-03-09 15:55:00,16.0,3.2
1928,2,2020-03-09 16:18:00,134.6,26.92
1929,9,2020-03-09 17:13:00,62.8,12.56
1930,3,2020-03-09 17:41:00,113.1,22.62
1931,1,2020-03-09 18:04:00,10.2,2.04
1932,7,2020-03-09 18:28:00,134.8,26.96
1933,13,2020-03-09 18:31:00,57.3,11.46
1934,4,2020-03-09 19:07:00,27.3,5.46
1935,9,2020-03-09 19:45:00,10.1,2.02
1936,3,2020-03-09 20:28:00,7.1,1.42
1937,10,2020-03-09 20:45:00,191.5,38.3
1938,7,2020-03-09 20:52:00,47.9,9.58
1939,2,2020-03-09 21:41:00,60.2,12.04
1940,4,2020-03-09 22:31:00,11.1,2.22
1941,1,2020-03-09 22:39:00,2.4,0.48
1942,3,2020-03-09 22:56:00,18.1,3.62
1943,67,2020-03-10 10:29:00,13.3,2.66
1944,9,2020-03-10 10:29:00,16.2,3.24
1945,13,2020-03-10 11:03:00,11.7,2.34
1946,67,2020-03-10 11:45:00,373.5,74.7
1947,1,2020-03-10 12:45:00,17.4,3.48
1948,5,2020-03-10 13:42:00,29.2,5.84
1949,9,2020-03-10 14:21:00,151.0,30.2
1950,0,2020-03-10 14:43:00,125.0,25.0
1951,3,2020-03-10 15:39:00,2.2,0.44
1952,0,2020-03-10 16:20:00,11.7,2.34
1953,10,2020-03-10 17:10:00,119.4,23.88
1954,2,2020-03-10 17:20:00,8.5,1.7
1955,13,2020-03-10 18:07:00,18.6,3.72
1956,3,2020-03-10 19:04:00,10.9,2.18
1957,3,2020-03-10 19:47:00,131.4,26.28
1958,1,2020-03-10 20:14:00,41.4,8.28
1959,13,2020-03-10 20:20:00,109.1,21.82
1960,8,2020-03-10 20:49:00,2.6,0.52
1961,0,2020-03-10 21:05:00,4.8,0.96
1962,7,2020-03-10 22:05:00,68.1,13.62
1963,67,2020-03-10 22:57:00,44.0,8.8
1964,7,2020-03-11 10:42:00,65.5,13.1
1965,0,2020-03-11 10:55:00,7.5,1.5
1966,4,2020-03-11 11:23:00,8.0,1.6
1967,8,2020-03-11 12:22:00,109.1,21.82
1968,8,2020-03-11 12:52:00,73.3,14.66
1969,7,2020-03-11 13:01:00,36.2,7.24
1970,7,2020-03-11 13:22:00,13.9,2.78
1971,0,2020-03-11 14:17:00,226.7,45.34
1972,4,2020-03-11 15:14:00,22.3,4.46
1973,8,2020-03-11 15:41:00,177.3,35.46
1974,10,2020-03-11 15:54:00,8.5,1.7
1975,5,2020-03-11 16:12:00,10.9,2.18
1976,1,2020-03-11 17:07:00,67.4,13.48
1977,67,2020-03-11 17:36:00,167.6,33.52
1978,13,2020-03-11 18:04:00,2.1,0.42
1979,12,2020-03-11 18:37:00,21.9,4.38
1980,13,2020-03-11 18:50:00,123.8,24.76
1981,0,2020-03-11 19:06:00,58.7,11.74
1982,14,2020-03-11 19:15:00,17.1,3.42
1983,14,2020-03-11 19:48:00,154.6,30.92
1984,5,2020-03-11 20:19:00,174.3,34.86
1985,0,2020-03-11 20:48:00,23.4,4.68
1986,67,2020-03-11 20:53:00,162.9,32.58
1987,5,2020-03-11 21:11:00,66.7,13.34
1988,5,2020-03-11 21:29:00,110.7,22.14
1989,4,2020-03-11 21:29:00,13.1,2.62
1990,9,2020-03-11 21:44:00,2.6,0.52
1991,4,2020-03-11 21:56:00,164.7,32.94
1992,9,2020-03-11 22:12:00,4.7,0.94
1993,3,2020-03-11 22:56:00,64.2,12.84
1994,2,2020-03-11 22:59:00,116.2,23.24
1995,0,2020-03-12 10:28:00,8.5,1.7
1996,13,2020-03-12 11:10:00,62.6,12.52
1997,13,2020-03-12 11:23:00,263.7,52.74
1998,13,2020-03-12 12:22:00,30.5,6.1
1999,68,2020-03-12 12:41:00,103.9,20.78
2000,6,2020-03-12 12:44:00,66.1,13.22
2001,10,2020-03-12 13:39:00,8.5,1.7
2002,3,2020-03-12 13:48:00,38.0,7.6
2003,0,2020-03-12 14:08:00,162.2,32.44
2004,1,2020-03-12 14:22:00,120.7,24.14
2005,2,2020-03-12 15:22:00,135.4,27.08
2006,8,2020-03-12 16:20:00,11.7,2.34
2007,10,2020-03-12 16:22:00,2.1,0.42
2008,13,2020-03-12 16:27:00,220.3,44.06
2009,1,2020-03-12 16:36:00,280.7,56.14
2010,9,2020-03-12 17:09:00,161.2,32.24
2011,13,2020-03-12 18:09:00,175.5,35.1
2012,13,2020-03-12 18:36:00,8.5,1.7
2013,5,2020-03-12 19:04:00,46.4,9.28
2014,1,2020-03-12 19:55:00,2.4,0.48
2015,7,2020-03-12 20:17:00,123.8,24.76
2016,13,2020-03-12 20:36:00,4.5,0.9
2017,9,2020-03-12 20:47:00,252.8,50.56
2018,13,2020-03-12 21:21:00,10.0,2.0
2019,2,2020-03-12 21:25:00,122.8,24.56
2020,8,2020-03-12 21:51:00,37.2,7.44
2021,8,2020-03-12 21:59:00,129.1,25.82
2022,4,2020-03-12 22:34:00,12.3,2.46
2023,67,2020-03-13 10:30:00,13.2,2.64
2024,68,2020-03-13 11:10:00,167.3,33.46
2025,67,2020-03-13 11:25:00,7.8,1.56
2026,14,2020-03-13 12:07:00,28.7,5.74
2027,1,2020-03-13 13:00:00,26.7,5.34
2028,4,2020-03-13 13:46:00,68.1,13.62
2029,0,2020-03-13 14:05:00,6.7,1.34
2030,3,2020-03-13 14:51:00,13.6,2.72
2031,5,2020-03-13 15:10:00,31.3,6.26
2032,0,2020-03-13 16:05:00,14.3,2.86
2033,1,2020-03-13 16:06:00,60.8,12.16
2034,13,2020-03-13 16:32:00,57.2,11.44
2035,9,2020-03-13 17:15:00,174.1,34.82
2036,13,2020-03-13 18:12:00,10.7,2.14
2037,4,2020-03-13 18:41:00,30.8,6.16
2038,68,2020-03-13 18:54:00,65.7,13.14
2039,9,2020-03-13 19:21:00,9.9,1.98
2040,7,2020-03-13 19:32:00,110.1,22.02
2041,13,2020-03-13 19:46:00,17.1,3.42
2042,7,2020-03-13 20:02:00,70.4,14.08
2043,0,2020-03-13 20:23:00,18.2,3.64
2044,10,2020-03-13 20:31:00,34.9,6.98
2045,7,2020-03-13 21:17:00,2.4,0.48
2046,3,2020-03-13 22:00:00,123.9,24.78
2047,14,2020-03-13 22:37:00,4.6,0.92
2048,14,2020-03-14 10:57:00,357.7,71.54
2049,7,2020-03-14 11:04:00,62.9,12.58
2050,6,2020-03-14 11:27:00,127.7,25.54
2051,10,2020-03-14 11:36:00,44.0,8.8
2052,6,2020-03-14 11:36:00,2.1,0.42
2053,68,2020-03-14 12:03:00,136.8,27.36
2054,13,2020-03-14 12:17:00,68.4,13.68
2055,14,2020-03-14 12:19:00,13.8,2.76
2056,12,2020-03-14 12:33:00,2.4,0.48
2057,2,2020-03-14 13:01:00,66.2,13.24
2058,10,2020-03-14 13:13:00,80.6,16.12
2059,5,2020-03-14 13:18:00,11.1,2.22
2060,0,2020-03-14 13:48:00,21.4,4.28
2061,6,2020-03-14 14:14:00,18.7,3.74
2062,6,2020-03-14 14:21:00,113.9,22.78
2063,6,2020-03-14 14:38:00,229.8,45.96
2064,9,2020-03-14 14:44:00,171.5,34.3
2065,1,2020-03-14 14:44:00,68.8,13.76
2066,14,2020-03-14 14:57:00,38.2,7.64
2067,67,2020-03-14 15:21:00,27.2,5.44
2068,13,2020-03-14 15:46:00,105.2,21.04
2069,0,2020-03-14 15:55:00,24.9,4.98
2070,12,2020-03-14 16:06:00,22.3,4.46
2071,4,2020-03-14 16:32:00,32.6,6.52
2072,10,2020-03-14 17:02:00,79.3,15.86
2073,10,2020-03-14 17:05:00,34.4,6.88
2074,7,2020-03-14 17:08:00,28.1,5.62
2075,4,2020-03-14 17:24:00,10.0,2.0
2076,9,2020-03-14 17:41:00,50.7,10.14
2077,67,2020-03-14 17:43:00,132.4,26.48
2078,14,2020-03-14 17:49:00,2.1,0.42
2079,8,2020-03-14 17:58:00,18.9,3.78
2080,3,2020-03-14 17:58:00,122.3,24.46
2081,6,2020-03-14 18:10:00,74.7,14.94
2082,14,2020-03-14 18:20:00,277.6,55.52
2083,14,2020-03-14 18:27:00,196.3,39.26
2084,9,2020-03-14 18:41:00,58.7,11.74
2085,13,2020-03-14 19:08:00,102.1,20.42
2086,10,2020-03-14 19:15:00,47.6,9.52
2087,2,2020-03-14 19:33:00,18.5,3.7
2088,7,2020-03-14 19:49:00,2.4,0.48
2089,8,2020-03-14 20:02:00,26.8,5.36
2090,9,2020-03-14 20:31:00,2.4,0.48
2091,7,2020-03-14 20:33:00,111.1,22.22
2092,3,2020-03-14 21:01:00,123.2,24.64
2093,67,2020-03-14 21:13:00,61.8,12.36
2094,2,2020-03-14 21:21:00,11.6,2.32
2095,8,2020-03-14 21:23:00,47.9,9.58
2096,0,2020-03-14 21:47:00,22.8,4.56
2097,67,2020-03-14 22:17:00,13.2,2.64
2098,12,2020-03-14 22:19:00,109.1,21.82
2099,5,2020-03-14 22:22:00,2.4,0.48
2100,67,2020-03-14 22:49:00,26.3,5.26
2101,10,2020-03-15 11:23:00,8.5,1.7
2102,6,2020-03-15 11:24:00,51.5,10.3
2103,2,2020-03-15 11:51:00,54.1,10.82
2104,9,2020-03-15 12:27:00,4.8,0.96
2105,67,2020-03-15 13:11:00,46.4,9.28
2106,7,2020-03-15 13:48:00,2.4,0.48
2107,5,2020-03-15 14:38:00,16.7,3.34
2108,12,2020-03-15 14:51:00,47.9,9.58
2109,13,2020-03-15 14:57:00,20.3,4.06
2110,2,2020-03-15 15:37:00,164.4,32.88
2111,0,2020-03-15 16:19:00,37.1,7.42
2112,13,2020-03-15 17:07:00,44.0,8.8
2113,6,2020-03-15 17:23:00,8.5,1.7
2114,7,2020-03-15 18:08:00,31.0,6.2
2115,5,2020-03-15 18:22:00,69.9,13.98
2116,1,2020-03-15 18:30:00,70.1,14.02
2117,68,2020-03-15 19:24:00,37.5,7.5
2118,2,2020-03-15 20:23:00,15.7,3.14
2119,8,2020-03-15 20:43:00,16.5,3.3
2120,5,2020-03-15 21:40:00,59.3,11.86
2121,8,2020-03-15 22:37:00,13.2,2.64
2122,14,2020-03-16 10:57:00,72.2,14.44
2123,12,2020-03-16 11:53:00,28.5,5.7
2124,3,2020-03-16 12:19:00,7.4,1.48
2125,5,2020-03-16 13:10:00,250.7,50.14
2126,2,2020-03-16 13:12:00,15.2,3.04
2127,13,2020-03-16 13:20:00,6.9,1.38
2128,1,2020-03-16 14:12:00,353.0,70.6
2129,8,2020-03-16 15:03:00,69.2,13.84
2130,8,2020-03-16 15:38:00,24.0,4.8
2131,2,2020-03-16 16:20:00,60.5,12.1
2132,7,2020-03-16 17:05:00,110.7,22.14
2133,10,2020-03-16 17:31:00,8.5,1.7
2134,0,2020-03-16 17:53:00,2.1,0.42
2135,10,2020-03-16 18:14:00,37.4,7.48
2136,68,2020-03-16 18:34:00,141.2,28.24
2137,68,2020-03-16 19:34:00,12.8,2.56
2138,2,2020-03-16 19:38:00,2.6,0.52
2139,3,2020-03-16 20:09:00,112.2,22.44
2140,8,2020-03-16 20:36:00,24.8,4.96
2141,8,2020-03-16 21:18:00,28.2,5.64
2142,13,2020-03-16 21:36:00,33.4,6.68
2143,67,2020-03-16 22:04:00,30.7,6.14
2144,9,2020-03-16 22:33:00,4.8,0.96
2145,5,2020-03-17 10:54:00,11.7,2.34
2146,14,2020-03-17 11:52:00,60.7,12.14
2147,1,2020-03-17 12:29:00,97.3,19.46
2148,4,2020-03-17 13:14:00,142.2,28.44
2149,7,2020-03-17 14:01:00,110.7,22.14
2150,13,2020-03-17 15:00:00,123.0,24.6
2151,6,2020-03-17 15:18:00,122.8,24.56
2152,6,2020-03-17 15:59:00,30.0,6.0
2153,6,2020-03-17 16:23:00,63.4,12.68
2154,4,2020-03-17 16:41:00,2.2,0.44
2155,0,2020-03-17 16:44:00,59.0,11.8
2156,0,2020-03-17 17:06:00,126.0,25.2
2157,0,2020-03-17 17:17:00,22.1,4.42
2158,67,2020-03-17 17:35:00,130.4,26.08
2159,0,2020-03-17 17:51:00,7.0,1.4
2160,2,2020-03-17 18:14:00,112.2,22.44
2161,10,2020-03-17 18:14:00,16.2,3.24
2162,7,2020-03-17 18:49:00,17.8,3.56
2163,14,2020-03-17 19:13:00,109.1,21.82
2164,67,2020-03-17 19:17:00,14.1,2.82
2165,5,2020-03-17 19:54:00,21.0,4.2
2166,0,2020-03-17 20:05:00,28.2,5.64
2167,7,2020-03-17 20:32:00,17.4,3.48
2168,3,2020-03-17 21:18:00,214.2,42.84
2169,4,2020-03-17 22:07:00,113.9,22.78
2170,5,2020-03-17 22:17:00,252.6,50.52
2171,3,2020-03-17 22:51:00,80.9,16.18
2172,10,2020-03-18 10:43:00,145.1,29.02
2173,9,2020-03-18 11:15:00,47.7,9.54
2174,5,2020-03-18 11:46:00,20.7,4.14
2175,8,2020-03-18 12:18:00,48.4,9.68
2176,14,2020-03-18 13:08:00,2.6,0.52
2177,0,2020-03-18 13:18:00,212.6,42.52
2178,67,2020-03-18 14:02:00,17.3,3.46
2179,5,2020-03-18 15:00:00,53.3,10.66
2180,10,2020-03-18 15:40:00,34.7,6.94
2181,68,2020-03-18 16:38:00,199.6,39.92
2182,13,2020-03-18 16:56:00,2.1,0.42
2183,0,2020-03-18 16:57:00,2.1,0.42
2184,4,2020-03-18 17:07:00,50.8,10.16
2185,1,2020-03-18 17:26:00,2.4,0.48
2186,68,2020-03-18 17:29:00,57.2,11.44
2187,7,2020-03-18 17:45:00,20.2,4.04
2188,6,2020-03-18 17:59:00,12.2,2.44
2189,9,2020-03-18 18:52:00,13.2,2.64
2190,3,2020-03-18 19:13:00,111.2,22.24
2191,12,2020-03-18 19:31:00,23.6,4.72
2192,67,2020-03-18 20:06:00,14.2,2.84
2193,3,2020-03-18 20:18:00,46.2,9.24
2194,68,2020-03-18 21:08:00,10.9,2.18
2195,5,2020-03-18 21:35:00,2.1,0.42
2196,6,2020-03-18 21:51:00,4.2,0.84
2197,14,2020-03-18 22:48:00,38.5,7.7
2198,1,2020-03-18 22:49:00,317.7,63.54
2199,5,2020-03-18 22:54:00,43.2,8.64
2200,8,2020-03-19 10:32:00,343.4,68.68
2201,14,2020-03-19 10:38:00,14.7,2.94
2202,67,2020-03-19 11:36:00,61.6,12.32
2203,1,2020-03-19 12:32:00,28.6,5.72
2204,5,2020-03-19 13:19:00,311.6,62.32
2205,14,2020-03-19 13:53:00,16.1,3.22
2206,14,2020-03-19 14:13:00,189.4,37.88
2207,67,2020-03-19 15:04:00,14.9,2.98
2208,3,2020-03-19 15:06:00,116.2,23.24
2209,7,2020-03-19 15:38:00,162.8,32.56
2210,8,2020-03-19 16:28:00,4.5,0.9
2211,67,2020-03-19 16:39:00,56.4,11.28
2212,1,2020-03-19 16:47:00,91.9,18.38
2213,0,2020-03-19 17:34:00,46.4,9.28
2214,3,2020-03-19 18:16:00,65.6,13.12
2215,9,2020-03-19 18:33:00,14.8,2.96
2216,6,2020-03-19 18:59:00,40.9,8.18
2217,12,2020-03-19 19:51:00,25.1,5.02
2218,68,2020-03-19 19:53:00,2.2,0.44
2219,68,2020-03-19 20:36:00,122.3,24.46
2220,14,2020-03-19 21:21:00,61.6,12.32
2221,1,2020-03-19 21:21:00,166.5,33.3
2222,4,2020-03-19 22:00:00,11.7,2.34
2223,7,2020-03-19 22:09:00,22.5,4.5
2224,6,2020-03-19 22:16:00,11.7,2.34
2225,13,2020-03-19 22:28:00,7.1,1.42
2226,8,2020-03-19 22:59:00,11.1,2.22
2227,2,2020-03-20 10:45:00,110.7,22.14
2228,13,2020-03-20 11:29:00,10.1,2.02
2229,67,2020-03-20 11:30:00,13.0,2.6
2230,6,2020-03-20 11:57:00,19.2,3.84
2231,67,2020-03-20 11:59:00,166.4,33.28
2232,0,2020-03-20 12:14:00,73.1,14.62
2233,8,2020-03-20 12:46:00,8.5,1.7
2234,5,2020-03-20 13:34:00,11.4,2.28
2235,6,2020-03-20 13:51:00,166.2,33.24
2236,1,2020-03-20 14:50:00,265.7,53.14
2237,6,2020-03-20 15:35:00,19.6,3.92
2238,7,2020-03-20 15:59:00,144.5,28.9
2239,14,2020-03-20 16:08:00,178.9,35.78
2240,1,2020-03-20 17:03:00,8.5,1.7
2241,6,2020-03-20 17:34:00,74.5,14.9
2242,4,2020-03-20 17:56:00,137.1,27.42
2243,68,2020-03-20 18:03:00,171.3,34.26
2244,12,2020-03-20 18:44:00,157.6,31.52
2245,0,2020-03-20 18:47:00,12.4,2.48
2246,8,2020-03-20 19:03:00,8.5,1.7
2247,10,2020-03-20 19:29:00,132.2,26.44
2248,14,2020-03-20 20:13:00,10.1,2.02
2249,10,2020-03-20 21:01:00,33.8,6.76
2250,68,2020-03-20 21:11:00,13.8,2.76
2251,13,2020-03-20 21:59:00,116.0,23.2
2252,8,2020-03-20 22:14:00,32.0,6.4
2253,12,2020-03-20 22:33:00,155.4,31.08
2254,4,2020-03-21 10:34:00,109.7,21.94
2255,3,2020-03-21 10:45:00,2.1,0.42
2256,10,2020-03-21 11:13:00,188.5,37.7
2257,68,2020-03-21 11:20:00,27.3,5.46
2258,1,2020-03-21 11:34:00,118.9,23.78
2259,10,2020-03-21 11:44:00,2.4,0.48
2260,12,2020-03-21 12:01:00,4.7,0.94
2261,0,2020-03-21 12:24:00,47.6,9.52
2262,5,2020-03-21 12:27:00,42.4,8.48
2263,1,2020-03-21 12:43:00,245.0,49.0
2264,6,2020-03-21 13:02:00,10.1,2.02
2265,9,2020-03-21 13:11:00,138.5,27.7
2266,6,2020-03-21 13:36:00,55.0,11.0
2267,4,2020-03-21 14:04:00,4.6,0.92
2268,4,2020-03-21 14:21:00,25.6,5.12
2269,4,2020-03-21 14:41:00,407.2,81.44
2270,4,2020-03-21 15:11:00,82.9,16.58
2271,4,2020-03-21 15:26:00,303.8,60.76
2272,5,2020-03-21 15:54:00,8.5,1.7
2273,14,2020-03-21 15:57:00,2.2,0.44
2274,12,2020-03-21 15:57:00,16.2,3.24
2275,67,2020-03-21 15:59:00,26.0,5.2
2276,4,2020-03-21 16:12:00,2.4,0.48
2277,10,2020-03-21 16:31:00,23.0,4.6
2278,9,2020-03-21 16:35:00,172.3,34.46
2279,3,2020-03-21 16:57:00,121.3,24.26
2280,2,2020-03-21 17:01:00,166.9,33.38
2281,5,2020-03-21 17:25:00,94.9,18.98
2282,67,2020-03-21 17:31:00,68.8,13.76
2283,67,2020-03-21 17:43:00,10.9,2.18
2284,7,2020-03-21 18:09:00,137.4,27.48
2285,12,2020-03-21 18:34:00,164.3,32.86
2286,67,2020-03-21 18:59:00,169.3,33.86
2287,7,2020-03-21 19:18:00,133.5,26.7
2288,14,2020-03-21 19:37:00,47.9,9.58
2289,0,2020-03-21 19:49:00,52.4,10.48
2290,13,2020-03-21 19:49:00,137.7,27.54
2291,68,2020-03-21 20:05:00,31.1,6.22
2292,9,2020-03-21 20:35:00,2.4,0.48
2293,8,2020-03-21 20:41:00,47.7,9.54
2294,13,2020-03-21 20:53:00,23.9,4.78
2295,14,2020-03-21 21:17:00,23.2,4.64
2296,9,2020-03-21 21:38:00,157.1,31.42
2297,68,2020-03-21 21:48:00,2.1,0.42
2298,4,2020-03-21 22:15:00,8.5,1.7
2299,10,2020-03-21 22:17:00,223.0,44.6
2300,3,2020-03-21 22:36:00,35.8,7.16
2301,8,2020-03-21 22:55:00,122.9,24.58
2302,1,2020-03-22 11:27:00,208.8,41.76
2303,14,2020-03-22 12:06:00,11.6,2.32
2304,0,2020-03-22 12:08:00,20.9,4.18
2305,14,2020-03-22 12:15:00,144.5,28.9
2306,12,2020-03-22 12:37:00,21.4,4.28
2307,0,2020-03-22 13:35:00,32.2,6.44
2308,5,2020-03-22 14:25:00,13.0,2.6
2309,9,2020-03-22 15:20:00,126.0,25.2
2310,12,2020-03-22 15:31:00,130.0,26.0
2311,14,2020-03-22 15:53:00,23.9,4.78
2312,13,2020-03-22 16:34:00,5.2,1.04
2313,0,2020-03-22 17:15:00,58.1,11.62
2314,0,2020-03-22 17:35:00,53.6,10.72
2315,8,2020-03-22 17:42:00,16.3,3.26
2316,5,2020-03-22 18:09:00,70.0,14.0
2317,1,2020-03-22 18:22:00,11.7,2.34
2318,4,2020-03-22 18:40:00,72.6,14.52
2319,5,2020-03-22 19:00:00,29.9,5.98
2320,3,2020-03-22 19:47:00,23.9,4.78
2321,9,2020-03-22 19:57:00,32.8,6.56
2322,9,2020-03-22 20:56:00,27.1,5.42
2323,12,2020-03-22 21:38:00,61.8,12.36
2324,5,2020-03-22 22:32:00,2.4,0.48
2325,13,2020-03-23 10:56:00,45.5,9.1
2326,68,2020-03-23 11:17:00,24.5,4.9
2327,7,2020-03-23 11:26:00,48.8,9.76
2328,0,2020-03-23 11:44:00,2.1,0.42
2329,6,2020-03-23 12:37:00,67.8,13.56
2330,0,2020-03-23 13:02:00,27.2,5.44
2331,12,2020-03-23 13:22:00,88.0,17.6
2332,5,2020-03-23 13:36:00,7.8,1.56
2333,9,2020-03-23 14:31:00,46.4,9.28
2334,14,2020-03-23 15:06:00,18.0,3.6
2335,4,2020-03-23 15:37:00,68.9,13.78
2336,14,2020-03-23 15:38:00,30.7,6.14
2337,4,2020-03-23 15:59:00,33.3,6.66
2338,8,2020-03-23 16:41:00,10.2,2.04
2339,14,2020-03-23 16:41:00,23.1,4.62
2340,12,2020-03-23 17:15:00,4.8,0.96
2341,7,2020-03-23 18:03:00,35.7,7.14
2342,9,2020-03-23 18:49:00,113.1,22.62
2343,9,2020-03-23 19:33:00,115.2,23.04
2344,14,2020-03-23 20:10:00,364.9,72.98
2345,13,2020-03-23 20:29:00,88.0,17.6
2346,0,2020-03-23 20:43:00,21.8,4.36
2347,12,2020-03-23 21:19:00,156.6,31.32
2348,4,2020-03-23 22:19:00,23.0,4.6
2349,0,2020-03-24 10:58:00,13.0,2.6
2350,8,2020-03-24 11:33:00,2.1,0.42
2351,8,2020-03-24 11:35:00,29.9,5.98
2352,0,2020-03-24 11:59:00,140.4,28.08
2353,67,2020-03-24 12:44:00,205.2,41.04
2354,5,2020-03-24 13:14:00,57.6,11.52
2355,10,2020-03-24 13:41:00,59.9,11.98
2356,68,2020-03-24 14:30:00,72.4,14.48
2357,12,2020-03-24 14:33:00,135.8,27.16
2358,68,2020-03-24 14:52:00,99.5,19.9
2359,2,2020-03-24 15:12:00,30.9,6.18
2360,0,2020-03-24 15:26:00,45.5,9.1
2361,0,2020-03-24 15:53:00,32.7,6.54
2362,0,2020-03-24 16:02:00,16.0,3.2
2363,12,2020-03-24 16:14:00,13.2,2.64
2364,6,2020-03-24 16:42:00,11.7,2.34
2365,12,2020-03-24 17:27:00,70.7,14.14
2366,12,2020-03-24 18:11:00,48.5,9.7
2367,6,2020-03-24 19:08:00,17.5,3.5
2368,0,2020-03-24 19:53:00,4.8,0.96
2369,1,2020-03-24 20:11:00,166.2,33.24
2370,9,2020-03-24 21:09:00,31.8,6.36
2371,67,2020-03-24 21:25:00,170.9,34.18
2372,12,2020-03-24 21:29:00,98.1,19.62
2373,6,2020-03-24 21:37:00,17.9,3.58
2374,3,2020-03-24 21:37:00,25.5,5.1
2375,68,2020-03-24 22:07:00,2.1,0.42
2376,12,2020-03-24 22:38:00,164.6,32.92
2377,5,2020-03-25 10:22:00,71.9,14.38
2378,13,2020-03-25 10:28:00,17.6,3.52
2379,68,2020-03-25 10:36:00,61.7,12.34
2380,8,2020-03-25 11:32:00,11.7,2.34
2381,3,2020-03-25 12:09:00,57.0,11.4
2382,68,2020-03-25 12:58:00,45.5,9.1
2383,10,2020-03-25 13:52:00,28.5,5.7
2384,13,2020-03-25 14:32:00,4.5,0.9
2385,10,2020-03-25 14:54:00,2.4,0.48
2386,13,2020-03-25 15:38:00,143.0,28.6
2387,10,2020-03-25 16:17:00,13.8,2.76
2388,67,2020-03-25 17:02:00,2.4,0.48
2389,67,2020-03-25 17:51:00,57.7,11.54
2390,7,2020-03-25 18:15:00,2.4,0.48
2391,14,2020-03-25 18:38:00,153.0,30.6
2392,8,2020-03-25 19:28:00,54.4,10.88
2393,3,2020-03-25 20:02:00,27.6,5.52
2394,8,2020-03-25 20:36:00,23.6,4.72
2395,8,2020-03-25 20:38:00,10.9,2.18
2396,6,2020-03-25 20:47:00,38.3,7.66
2397,68,2020-03-25 21:37:00,5.4,1.08
2398,8,2020-03-25 22:25:00,28.4,5.68
2399,6,2020-03-25 22:36:00,2.2,0.44
2400,68,2020-03-25 22:54:00,11.1,2.22
2401,3,2020-03-26 10:34:00,139.2,27.84
2402,3,2020-03-26 11:20:00,10.0,2.0
2403,68,2020-03-26 11:32:00,10.1,2.02
2404,4,2020-03-26 11:49:00,13.6,2.72
2405,68,2020-03-26 12:29:00,14.1,2.82
2406,4,2020-03-26 12:58:00,49.4,9.88
2407,13,2020-03-26 13:08:00,24.9,4.98
2408,5,2020-03-26 13:43:00,13.1,2.62
2409,10,2020-03-26 14:03:00,58.0,11.6
2410,13,2020-03-26 14:17:00,28.8,5.76
2411,7,2020-03-26 15:08:00,11.7,2.34
2412,68,2020-03-26 15:31:00,88.0,17.6
2413,1,2020-03-26 16:21:00,236.7,47.34
2414,13,2020-03-26 16:35:00,2.4,0.48
2415,68,2020-03-26 16:58:00,17.9,3.58
2416,4,2020-03-26 17:49:00,85.5,17.1
2417,9,2020-03-26 18:46:00,4.6,0.92
2418,10,2020-03-26 19:26:00,92.5,18.5
2419,14,2020-03-26 20:21:00,56.5,11.3
2420,12,2020-03-26 20:52:00,2.4,0.48
2421,12,2020-03-26 21:10:00,104.4,20.88
2422,8,2020-03-26 21:24:00,79.9,15.98
2423,9,2020-03-26 22:08:00,46.0,9.2
2424,4,2020-03-26 22:10:00,144.5,28.9
2425,68,2020-03-26 22:59:00,164.6,32.92
2426,1,2020-03-27 10:25:00,240.4,48.08
2427,14,2020-03-27 11:14:00,2.2,0.44
2428,6,2020-03-27 11:24:00,363.8,72.76
2429,1,2020-03-27 11:24:00,133.2,26.64
2430,67,2020-03-27 12:09:00,163.2,32.64
2431,10,2020-03-27 12:21:00,158.3,31.66
2432,13,2020-03-27 13:02:00,71.8,14.36
2433,2,2020-03-27 13:54:00,55.5,11.1
2434,68,2020-03-27 14:09:00,7.0,1.4
2435,1,2020-03-27 14:56:00,176.3,35.26
2436,4,2020-03-27 15:37:00,177.4,35.48
2437,68,2020-03-27 16:06:00,9.8,1.96
2438,7,2020-03-27 17:00:00,33.0,6.6
2439,9,2020-03-27 17:42:00,11.7,2.34
2440,67,2020-03-27 18:17:00,37.3,7.46
2441,7,2020-03-27 19:01:00,168.8,33.76
2442,13,2020-03-27 19:53:00,60.0,12.0
2443,4,2020-03-27 20:38:00,42.9,8.58
2444,2,2020-03-27 21:14:00,22.6,4.52
2445,68,2020-03-27 21:46:00,2.4,0.48
2446,68,2020-03-27 22:10:00,26.2,5.24
2447,14,2020-03-27 22:26:00,32.6,6.52
2448,1,2020-03-27 22:47:00,23.3,4.66
2449,67,2020-03-28 10:53:00,10.1,2.02
2450,7,2020-03-28 11:13:00,4.8,0.96
2451,14,2020-03-28 11:24:00,109.1,21.82
2452,9,2020-03-28 11:25:00,128.2,25.64
2453,67,2020-03-28 11:45:00,11.6,2.32
2454,67,2020-03-28 12:13:00,2.1,0.42
2455,13,2020-03-28 12:40:00,27.1,5.42
2456,9,2020-03-28 12:43:00,11.7,2.34
2457,0,2020-03-28 13:13:00,50.0,10.0
2458,67,2020-03-28 13:18:00,2.4,0.48
2459,1,2020-03-28 13:19:00,25.1,5.02
2460,2,2020-03-28 13:39:00,22.4,4.48
2461,0,2020-03-28 14:03:00,21.7,4.34
2462,9,2020-03-28 14:31:00,20.2,4.04
2463,3,2020-03-28 14:32:00,156.2,31.24
2464,10,2020-03-28 14:55:00,2.1,0.42
2465,3,2020-03-28 14:58:00,110.7,22.14
2466,4,2020-03-28 15:02:00,10.0,2.0
2467,67,2020-03-28 15:26:00,4.6,0.92
2468,8,2020-03-28 15:45:00,168.7,33.74
2469,1,2020-03-28 15:49:00,173.8,34.76
2470,7,2020-03-28 16:04:00,35.1,7.02
2471,67,2020-03-28 16:26:00,46.4,9.28
2472,10,2020-03-28 16:56:00,24.0,4.8
2473,2,2020-03-28 17:10:00,36.3,7.26
2474,1,2020-03-28 17:40:00,44.3,8.86
2475,4,2020-03-28 17:43:00,16.4,3.28
2476,68,2020-03-28 18:10:00,11.8,2.36
2477,67,2020-03-28 18:36:00,2.4,0.48
2478,7,2020-03-28 18:57:00,8.4,1.68
2479,3,2020-03-28 19:25:00,126.1,25.22
2480,67,2020-03-28 19:33:00,5.2,1.04
2481,7,2020-03-28 19:37:00,4.5,0.9
2482,13,2020-03-28 19:37:00,23.1,4.62
2483,14,2020-03-28 20:01:00,68.2,13.64
2484,7,2020-03-28 20:11:00,47.0,9.4
2485,68,2020-03-28 20:15:00,26.3,5.26
2486,6,2020-03-28 20:39:00,2.1,0.42
2487,6,2020-03-28 21:08:00,15.4,3.08
2488,8,2020-03-28 21:25:00,113.4,22.68
2489,10,2020-03-28 21:46:00,4.5,0.9
2490,4,2020-03-28 22:04:00,119.2,23.84
2491,14,2020-03-28 22:09:00,68.9,13.78
2492,0,2020-03-28 22:29:00,61.2,12.24
2493,10,2020-03-28 22:56:00,11.8,2.36
2494,14,2020-03-29 11:23:00,22.6,4.52
2495,7,2020-03-29 12:01:00,130.8,26.16
2496,67,2020-03-29 12:43:00,169.4,33.88
2497,1,2020-03-29 12:57:00,11.7,2.34
2498,67,2020-03-29 13:02:00,8.5,1.7
2499,13,2020-03-29 13:51:00,55.6,11.12
2500,12,2020-03-29 14:00:00,2.1,0.42
2501,4,2020-03-29 14:04:00,71.1,14.22
2502,7,2020-03-29 14:07:00,2.4,0.48
2503,12,2020-03-29 14:38:00,13.3,2.66
2504,68,2020-03-29 15:35:00,32.1,6.42
2505,14,2020-03-29 15:44:00,8.8,1.76
2506,3,2020-03-29 16:27:00,73.8,14.76
2507,13,2020-03-29 17:09:00,46.1,9.22
2508,0,2020-03-29 17:14:00,164.8,32.96
2509,14,2020-03-29 17:23:00,39.6,7.92
2510,9,2020-03-29 18:01:00,2.4,0.48
2511,67,2020-03-29 19:00:00,54.6,10.92
2512,6,2020-03-29 19:34:00,113.1,22.62
2513,9,2020-03-29 20:34:00,107.5,21.5
2514,10,2020-03-29 20:55:00,122.2,24.44
2515,7,2020-03-29 21:44:00,212.8,42.56
2516,12,2020-03-29 22:32:00,19.7,3.94
2517,0,2020-03-29 22:43:00,47.9,9.58
2518,4,2020-03-29 22:51:00,13.5,2.7
2519,10,2020-03-30 10:44:00,13.0,2.6
2520,13,2020-03-30 11:25:00,2.1,0.42
2521,7,2020-03-30 11:39:00,66.5,13.3
2522,3,2020-03-30 12:34:00,13.2,2.64
2523,1,2020-03-30 13:13:00,25.9,5.18
2524,4,2020-03-30 13:52:00,214.5,42.9
2525,1,2020-03-30 14:41:00,2.4,0.48
2526,68,2020-03-30 14:44:00,24.3,4.86
2527,10,2020-03-30 15:10:00,21.8,4.36
2528,3,2020-03-30 15:12:00,6.7,1.34
2529,0,2020-03-30 16:05:00,11.9,2.38
2530,10,2020-03-30 16:51:00,14.1,2.82
2531,8,2020-03-30 17:26:00,10.6,2.12
2532,6,2020-03-30 18:17:00,84.1,16.82
2533,14,2020-03-30 18:53:00,6.9,1.38
2534,1,2020-03-30 19:22:00,7.0,1.4
2535,4,2020-03-30 19:56:00,14.6,2.92
2536,13,2020-03-30 20:45:00,25.7,5.14
2537,6,2020-03-30 20:52:00,66.2,13.24
2538,7,2020-03-30 21:04:00,203.5,40.7
2539,7,2020-03-30 21:04:00,20.3,4.06
2540,68,2020-03-30 21:07:00,2.1,0.42
2541,0,2020-03-30 21:50:00,119.9,23.98
2542,12,2020-03-30 22:09:00,48.5,9.7
2543,13,2020-03-30 22:44:00,50.9,10.18
2544,10,2020-03-30 22:58:00,35.6,7.12
2545,0,2020-03-31 10:34:00,53.1,10.62
2546,10,2020-03-31 10:58:00,58.1,11.62
2547,13,2020-03-31 11:38:00,69.4,13.88
2548,4,2020-03-31 12:38:00,19.9,3.98
2549,14,2020-03-31 13:14:00,13.4,2.68
2550,2,2020-03-31 14:14:00,18.8,3.76
2551,3,2020-03-31 14:59:00,10.1,2.02
2552,8,2020-03-31 15:39:00,26.3,5.26
2553,1,2020-03-31 16:12:00,12.5,2.5
2554,9,2020-03-31 16:17:00,35.5,7.1
2555,67,2020-03-31 16:50:00,24.4,4.88
2556,10,2020-03-31 16:51:00,60.7,12.14
2557,5,2020-03-31 17:04:00,10.0,2.0
2558,68,2020-03-31 17:19:00,176.4,35.28
2559,12,2020-03-31 17:50:00,75.2,15.04
2560,68,2020-03-31 18:11:00,345.2,69.04
2561,13,2020-03-31 19:10:00,197.1,39.42
2562,3,2020-03-31 20:10:00,138.1,27.62
2563,1,2020-03-31 20:58:00,28.3,5.66
2564,1,2020-03-31 21:56:00,7.5,1.5
2565,7,2020-03-31 22:47:00,2.1,0.42
2566,0,2020-03-31 22:50:00,11.7,2.34
2567,5,2020-04-01 10:40:00,109.1,21.82
2568,9,2020-04-01 11:19:00,2.4,0.48
2569,13,2020-04-01 12:18:00,8.5,1.7
2570,13,2020-04-01 12:19:00,4.6,0.92
2571,13,2020-04-01 12:21:00,166.4,33.28
2572,67,2020-04-01 13:19:00,59.6,11.92
2573,2,2020-04-01 13:19:00,23.7,4.74
2574,14,2020-04-01 13:37:00,36.4,7.28
2575,67,2020-04-01 14:14:00,26.4,5.28
2576,8,2020-04-01 14:56:00,220.6,44.12
2577,68,2020-04-01 15:18:00,164.7,32.94
2578,67,2020-04-01 15:42:00,24.8,4.96
2579,5,2020-04-01 15:44:00,27.6,5.52
2580,10,2020-04-01 16:18:00,38.7,7.74
2581,13,2020-04-01 17:03:00,8.5,1.7
2582,9,2020-04-01 17:16:00,83.4,16.68
2583,9,2020-04-01 17:21:00,48.5,9.7
2584,68,2020-04-01 17:59:00,121.8,24.36
2585,4,2020-04-01 18:55:00,72.7,14.54
2586,10,2020-04-01 19:24:00,10.6,2.12
2587,0,2020-04-01 19:54:00,5.4,1.08
2588,9,2020-04-01 20:30:00,22.2,4.44
2589,3,2020-04-01 21:01:00,18.6,3.72
2590,3,2020-04-01 21:20:00,9.0,1.8
2591,1,2020-04-01 22:01:00,111.8,22.36
2592,9,2020-04-01 22:02:00,42.7,8.54
2593,67,2020-04-01 22:45:00,22.7,4.54
2594,68,2020-04-02 10:36:00,10.6,2.12
2595,7,2020-04-02 11:00:00,24.9,4.98
2596,0,2020-04-02 11:26:00,204.6,40.92
2597,8,2020-04-02 11:43:00,12.6,2.52
2598,8,2020-04-02 11:44:00,135.3,27.06
2599,4,2020-04-02 11:44:00,2.1,0.42
2600,9,2020-04-02 12:36:00,120.8,24.16
2601,1,2020-04-02 12:36:00,254.4,50.88
2602,2,2020-04-02 13:01:00,14.1,2.82
2603,6,2020-04-02 13:39:00,23.4,4.68
2604,10,2020-04-02 14:31:00,19.4,3.88
2605,68,2020-04-02 14:57:00,59.5,11.9
2606,3,2020-04-02 15:20:00,131.9,26.38
2607,8,2020-04-02 15:57:00,43.5,8.7
2608,2,2020-04-02 16:32:00,145.8,29.16
2609,12,2020-04-02 17:01:00,253.7,50.74
2610,68,2020-04-02 17:20:00,13.2,2.64
2611,0,2020-04-02 17:39:00,167.7,33.54
2612,4,2020-04-02 18:17:00,23.9,4.78
2613,67,2020-04-02 19:12:00,4.5,0.9
2614,0,2020-04-02 19:56:00,58.6,11.72
2615,1,2020-04-02 20:50:00,22.6,4.52
2616,3,2020-04-02 21:13:00,13.3,2.66
2617,2,2020-04-02 21:54:00,30.0,6.0
2618,4,2020-04-02 22:34:00,15.9,3.18
2619,5,2020-04-03 10:46:00,273.9,54.78
2620,6,2020-04-03 10:54:00,13.2,2.64
2621,6,2020-04-03 11:03:00,135.0,27.0
2622,3,2020-04-03 11:14:00,190.9,38.18
2623,3,2020-04-03 11:21:00,71.6,14.32
2624,6,2020-04-03 12:21:00,19.5,3.9
2625,10,2020-04-03 12:21:00,49.4,9.88
2626,4,2020-04-03 12:52:00,41.4,8.28
2627,4,2020-04-03 13:06:00,13.2,2.64
2628,13,2020-04-03 13:51:00,58.9,11.78
2629,68,2020-04-03 13:53:00,57.6,11.52
2630,5,2020-04-03 13:56:00,115.5,23.1
2631,10,2020-04-03 14:33:00,106.2,21.24
2632,13,2020-04-03 14:49:00,24.8,4.96
2633,8,2020-04-03 15:15:00,145.4,29.08
2634,8,2020-04-03 15:53:00,306.7,61.34
2635,1,2020-04-03 16:12:00,151.2,30.24
2636,0,2020-04-03 16:21:00,15.1,3.02
2637,10,2020-04-03 16:33:00,18.8,3.76
2638,1,2020-04-03 17:29:00,109.9,21.98
2639,5,2020-04-03 18:21:00,23.2,4.64
2640,10,2020-04-03 18:58:00,2.6,0.52
2641,10,2020-04-03 19:02:00,8.5,1.7
2642,7,2020-04-03 19:10:00,141.0,28.2
2643,3,2020-04-03 19:58:00,62.1,12.42
2644,5,2020-04-03 20:53:00,156.2,31.24
2645,12,2020-04-03 21:05:00,15.6,3.12
2646,9,2020-04-03 21:45:00,10.9,2.18
2647,67,2020-04-03 22:00:00,4.6,0.92
2648,12,2020-04-03 22:13:00,11.1,2.22
2649,4,2020-04-03 22:35:00,62.8,12.56
2650,4,2020-04-04 10:51:00,143.0,28.6
2651,12,2020-04-04 10:57:00,37.7,7.54
2652,3,2020-04-04 10:58:00,2.2,0.44
2653,68,2020-04-04 11:15:00,30.1,6.02
2654,12,2020-04-04 11:29:00,112.2,22.44
2655,0,2020-04-04 11:45:00,53.0,10.6
2656,0,2020-04-04 11:57:00,23.8,4.76
2657,0,2020-04-04 12:20:00,61.0,12.2
2658,14,2020-04-04 12:32:00,119.1,23.82
2659,6,2020-04-04 12:51:00,132.2,26.44
2660,1,2020-04-04 13:06:00,139.3,27.86
2661,12,2020-04-04 13:36:00,2.6,0.52
2662,9,2020-04-04 13:54:00,12.2,2.44
2663,12,2020-04-04 13:54:00,27.3,5.46
2664,0,2020-04-04 13:56:00,19.2,3.84
2665,13,2020-04-04 14:13:00,11.6,2.32
2666,1,2020-04-04 14:40:00,19.6,3.92
2667,1,2020-04-04 14:59:00,32.4,6.48
2668,0,2020-04-04 15:01:00,120.7,24.14
2669,4,2020-04-04 15:24:00,55.8,11.16
2670,68,2020-04-04 15:35:00,109.7,21.94
2671,3,2020-04-04 15:36:00,12.0,2.4
2672,5,2020-04-04 15:41:00,61.5,12.3
2673,2,2020-04-04 15:58:00,2.2,0.44
2674,9,2020-04-04 16:06:00,10.6,2.12
2675,6,2020-04-04 16:17:00,11.2,2.24
2676,9,2020-04-04 16:19:00,38.2,7.64
2677,12,2020-04-04 16:36:00,107.5,21.5
2678,3,2020-04-04 16:55:00,64.0,12.8
2679,5,2020-04-04 17:18:00,2.6,0.52
2680,5,2020-04-04 17:42:00,56.4,11.28
2681,4,2020-04-04 17:49:00,63.1,12.62
2682,13,2020-04-04 18:11:00,59.4,11.88
2683,7,2020-04-04 18:21:00,24.2,4.84
2684,5,2020-04-04 18:31:00,25.0,5.0
2685,8,2020-04-04 18:35:00,164.1,32.82
2686,7,2020-04-04 18:38:00,46.6,9.32
2687,0,2020-04-04 19:05:00,39.6,7.92
2688,2,2020-04-04 19:11:00,7.8,1.56
2689,5,2020-04-04 19:26:00,40.3,8.06
2690,8,2020-04-04 19:39:00,15.6,3.12
2691,9,2020-04-04 19:58:00,10.1,2.02
2692,4,2020-04-04 20:03:00,15.4,3.08
2693,9,2020-04-04 20:26:00,112.2,22.44
2694,6,2020-04-04 20:27:00,45.5,9.1
2695,5,2020-04-04 20:55:00,30.5,6.1
2696,10,2020-04-04 21:20:00,10.2,2.04
2697,67,2020-04-04 21:24:00,84.5,16.9
2698,14,2020-04-04 21:42:00,151.5,30.3
2699,67,2020-04-04 22:05:00,27.0,5.4
2700,4,2020-04-04 22:19:00,8.5,1.7
2701,68,2020-04-04 22:20:00,15.3,3.06
2702,8,2020-04-04 22:20:00,15.6,3.12
2703,2,2020-04-04 22:35:00,25.9,5.18
2704,6,2020-04-04 22:49:00,55.1,11.02
2705,12,2020-04-04 22:52:00,2.4,0.48
2706,12,2020-04-04 22:56:00,2.4,0.48
2707,13,2020-04-05 11:25:00,7.8,1.56
2708,7,2020-04-05 11:50:00,102.2,20.44
2709,2,2020-04-05 12:23:00,12.5,2.5
2710,3,2020-04-05 12:39:00,20.1,4.02
2711,0,2020-04-05 13:30:00,22.7,4.54
2712,10,2020-04-05 13:46:00,48.1,9.62
2713,1,2020-04-05 14:26:00,69.4,13.88
2714,13,2020-04-05 15:18:00,157.7,31.54
2715,2,2020-04-05 15:23:00,29.6,5.92
2716,3,2020-04-05 15:53:00,62.0,12.4
2717,10,2020-04-05 16:45:00,15.4,3.08
2718,6,2020-04-05 16:56:00,161.5,32.3
2719,12,2020-04-05 17:52:00,18.8,3.76
2720,12,2020-04-05 18:04:00,27.0,5.4
2721,12,2020-04-05 18:49:00,72.4,14.48
2722,8,2020-04-05 19:23:00,66.2,13.24
2723,9,2020-04-05 19:55:00,121.6,24.32
2724,8,2020-04-05 20:19:00,234.0,46.8
2725,0,2020-04-05 20:47:00,142.7,28.54
2726,9,2020-04-05 20:56:00,13.5,2.7
2727,8,2020-04-05 21:09:00,117.0,23.4
2728,13,2020-04-05 21:20:00,162.2,32.44
2729,68,2020-04-05 21:57:00,5.4,1.08
2730,10,2020-04-05 22:28:00,8.5,1.7
2731,4,2020-04-06 10:34:00,2.4,0.48
2732,6,2020-04-06 10:43:00,132.4,26.48
2733,67,2020-04-06 11:16:00,55.0,11.0
2734,6,2020-04-06 11:55:00,29.7,5.94
2735,68,2020-04-06 11:58:00,8.5,1.7
2736,8,2020-04-06 12:54:00,178.3,35.66
2737,13,2020-04-06 13:40:00,10.1,2.02
2738,67,2020-04-06 14:22:00,167.1,33.42
2739,0,2020-04-06 15:01:00,26.1,5.22
2740,4,2020-04-06 15:07:00,40.4,8.08
2741,2,2020-04-06 15:41:00,48.1,9.62
2742,14,2020-04-06 16:10:00,50.9,10.18
2743,8,2020-04-06 16:32:00,69.0,13.8
2744,2,2020-04-06 17:09:00,2.4,0.48
2745,68,2020-04-06 18:03:00,12.5,2.5
2746,3,2020-04-06 19:00:00,22.3,4.46
2747,6,2020-04-06 19:57:00,25.3,5.06
2748,10,2020-04-06 20:44:00,36.7,7.34
2749,14,2020-04-06 21:21:00,26.2,5.24
2750,12,2020-04-06 21:43:00,9.9,1.98
2751,12,2020-04-06 21:45:00,117.1,23.42
2752,3,2020-04-06 22:02:00,5.4,1.08
2753,1,2020-04-06 22:40:00,107.5,21.5
2754,6,2020-04-06 22:57:00,14.1,2.82
2755,10,2020-04-07 10:50:00,5.6,1.12
2756,8,2020-04-07 11:12:00,34.5,6.9
2757,7,2020-04-07 12:03:00,54.6,10.92
2758,3,2020-04-07 12:50:00,85.8,17.16
2759,13,2020-04-07 13:39:00,215.6,43.12
2760,6,2020-04-07 13:48:00,26.7,5.34
2761,12,2020-04-07 13:52:00,46.1,9.22
2762,12,2020-04-07 13:56:00,146.9,29.38
2763,6,2020-04-07 14:27:00,27.1,5.42
2764,12,2020-04-07 15:04:00,165.3,33.06
2765,12,2020-04-07 15:57:00,22.7,4.54
2766,10,2020-04-07 16:33:00,27.1,5.42
2767,5,2020-04-07 17:23:00,243.2,48.64
2768,4,2020-04-07 17:28:00,155.8,31.16
2769,4,2020-04-07 17:58:00,8.7,1.74
2770,13,2020-04-07 18:58:00,11.1,2.22
2771,1,2020-04-07 19:32:00,269.9,53.98
2772,8,2020-04-07 20:02:00,4.5,0.9
2773,14,2020-04-07 20:35:00,105.9,21.18
2774,12,2020-04-07 21:12:00,31.6,6.32
2775,14,2020-04-07 21:32:00,44.0,8.8
2776,0,2020-04-07 22:14:00,154.6,30.92
2777,10,2020-04-08 11:00:00,23.7,4.74
2778,8,2020-04-08 11:05:00,2.1,0.42
2779,7,2020-04-08 11:51:00,2.4,0.48
2780,10,2020-04-08 12:18:00,2.6,0.52
2781,2,2020-04-08 13:05:00,21.0,4.2
2782,10,2020-04-08 13:59:00,4.8,0.96
2783,67,2020-04-08 14:39:00,16.2,3.24
2784,8,2020-04-08 15:31:00,11.6,2.32
2785,0,2020-04-08 15:35:00,174.7,34.94
2786,3,2020-04-08 15:36:00,8.5,1.7
2787,13,2020-04-08 16:05:00,65.8,13.16
2788,2,2020-04-08 16:47:00,75.8,15.16
2789,68,2020-04-08 17:46:00,13.2,2.64
2790,5,2020-04-08 17:48:00,56.6,11.32
2791,0,2020-04-08 18:45:00,11.7,2.34
2792,6,2020-04-08 19:11:00,136.8,27.36
2793,5,2020-04-08 19:17:00,222.0,44.4
2794,7,2020-04-08 19:51:00,11.7,2.34
2795,13,2020-04-08 20:39:00,38.0,7.6
2796,0,2020-04-08 21:10:00,56.1,11.22
2797,67,2020-04-08 21:24:00,2.2,0.44
2798,13,2020-04-08 22:16:00,27.9,5.58
2799,10,2020-04-08 22:32:00,14.0,2.8
2800,14,2020-04-09 10:44:00,177.4,35.48
2801,13,2020-04-09 11:31:00,17.7,3.54
2802,9,2020-04-09 11:36:00,25.1,5.02
2803,68,2020-04-09 11:53:00,110.7,22.14
2804,6,2020-04-09 12:16:00,45.5,9.1
2805,7,2020-04-09 12:53:00,12.7,2.54
2806,67,2020-04-09 13:35:00,16.7,3.34
2807,2,2020-04-09 14:33:00,41.6,8.32
2808,0,2020-04-09 14:41:00,11.4,2.28
2809,9,2020-04-09 15:19:00,9.1,1.82
2810,9,2020-04-09 15:24:00,12.4,2.48
2811,67,2020-04-09 15:40:00,27.8,5.56
2812,0,2020-04-09 16:22:00,60.5,12.1
2813,6,2020-04-09 17:22:00,54.6,10.92
2814,0,2020-04-09 17:44:00,128.3,25.66
2815,1,2020-04-09 18:26:00,2.6,0.52
2816,3,2020-04-09 18:26:00,138.8,27.76
2817,5,2020-04-09 18:30:00,48.8,9.76
2818,2,2020-04-09 19:23:00,124.7,24.94
2819,14,2020-04-09 19:55:00,16.3,3.26
2820,3,2020-04-09 20:27:00,112.2,22.44
2821,3,2020-04-09 20:52:00,25.5,5.1
2822,0,2020-04-09 21:33:00,198.2,39.64
2823,0,2020-04-09 21:47:00,111.5,22.3
2824,10,2020-04-09 21:58:00,21.5,4.3
2825,14,2020-04-09 22:05:00,49.0,9.8
2826,7,2020-04-09 22:59:00,10.6,2.12
2827,0,2020-04-10 10:54:00,119.2,23.84
2828,7,2020-04-10 11:48:00,19.2,3.84
2829,8,2020-04-10 12:23:00,120.8,24.16
2830,1,2020-04-10 13:10:00,40.3,8.06
2831,8,2020-04-10 13:16:00,92.5,18.5
2832,9,2020-04-10 13:16:00,27.4,5.48
2833,6,2020-04-10 14:14:00,14.3,2.86
2834,1,2020-04-10 15:07:00,138.6,27.72
2835,13,2020-04-10 15:52:00,2.1,0.42
2836,3,2020-04-10 16:21:00,57.2,11.44
2837,8,2020-04-10 16:57:00,162.9,32.58
2838,7,2020-04-10 17:49:00,275.5,55.1
2839,13,2020-04-10 18:31:00,2.1,0.42
2840,7,2020-04-10 18:44:00,125.3,25.06
2841,9,2020-04-10 18:57:00,52.7,10.54
2842,9,2020-04-10 19:24:00,28.7,5.74
2843,10,2020-04-10 19:48:00,27.0,5.4
2844,12,2020-04-10 19:55:00,25.4,5.08
2845,1,2020-04-10 20:41:00,153.0,30.6
2846,67,2020-04-10 20:41:00,78.6,15.72
2847,8,2020-04-10 20:43:00,70.4,14.08
2848,14,2020-04-10 21:29:00,122.9,24.58
2849,68,2020-04-10 22:13:00,20.2,4.04
2850,8,2020-04-10 22:54:00,82.8,16.56
2851,3,2020-04-11 10:57:00,36.6,7.32
2852,9,2020-04-11 11:14:00,166.8,33.36
2853,1,2020-04-11 11:38:00,35.7,7.14
2854,10,2020-04-11 11:41:00,18.6,3.72
2855,68,2020-04-11 11:41:00,48.7,9.74
2856,8,2020-04-11 11:52:00,24.4,4.88
2857,13,2020-04-11 12:08:00,11.1,2.22
2858,12,2020-04-11 12:34:00,2.1,0.42
2859,7,2020-04-11 12:42:00,22.2,4.44
2860,67,2020-04-11 12:59:00,62.2,12.44
2861,2,2020-04-11 13:15:00,8.5,1.7
2862,0,2020-04-11 13:23:00,167.8,33.56
2863,8,2020-04-11 13:53:00,6.7,1.34
2864,12,2020-04-11 14:14:00,58.6,11.72
2865,3,2020-04-11 14:32:00,21.2,4.24
2866,14,2020-04-11 14:58:00,25.6,5.12
2867,5,2020-04-11 15:13:00,47.6,9.52
2868,6,2020-04-11 15:28:00,66.3,13.26
2869,12,2020-04-11 15:40:00,26.3,5.26
2870,8,2020-04-11 15:41:00,13.5,2.7
2871,7,2020-04-11 15:45:00,2.4,0.48
2872,8,2020-04-11 16:03:00,66.3,13.26
2873,5,2020-04-11 16:18:00,38.7,7.74
2874,67,2020-04-11 16:24:00,2.4,0.48
2875,8,2020-04-11 16:47:00,2.2,0.44
2876,0,2020-04-11 17:16:00,10.0,2.0
2877,9,2020-04-11 17:41:00,80.3,16.06
2878,13,2020-04-11 17:54:00,13.5,2.7
2879,4,2020-04-11 17:54:00,15.5,3.1
2880,5,2020-04-11 18:03:00,13.3,2.66
2881,3,2020-04-11 18:10:00,65.4,13.08
2882,5,2020-04-11 18:17:00,27.6,5.52
2883,0,2020-04-11 18:26:00,167.1,33.42
2884,68,2020-04-11 18:43:00,6.7,1.34
2885,4,2020-04-11 18:44:00,10.1,2.02
2886,67,2020-04-11 19:07:00,23.1,4.62
2887,1,2020-04-11 19:24:00,178.2,35.64
2888,8,2020-04-11 19:40:00,8.0,1.6
2889,9,2020-04-11 19:53:00,128.7,25.74
2890,1,2020-04-11 20:03:00,121.3,24.26
2891,3,2020-04-11 20:33:00,23.6,4.72
2892,8,2020-04-11 20:49:00,54.3,10.86
2893,68,2020-04-11 21:05:00,13.2,2.64
2894,6,2020-04-11 21:30:00,8.5,1.7
2895,7,2020-04-11 21:44:00,194.8,38.96
2896,5,2020-04-11 22:03:00,14.2,2.84
2897,10,2020-04-11 22:14:00,122.3,24.46
2898,8,2020-04-11 22:18:00,14.6,2.92
2899,9,2020-04-11 22:19:00,58.1,11.62
2900,68,2020-04-11 22:47:00,23.8,4.76
2901,10,2020-04-11 22:53:00,38.8,7.76
2902,5,2020-04-12 11:21:00,5.4,1.08
2903,5,2020-04-12 11:43:00,175.7,35.14
2904,68,2020-04-12 12:16:00,223.0,44.6
2905,13,2020-04-12 12:56:00,67.7,13.54
2906,9,2020-04-12 12:57:00,125.2,25.04
2907,4,2020-04-12 13:44:00,2.2,0.44
2908,5,2020-04-12 14:06:00,107.5,21.5
2909,68,2020-04-12 14:57:00,4.8,0.96
2910,2,2020-04-12 15:39:00,2.4,0.48
2911,0,2020-04-12 16:24:00,17.5,3.5
2912,1,2020-04-12 16:32:00,23.3,4.66
2913,67,2020-04-12 16:57:00,13.0,2.6
2914,2,2020-04-12 17:33:00,2.1,0.42
2915,12,2020-04-12 17:56:00,10.9,2.18
2916,12,2020-04-12 18:15:00,11.4,2.28
2917,1,2020-04-12 19:05:00,10.8,2.16
2918,12,2020-04-12 19:18:00,12.7,2.54
2919,68,2020-04-12 19:21:00,169.3,33.86
2920,10,2020-04-12 19:54:00,64.4,12.88
2921,68,2020-04-12 19:58:00,7.2,1.44
2922,13,2020-04-12 20:14:00,59.4,11.88
2923,68,2020-04-12 20:58:00,71.0,14.2
2924,67,2020-04-12 21:28:00,109.1,21.82
2925,0,2020-04-12 21:46:00,2.6,0.52
2926,13,2020-04-12 22:07:00,47.7,9.54
2927,7,2020-04-12 22:09:00,4.5,0.9
2928,7,2020-04-12 22:54:00,21.6,4.32
2929,3,2020-04-13 10:26:00,12.5,2.5
2930,7,2020-04-13 10:39:00,17.8,3.56
2931,3,2020-04-13 11:10:00,145.1,29.02
2932,9,2020-04-13 11:57:00,23.9,4.78
2933,7,2020-04-13 12:33:00,10.1,2.02
2934,3,2020-04-13 13:14:00,4.6,0.92
2935,5,2020-04-13 14:10:00,20.0,4.0
2936,12,2020-04-13 14:48:00,20.1,4.02
2937,1,2020-04-13 15:37:00,2.4,0.48
2938,1,2020-04-13 16:15:00,161.8,32.36
2939,4,2020-04-13 16:54:00,2.4,0.48
2940,10,2020-04-13 17:11:00,174.7,34.94
2941,5,2020-04-13 17:38:00,2.6,0.52
2942,68,2020-04-13 17:47:00,128.3,25.66
2943,8,2020-04-13 18:22:00,379.6,75.92
2944,9,2020-04-13 18:45:00,135.4,27.08
2945,8,2020-04-13 18:46:00,65.5,13.1
2946,10,2020-04-13 19:01:00,10.1,2.02
2947,3,2020-04-13 19:35:00,30.2,6.04
2948,12,2020-04-13 19:53:00,14.9,2.98
2949,68,2020-04-13 20:37:00,257.5,51.5
2950,13,2020-04-13 20:59:00,57.7,11.54
2951,10,2020-04-13 21:49:00,124.8,24.96
2952,12,2020-04-13 22:36:00,63.9,12.78
2953,0,2020-04-14 10:50:00,32.0,6.4
2954,3,2020-04-14 11:25:00,64.1,12.82
2955,4,2020-04-14 11:52:00,61.0,12.2
2956,2,2020-04-14 12:13:00,230.7,46.14
2957,9,2020-04-14 12:25:00,56.5,11.3
2958,3,2020-04-14 13:22:00,24.7,4.94
2959,68,2020-04-14 13:29:00,2.4,0.48
2960,10,2020-04-14 14:05:00,13.2,2.64
2961,67,2020-04-14 14:44:00,176.5,35.3
2962,0,2020-04-14 15:02:00,8.0,1.6
2963,14,2020-04-14 15:39:00,24.7,4.94
2964,9,2020-04-14 16:11:00,32.5,6.5
2965,3,2020-04-14 16:35:00,67.9,13.58
2966,5,2020-04-14 17:03:00,29.4,5.88
2967,68,2020-04-14 17:55:00,37.1,7.42
2968,4,2020-04-14 18:13:00,2.1,0.42
2969,9,2020-04-14 18:57:00,35.8,7.16
2970,2,2020-04-14 19:28:00,27.3,5.46
2971,5,2020-04-14 19:52:00,166.8,33.36
2972,13,2020-04-14 20:51:00,10.8,2.16
2973,12,2020-04-14 21:44:00,47.2,9.44
2974,7,2020-04-14 22:26:00,64.6,12.92
2975,13,2020-04-14 22:30:00,241.0,48.2
2976,67,2020-04-15 10:58:00,5.0,1.0
2977,4,2020-04-15 11:35:00,130.4,26.08
2978,6,2020-04-15 11:43:00,2.1,0.42
2979,13,2020-04-15 11:49:00,28.9,5.78
2980,6,2020-04-15 12:34:00,114.2,22.84
2981,68,2020-04-15 12:56:00,2.2,0.44
2982,13,2020-04-15 13:10:00,202.6,40.52
2983,3,2020-04-15 13:47:00,21.6,4.32
2984,68,2020-04-15 13:54:00,26.8,5.36
2985,2,2020-04-15 14:09:00,147.3,29.46
2986,68,2020-04-15 14:28:00,129.3,25.86
2987,67,2020-04-15 15:26:00,146.1,29.22
2988,68,2020-04-15 16:13:00,4.2,0.84
2989,5,2020-04-15 16:31:00,15.8,3.16
2990,68,2020-04-15 17:19:00,21.7,4.34
2991,12,2020-04-15 18:19:00,2.1,0.42
2992,8,2020-04-15 18:19:00,113.5,22.7
2993,67,2020-04-15 18:19:00,116.2,23.24
2994,12,2020-04-15 18:46:00,46.6,9.32
2995,3,2020-04-15 19:08:00,20.2,4.04
2996,2,2020-04-15 20:00:00,141.5,28.3
2997,4,2020-04-15 20:57:00,20.2,4.04
2998,3,2020-04-15 21:51:00,111.2,22.24
2999,10,2020-04-15 22:40:00,11.7,2.34
3000,12,2020-04-15 22:53:00,19.1,3.82
3001,10,2020-04-16 11:00:00,22.0,4.4
3002,68,2020-04-16 11:01:00,125.5,25.1
3003,9,2020-04-16 11:53:00,151.1,30.22
3004,3,2020-04-16 12:11:00,2.2,0.44
3005,1,2020-04-16 12:27:00,141.4,28.28
3006,2,2020-04-16 13:20:00,62.2,12.44
3007,0,2020-04-16 13:40:00,176.7,35.34
3008,4,2020-04-16 13:54:00,24.6,4.92
3009,8,2020-04-16 14:30:00,2.1,0.42
3010,6,2020-04-16 14:42:00,15.9,3.18
3011,6,2020-04-16 15:08:00,132.2,26.44
3012,10,2020-04-16 15:13:00,149.9,29.98
3013,5,2020-04-16 15:52:00,133.2,26.64
3014,68,2020-04-16 16:22:00,111.5,22.3
3015,3,2020-04-16 16:44:00,26.8,5.36
3016,13,2020-04-16 17:19:00,12.9,2.58
3017,1,2020-04-16 18:08:00,70.1,14.02
3018,68,2020-04-16 18:48:00,18.6,3.72
3019,8,2020-04-16 18:53:00,4.8,0.96
3020,3,2020-04-16 19:22:00,158.6,31.72
3021,7,2020-04-16 19:54:00,21.7,4.34
3022,6,2020-04-16 20:09:00,2.4,0.48
3023,4,2020-04-16 20:38:00,60.2,12.04
3024,67,2020-04-16 20:54:00,69.8,13.96
3025,7,2020-04-16 21:13:00,109.1,21.82
3026,13,2020-04-16 21:36:00,401.2,80.24
3027,7,2020-04-16 22:27:00,20.7,4.14
3028,67,2020-04-17 10:43:00,22.2,4.44
3029,12,2020-04-17 11:32:00,17.7,3.54
3030,0,2020-04-17 12:31:00,38.1,7.62
3031,14,2020-04-17 13:14:00,83.9,16.78
3032,8,2020-04-17 13:23:00,13.8,2.76
3033,3,2020-04-17 14:00:00,36.4,7.28
3034,3,2020-04-17 14:56:00,46.1,9.22
3035,12,2020-04-17 15:19:00,61.4,12.28
3036,0,2020-04-17 15:22:00,205.8,41.16
3037,12,2020-04-17 15:26:00,2.1,0.42
3038,14,2020-04-17 16:21:00,154.7,30.94
3039,6,2020-04-17 17:15:00,45.7,9.14
3040,12,2020-04-17 17:51:00,63.1,12.62
3041,13,2020-04-17 18:04:00,5.4,1.08
3042,5,2020-04-17 18:56:00,46.4,9.28
3043,8,2020-04-17 19:40:00,2.4,0.48
3044,10,2020-04-17 20:39:00,22.1,4.42
3045,4,2020-04-17 21:30:00,33.4,6.68
3046,1,2020-04-17 22:29:00,38.2,7.64
3047,14,2020-04-17 22:37:00,228.5,45.7
3048,3,2020-04-18 10:48:00,4.6,0.92
3049,5,2020-04-18 10:50:00,2.4,0.48
3050,9,2020-04-18 11:03:00,119.8,23.96
3051,13,2020-04-18 11:12:00,7.5,1.5
3052,8,2020-04-18 11:26:00,153.0,30.6
3053,4,2020-04-18 11:34:00,32.3,6.46
3054,13,2020-04-18 12:04:00,8.5,1.7
3055,68,2020-04-18 12:30:00,212.3,42.46
3056,4,2020-04-18 12:37:00,124.2,24.84
3057,4,2020-04-18 12:58:00,244.1,48.82
3058,5,2020-04-18 13:19:00,89.5,17.9
3059,6,2020-04-18 13:29:00,44.0,8.8
3060,14,2020-04-18 13:56:00,108.5,21.7
3061,9,2020-04-18 14:12:00,127.5,25.5
3062,1,2020-04-18 14:41:00,10.9,2.18
3063,5,2020-04-18 14:50:00,82.0,16.4
3064,10,2020-04-18 15:20:00,53.0,10.6
3065,3,2020-04-18 15:38:00,26.4,5.28
3066,7,2020-04-18 16:04:00,142.4,28.48
3067,0,2020-04-18 16:15:00,31.6,6.32
3068,4,2020-04-18 16:15:00,8.5,1.7
3069,14,2020-04-18 16:25:00,11.6,2.32
3070,5,2020-04-18 16:42:00,8.7,1.74
3071,3,2020-04-18 17:12:00,14.3,2.86
3072,1,2020-04-18 17:33:00,126.1,25.22
3073,10,2020-04-18 18:02:00,19.7,3.94
3074,1,2020-04-18 18:08:00,143.0,28.6
3075,12,2020-04-18 18:36:00,370.8,74.16
3076,12,2020-04-18 18:47:00,34.8,6.96
3077,4,2020-04-18 18:59:00,126.4,25.28
3078,14,2020-04-18 19:26:00,136.9,27.38
3079,12,2020-04-18 19:54:00,61.3,12.26
3080,10,2020-04-18 20:17:00,164.5,32.9
3081,67,2020-04-18 20:43:00,64.3,12.86
3082,2,2020-04-18 21:11:00,130.1,26.02
3083,67,2020-04-18 21:39:00,2.4,0.48
3084,6,2020-04-18 21:46:00,2.4,0.48
3085,1,2020-04-18 21:47:00,57.1,11.42
3086,9,2020-04-18 22:13:00,8.5,1.7
3087,12,2020-04-18 22:32:00,8.5,1.7
3088,7,2020-04-18 22:48:00,23.5,4.7
3089,6,2020-04-19 11:20:00,17.8,3.56
3090,0,2020-04-19 11:34:00,58.6,11.72
3091,13,2020-04-19 12:23:00,2.4,0.48
3092,8,2020-04-19 12:30:00,95.2,19.04
3093,7,2020-04-19 12:49:00,17.9,3.58
3094,2,2020-04-19 13:07:00,147.9,29.58
3095,4,2020-04-19 13:49:00,147.6,29.52
3096,3,2020-04-19 14:18:00,13.8,2.76
3097,12,2020-04-19 15:17:00,18.5,3.7
3098,12,2020-04-19 15:33:00,23.6,4.72
3099,4,2020-04-19 15:51:00,120.8,24.16
3100,13,2020-04-19 16:08:00,39.0,7.8
3101,7,2020-04-19 17:01:00,38.5,7.7
3102,2,2020-04-19 17:08:00,215.9,43.18
3103,10,2020-04-19 17:57:00,64.9,12.98
3104,4,2020-04-19 18:22:00,21.5,4.3
3105,9,2020-04-19 18:45:00,68.8,13.76
3106,6,2020-04-19 19:31:00,4.3,0.86
3107,12,2020-04-19 20:21:00,39.4,7.88
3108,1,2020-04-19 20:37:00,19.9,3.98
3109,14,2020-04-19 21:37:00,119.9,23.98
3110,5,2020-04-19 21:45:00,113.1,22.62
3111,8,2020-04-19 22:30:00,11.7,2.34
3112,12,2020-04-20 10:38:00,105.9,21.18
3113,2,2020-04-20 11:07:00,29.3,5.86
3114,1,2020-04-20 11:45:00,71.6,14.32
3115,13,2020-04-20 12:06:00,8.5,1.7
3116,2,2020-04-20 12:43:00,29.7,5.94
3117,67,2020-04-20 13:22:00,59.4,11.88
3118,10,2020-04-20 13:51:00,39.7,7.94
3119,4,2020-04-20 14:47:00,35.8,7.16
3120,7,2020-04-20 14:53:00,15.1,3.02
3121,8,2020-04-20 15:45:00,19.2,3.84
3122,10,2020-04-20 16:43:00,17.0,3.4
3123,5,2020-04-20 16:51:00,8.5,1.7
3124,9,2020-04-20 17:08:00,44.0,8.8
3125,4,2020-04-20 18:04:00,109.7,21.94
3126,14,2020-04-20 18:16:00,48.7,9.74
3127,10,2020-04-20 19:13:00,11.0,2.2
3128,12,2020-04-20 19:43:00,50.9,10.18
3129,14,2020-04-20 20:36:00,49.6,9.92
3130,1,2020-04-20 21:07:00,23.6,4.72
3131,14,2020-04-20 21:25:00,64.0,12.8
3132,1,2020-04-20 22:15:00,6.9,1.38
3133,8,2020-04-20 22:50:00,63.6,12.72
3134,7,2020-04-21 10:54:00,25.9,5.18
3135,2,2020-04-21 11:10:00,182.7,36.54
3136,6,2020-04-21 11:29:00,2.2,0.44
3137,4,2020-04-21 11:58:00,13.5,2.7
3138,12,2020-04-21 12:57:00,11.4,2.28
3139,2,2020-04-21 12:59:00,13.9,2.78
3140,67,2020-04-21 13:01:00,12.7,2.54
3141,14,2020-04-21 13:36:00,10.1,2.02
3142,2,2020-04-21 13:41:00,164.0,32.8
3143,8,2020-04-21 13:42:00,70.7,14.14
3144,67,2020-04-21 13:43:00,8.5,1.7
3145,8,2020-04-21 14:40:00,102.6,20.52
3146,12,2020-04-21 15:13:00,2.4,0.48
3147,10,2020-04-21 15:47:00,110.7,22.14
3148,6,2020-04-21 15:54:00,23.3,4.66
3149,68,2020-04-21 16:19:00,113.4,22.68
3150,67,2020-04-21 17:10:00,26.0,5.2
3151,13,2020-04-21 17:30:00,9.9,1.98
3152,12,2020-04-21 18:26:00,8.5,1.7
3153,67,2020-04-21 19:20:00,71.3,14.26
3154,0,2020-04-21 20:00:00,103.5,20.7
3155,13,2020-04-21 20:25:00,31.9,6.38
3156,14,2020-04-21 20:25:00,2.6,0.52
3157,7,2020-04-21 20:44:00,35.3,7.06
3158,6,2020-04-21 21:10:00,31.6,6.32
3159,68,2020-04-21 22:08:00,8.5,1.7
3160,8,2020-04-21 22:52:00,17.8,3.56
3161,3,2020-04-22 10:40:00,4.6,0.92
3162,8,2020-04-22 11:23:00,28.4,5.68
3163,7,2020-04-22 12:14:00,5.0,1.0
3164,3,2020-04-22 13:14:00,10.0,2.0
3165,4,2020-04-22 13:26:00,31.0,6.2
3166,0,2020-04-22 13:56:00,54.9,10.98
3167,10,2020-04-22 14:04:00,8.7,1.74
3168,6,2020-04-22 14:15:00,2.1,0.42
3169,5,2020-04-22 15:15:00,36.5,7.3
3170,14,2020-04-22 16:14:00,17.5,3.5
3171,8,2020-04-22 17:11:00,55.6,11.12
3172,10,2020-04-22 17:39:00,4.5,0.9
3173,14,2020-04-22 18:00:00,29.5,5.9
3174,67,2020-04-22 18:37:00,4.5,0.9
3175,1,2020-04-22 19:14:00,116.9,23.38
3176,2,2020-04-22 19:22:00,158.1,31.62
3177,7,2020-04-22 19:50:00,2.4,0.48
3178,6,2020-04-22 20:25:00,18.6,3.72
3179,0,2020-04-22 21:25:00,12.1,2.42
3180,14,2020-04-22 21:30:00,21.9,4.38
3181,4,2020-04-22 21:33:00,55.4,11.08
3182,9,2020-04-22 21:41:00,23.1,4.62
3183,5,2020-04-22 22:38:00,75.0,15.0
3184,13,2020-04-22 22:40:00,65.4,13.08
3185,10,2020-04-22 22:52:00,57.2,11.44
3186,2,2020-04-23 10:33:00,4.2,0.84
3187,0,2020-04-23 11:29:00,137.9,27.58
3188,12,2020-04-23 11:36:00,2.1,0.42
3189,2,2020-04-23 12:08:00,38.7,7.74
3190,68,2020-04-23 12:36:00,7.1,1.42
3191,0,2020-04-23 13:30:00,8.7,1.74
3192,4,2020-04-23 13:39:00,10.1,2.02
3193,0,2020-04-23 14:26:00,37.0,7.4
3194,8,2020-04-23 15:13:00,10.1,2.02
3195,3,2020-04-23 15:32:00,38.2,7.64
3196,10,2020-04-23 16:12:00,2.1,0.42
3197,3,2020-04-23 17:07:00,17.8,3.56
3198,10,2020-04-23 17:58:00,14.1,2.82
3199,7,2020-04-23 18:36:00,62.7,12.54
3200,5,2020-04-23 18:39:00,144.5,28.9
3201,0,2020-04-23 19:35:00,23.4,4.68
3202,12,2020-04-23 20:06:00,154.6,30.92
3203,13,2020-04-23 20:37:00,33.4,6.68
3204,8,2020-04-23 21:14:00,163.7,32.74
3205,6,2020-04-23 22:05:00,110.5,22.1
3206,8,2020-04-23 22:38:00,145.4,29.08
3207,14,2020-04-23 22:45:00,2.4,0.48
3208,68,2020-04-24 10:40:00,4.7,0.94
3209,13,2020-04-24 11:36:00,29.4,5.88
3210,7,2020-04-24 12:09:00,10.1,2.02
3211,0,2020-04-24 12:57:00,2.4,0.48
3212,67,2020-04-24 13:01:00,2.1,0.42
3213,7,2020-04-24 14:01:00,231.2,46.24
3214,4,2020-04-24 14:28:00,24.9,4.98
3215,13,2020-04-24 14:55:00,44.0,8.8
3216,2,2020-04-24 15:35:00,154.7,30.94
3217,1,2020-04-24 16:04:00,9.6,1.92
3218,67,2020-04-24 16:15:00,16.3,3.26
3219,14,2020-04-24 17:03:00,78.8,15.76
3220,2,2020-04-24 17:54:00,12.3,2.46
3221,4,2020-04-24 18:13:00,55.1,11.02
3222,9,2020-04-24 19:00:00,55.7,11.14
3223,1,2020-04-24 19:35:00,17.3,3.46
3224,10,2020-04-24 19:58:00,33.1,6.62
3225,1,2020-04-24 20:02:00,8.7,1.74
3226,4,2020-04-24 20:46:00,2.4,0.48
3227,68,2020-04-24 21:21:00,56.2,11.24
3228,5,2020-04-24 21:22:00,5.4,1.08
3229,8,2020-04-24 22:22:00,11.7,2.34
3230,1,2020-04-25 10:41:00,29.1,5.82
3231,8,2020-04-25 10:49:00,18.7,3.74
3232,4,2020-04-25 11:06:00,2.1,0.42
3233,3,2020-04-25 11:24:00,21.8,4.36
3234,2,2020-04-25 11:46:00,17.1,3.42
3235,67,2020-04-25 11:56:00,10.2,2.04
3236,13,2020-04-25 11:58:00,143.4,28.68
3237,9,2020-04-25 12:25:00,125.7,25.14
3238,10,2020-04-25 12:39:00,2.4,0.48
3239,4,2020-04-25 12:48:00,137.6,27.52
3240,10,2020-04-25 12:55:00,6.3,1.26
3241,3,2020-04-25 13:00:00,93.4,18.68
3242,67,2020-04-25 13:16:00,47.0,9.4
3243,8,2020-04-25 13:30:00,49.4,9.88
3244,68,2020-04-25 13:50:00,15.6,3.12
3245,5,2020-04-25 14:14:00,21.7,4.34
3246,0,2020-04-25 14:32:00,157.6,31.52
3247,8,2020-04-25 14:59:00,2.4,0.48
3248,7,2020-04-25 15:26:00,108.0,21.6
3249,1,2020-04-25 15:44:00,31.0,6.2
3250,0,2020-04-25 15:47:00,160.2,32.04
3251,3,2020-04-25 16:01:00,195.5,39.1
3252,8,2020-04-25 16:25:00,117.0,23.4
3253,4,2020-04-25 16:49:00,8.5,1.7
3254,6,2020-04-25 17:00:00,79.9,15.98
3255,4,2020-04-25 17:04:00,12.5,2.5
3256,10,2020-04-25 17:09:00,130.1,26.02
3257,1,2020-04-25 17:11:00,211.7,42.34
3258,14,2020-04-25 17:35:00,16.2,3.24
3259,8,2020-04-25 17:59:00,118.9,23.78
3260,5,2020-04-25 18:29:00,22.3,4.46
3261,5,2020-04-25 18:40:00,45.5,9.1
3262,10,2020-04-25 18:40:00,7.4,1.48
3263,0,2020-04-25 19:05:00,112.0,22.4
3264,0,2020-04-25 19:26:00,10.0,2.0
3265,8,2020-04-25 19:49:00,111.2,22.24
3266,5,2020-04-25 20:03:00,128.9,25.78
3267,13,2020-04-25 20:16:00,155.8,31.16
3268,1,2020-04-25 20:42:00,2.1,0.42
3269,14,2020-04-25 20:52:00,4.2,0.84
3270,13,2020-04-25 20:53:00,6.7,1.34
3271,2,2020-04-25 21:02:00,26.3,5.26
3272,12,2020-04-25 21:28:00,9.9,1.98
3273,13,2020-04-25 21:37:00,15.4,3.08
3274,7,2020-04-25 21:57:00,124.7,24.94
3275,14,2020-04-25 22:11:00,26.8,5.36
3276,5,2020-04-25 22:21:00,31.6,6.32
3277,0,2020-04-25 22:40:00,69.7,13.94
3278,5,2020-04-25 22:48:00,29.1,5.82
3279,12,2020-04-25 22:57:00,12.3,2.46
3280,14,2020-04-25 22:59:00,110.7,22.14
3281,68,2020-04-26 11:12:00,52.7,10.54
3282,4,2020-04-26 11:31:00,15.3,3.06
3283,4,2020-04-26 11:36:00,24.2,4.84
3284,67,2020-04-26 12:16:00,22.0,4.4
3285,2,2020-04-26 13:00:00,20.2,4.04
3286,13,2020-04-26 13:48:00,44.0,8.8
3287,9,2020-04-26 13:49:00,213.8,42.76
3288,1,2020-04-26 14:07:00,166.1,33.22
3289,13,2020-04-26 14:23:00,153.0,30.6
3290,7,2020-04-26 15:04:00,46.1,9.22
3291,7,2020-04-26 15:54:00,218.8,43.76
3292,2,2020-04-26 16:45:00,112.8,22.56
3293,68,2020-04-26 17:01:00,11.7,2.34
3294,3,2020-04-26 17:24:00,6.8,1.36
3295,4,2020-04-26 17:49:00,37.8,7.56
3296,2,2020-04-26 17:54:00,67.2,13.44
3297,8,2020-04-26 17:57:00,2.6,0.52
3298,4,2020-04-26 18:10:00,154.6,30.92
3299,68,2020-04-26 18:50:00,120.3,24.06
3300,3,2020-04-26 19:49:00,113.3,22.66
3301,67,2020-04-26 20:26:00,11.0,2.2
3302,10,2020-04-26 21:03:00,10.4,2.08
3303,9,2020-04-26 22:00:00,20.2,4.04
3304,67,2020-04-26 22:40:00,16.4,3.28
3305,6,2020-04-27 10:47:00,6.7,1.34
3306,7,2020-04-27 11:27:00,45.5,9.1
3307,5,2020-04-27 12:18:00,44.0,8.8
3308,4,2020-04-27 12:29:00,33.4,6.68
3309,5,2020-04-27 12:55:00,21.3,4.26
3310,7,2020-04-27 13:10:00,18.5,3.7
3311,4,2020-04-27 13:53:00,20.2,4.04
3312,14,2020-04-27 14:21:00,48.8,9.76
3313,10,2020-04-27 14:46:00,2.4,0.48
3314,8,2020-04-27 15:28:00,15.1,3.02
3315,10,2020-04-27 16:13:00,15.1,3.02
3316,67,2020-04-27 16:19:00,15.8,3.16
3317,14,2020-04-27 17:09:00,124.6,24.92
3318,14,2020-04-27 17:28:00,43.4,8.68
3319,5,2020-04-27 17:57:00,8.5,1.7
3320,0,2020-04-27 18:49:00,30.0,6.0
3321,5,2020-04-27 19:16:00,221.9,44.38
3322,0,2020-04-27 20:03:00,23.3,4.66
3323,14,2020-04-27 20:34:00,10.8,2.16
3324,67,2020-04-27 20:39:00,126.7,25.34
3325,10,2020-04-27 20:47:00,57.2,11.44
3326,8,2020-04-27 21:26:00,171.8,34.36
3327,2,2020-04-27 21:49:00,31.8,6.36
3328,8,2020-04-27 22:19:00,54.0,10.8
3329,67,2020-04-27 22:56:00,41.6,8.32
3330,68,2020-04-28 10:11:00,49.7,9.94
3331,10,2020-04-28 11:05:00,138.0,27.6
3332,4,2020-04-28 11:43:00,113.9,22.78
3333,0,2020-04-28 12:39:00,90.4,18.08
3334,7,2020-04-28 12:40:00,129.2,25.84
3335,68,2020-04-28 13:39:00,110.3,22.06
3336,7,2020-04-28 14:04:00,22.5,4.5
3337,8,2020-04-28 14:45:00,20.1,4.02
3338,13,2020-04-28 15:14:00,143.0,28.6
3339,5,2020-04-28 15:33:00,271.2,54.24
3340,7,2020-04-28 16:18:00,124.0,24.8
3341,67,2020-04-28 16:22:00,338.1,67.62
3342,6,2020-04-28 16:27:00,110.7,22.14
3343,4,2020-04-28 16:51:00,77.3,15.46
3344,8,2020-04-28 16:52:00,126.2,25.24
3345,14,2020-04-28 17:23:00,5.4,1.08
3346,1,2020-04-28 17:37:00,30.7,6.14
3347,3,2020-04-28 18:30:00,46.1,9.22
3348,7,2020-04-28 19:24:00,10.0,2.0
3349,2,2020-04-28 19:57:00,92.5,18.5
3350,9,2020-04-28 19:57:00,46.2,9.24
3351,1,2020-04-28 20:18:00,18.4,3.68
3352,68,2020-04-28 20:49:00,169.4,33.88
3353,9,2020-04-28 21:28:00,57.1,11.42
3354,5,2020-04-28 21:36:00,2.4,0.48
3355,8,2020-04-28 22:04:00,126.3,25.26
3356,7,2020-04-28 22:53:00,26.3,5.26
3357,2,2020-04-28 22:54:00,261.9,52.38
3358,6,2020-04-29 10:34:00,22.6,4.52
3359,9,2020-04-29 10:37:00,46.1,9.22
3360,4,2020-04-29 10:40:00,121.7,24.34
3361,1,2020-04-29 11:32:00,138.6,27.72
3362,2,2020-04-29 11:45:00,136.9,27.38
3363,14,2020-04-29 11:46:00,29.2,5.84
3364,14,2020-04-29 12:16:00,121.3,24.26
3365,68,2020-04-29 12:58:00,2.4,0.48
3366,12,2020-04-29 13:27:00,28.0,5.6
3367,67,2020-04-29 14:14:00,30.6,6.12
3368,12,2020-04-29 15:10:00,56.6,11.32
3369,6,2020-04-29 15:33:00,22.3,4.46
3370,67,2020-04-29 15:35:00,178.8,35.76
3371,8,2020-04-29 16:14:00,13.2,2.64
3372,10,2020-04-29 16:43:00,18.5,3.7
3373,7,2020-04-29 16:47:00,35.1,7.02
3374,6,2020-04-29 17:00:00,122.4,24.48
3375,68,2020-04-29 17:13:00,13.2,2.64
3376,3,2020-04-29 17:58:00,113.1,22.62
3377,4,2020-04-29 18:43:00,45.1,9.02
3378,12,2020-04-29 19:43:00,47.9,9.58
3379,9,2020-04-29 19:56:00,20.7,4.14
3380,0,2020-04-29 20:39:00,13.8,2.76
3381,68,2020-04-29 20:55:00,18.0,3.6
3382,6,2020-04-29 21:17:00,49.4,9.88
3383,0,2020-04-29 22:00:00,8.2,1.64
3384,7,2020-04-29 22:31:00,19.2,3.84
3385,3,2020-04-29 22:40:00,46.4,9.28
3386,10,2020-04-29 22:57:00,27.1,5.42
3387,68,2020-04-30 10:54:00,124.9,24.98
3388,13,2020-04-30 11:42:00,91.7,18.34
3389,6,2020-04-30 12:21:00,131.4,26.28
3390,8,2020-04-30 12:33:00,11.4,2.28
3391,14,2020-04-30 13:11:00,20.1,4.02
3392,6,2020-04-30 13:13:00,48.2,9.64
3393,68,2020-04-30 13:18:00,76.6,15.32
3394,7,2020-04-30 13:46:00,21.7,4.34
3395,8,2020-04-30 13:48:00,10.1,2.02
3396,13,2020-04-30 14:10:00,45.0,9.0
3397,14,2020-04-30 14:43:00,115.3,23.06
3398,2,2020-04-30 14:57:00,137.8,27.56
3399,14,2020-04-30 15:49:00,156.2,31.24
3400,13,2020-04-30 16:01:00,168.8,33.76
3401,8,2020-04-30 16:43:00,10.0,2.0
3402,0,2020-04-30 16:52:00,2.1,0.42
3403,9,2020-04-30 17:47:00,20.1,4.02
3404,8,2020-04-30 17:56:00,51.2,10.24
3405,2,2020-04-30 18:13:00,17.3,3.46
3406,67,2020-04-30 18:23:00,43.9,8.78
3407,7,2020-04-30 18:42:00,152.1,30.42
3408,10,2020-04-30 19:05:00,7.2,1.44
3409,2,2020-04-30 19:19:00,22.0,4.4
3410,4,2020-04-30 19:43:00,7.6,1.52
3411,1,2020-04-30 19:52:00,10.9,2.18
3412,0,2020-04-30 20:02:00,41.3,8.26
3413,8,2020-04-30 20:55:00,2.4,0.48
3414,8,2020-04-30 21:28:00,36.8,7.36
3415,68,2020-04-30 22:01:00,2.1,0.42
3416,4,2020-04-30 22:23:00,30.8,6.16
3417,13,2020-05-01 10:58:00,2.4,0.48
3418,8,2020-05-01 11:56:00,2.1,0.42
3419,3,2020-05-01 12:14:00,44.0,8.8
3420,67,2020-05-01 12:25:00,44.0,8.8
3421,7,2020-05-01 12:27:00,29.5,5.9
3422,9,2020-05-01 12:52:00,28.6,5.72
3423,3,2020-05-01 13:41:00,11.3,2.26
3424,2,2020-05-01 13:54:00,10.8,2.16
3425,1,2020-05-01 14:48:00,55.7,11.14
3426,14,2020-05-01 15:07:00,31.5,6.3
3427,13,2020-05-01 16:06:00,8.5,1.7
3428,0,2020-05-01 16:56:00,59.2,11.84
3429,12,2020-05-01 17:00:00,17.1,3.42
3430,6,2020-05-01 17:00:00,26.7,5.34
3431,13,2020-05-01 17:11:00,57.9,11.58
3432,14,2020-05-01 17:58:00,122.8,24.56
3433,2,2020-05-01 18:32:00,119.1,23.82
3434,14,2020-05-01 19:24:00,33.3,6.66
3435,6,2020-05-01 19:32:00,10.0,2.0
3436,67,2020-05-01 20:06:00,2.4,0.48
3437,7,2020-05-01 20:42:00,48.6,9.72
3438,2,2020-05-01 21:30:00,202.7,40.54
3439,10,2020-05-01 21:44:00,21.4,4.28
3440,4,2020-05-01 22:33:00,23.0,4.6
3441,67,2020-05-01 22:43:00,23.0,4.6
3442,9,2020-05-02 10:43:00,12.5,2.5
3443,67,2020-05-02 10:52:00,234.3,46.86
3444,5,2020-05-02 11:03:00,8.5,1.7
3445,5,2020-05-02 11:03:00,26.4,5.28
3446,10,2020-05-02 11:25:00,53.4,10.68
3447,2,2020-05-02 11:36:00,2.1,0.42
3448,2,2020-05-02 11:41:00,119.1,23.82
3449,4,2020-05-02 12:01:00,46.2,9.24
3450,5,2020-05-02 12:14:00,57.3,11.46
3451,4,2020-05-02 12:37:00,68.8,13.76
3452,4,2020-05-02 12:59:00,84.3,16.86
3453,68,2020-05-02 13:23:00,36.5,7.3
3454,9,2020-05-02 13:53:00,24.1,4.82
3455,3,2020-05-02 13:57:00,13.1,2.62
3456,10,2020-05-02 14:06:00,7.4,1.48
3457,4,2020-05-02 14:34:00,14.1,2.82
3458,9,2020-05-02 14:56:00,159.7,31.94
3459,14,2020-05-02 15:19:00,18.4,3.68
3460,4,2020-05-02 15:30:00,171.8,34.36
3461,68,2020-05-02 15:58:00,33.9,6.78
3462,14,2020-05-02 16:28:00,26.6,5.32
3463,67,2020-05-02 16:50:00,215.7,43.14
3464,6,2020-05-02 16:56:00,49.7,9.94
3465,6,2020-05-02 17:03:00,2.4,0.48
3466,67,2020-05-02 17:18:00,18.5,3.7
3467,67,2020-05-02 17:32:00,46.6,9.32
3468,8,2020-05-02 17:35:00,2.4,0.48
3469,6,2020-05-02 17:53:00,166.2,33.24
3470,68,2020-05-02 18:12:00,129.3,25.86
3471,9,2020-05-02 18:23:00,44.0,8.8
3472,5,2020-05-02 18:33:00,4.8,0.96
3473,12,2020-05-02 18:47:00,127.6,25.52
3474,8,2020-05-02 19:11:00,15.1,3.02
3475,10,2020-05-02 19:20:00,17.2,3.44
3476,2,2020-05-02 19:34:00,2.1,0.42
3477,13,2020-05-02 20:01:00,262.2,52.44
3478,10,2020-05-02 20:30:00,109.6,21.92
3479,8,2020-05-02 20:31:00,110.6,22.12
3480,6,2020-05-02 20:41:00,122.1,24.42
3481,14,2020-05-02 21:01:00,2.4,0.48
3482,0,2020-05-02 21:07:00,122.2,24.44
3483,1,2020-05-02 21:08:00,68.5,13.7
3484,8,2020-05-02 21:26:00,11.7,2.34
3485,14,2020-05-02 21:30:00,14.1,2.82
3486,4,2020-05-02 21:55:00,12.2,2.44
3487,9,2020-05-02 21:59:00,134.5,26.9
3488,9,2020-05-02 22:04:00,12.8,2.56
3489,10,2020-05-02 22:25:00,220.6,44.12
3490,6,2020-05-02 22:42:00,8.5,1.7
3491,67,2020-05-03 11:29:00,14.1,2.82
3492,12,2020-05-03 11:29:00,13.0,2.6
3493,7,2020-05-03 12:10:00,4.6,0.92
3494,1,2020-05-03 12:40:00,18.4,3.68
3495,13,2020-05-03 12:49:00,2.4,0.48
3496,5,2020-05-03 13:41:00,95.3,19.06
3497,67,2020-05-03 13:55:00,167.9,33.58
3498,7,2020-05-03 14:44:00,2.4,0.48
3499,0,2020-05-03 14:59:00,8.5,1.7
3500,3,2020-05-03 15:20:00,24.9,4.98
3501,13,2020-05-03 15:21:00,156.1,31.22
3502,9,2020-05-03 15:38:00,24.3,4.86
3503,8,2020-05-03 16:29:00,28.5,5.7
3504,67,2020-05-03 16:42:00,31.2,6.24
3505,14,2020-05-03 17:33:00,2.1,0.42
3506,68,2020-05-03 18:19:00,2.2,0.44
3507,3,2020-05-03 18:19:00,16.1,3.22
3508,4,2020-05-03 19:14:00,30.2,6.04
3509,7,2020-05-03 19:37:00,6.8,1.36
3510,9,2020-05-03 20:36:00,45.5,9.1
3511,10,2020-05-03 20:43:00,41.7,8.34
3512,1,2020-05-03 21:14:00,82.8,16.56
3513,5,2020-05-03 21:22:00,142.4,28.48
3514,68,2020-05-03 22:19:00,71.9,14.38
3515,68,2020-05-03 22:32:00,153.0,30.6
3516,5,2020-05-04 10:56:00,4.6,0.92
3517,9,2020-05-04 11:52:00,30.8,6.16
3518,14,2020-05-04 12:34:00,21.7,4.34
3519,6,2020-05-04 13:31:00,37.7,7.54
3520,10,2020-05-04 14:12:00,61.1,12.22
3521,10,2020-05-04 15:08:00,19.6,3.92
3522,0,2020-05-04 15:11:00,153.9,30.78
3523,4,2020-05-04 15:41:00,2.4,0.48
3524,2,2020-05-04 15:50:00,33.3,6.66
3525,3,2020-05-04 16:13:00,16.5,3.3
3526,10,2020-05-04 16:48:00,16.4,3.28
3527,7,2020-05-04 17:41:00,121.4,24.28
3528,8,2020-05-04 18:29:00,2.2,0.44
3529,0,2020-05-04 18:31:00,2.6,0.52
3530,10,2020-05-04 18:59:00,15.6,3.12
3531,5,2020-05-04 19:10:00,70.5,14.1
3532,4,2020-05-04 19:40:00,136.3,27.26
3533,4,2020-05-04 19:50:00,135.3,27.06
3534,7,2020-05-04 20:14:00,13.2,2.64
3535,13,2020-05-04 20:58:00,161.7,32.34
3536,13,2020-05-04 21:35:00,64.6,12.92
3537,14,2020-05-04 22:09:00,9.9,1.98
3538,2,2020-05-04 22:58:00,29.3,5.86
3539,7,2020-05-05 10:40:00,141.7,28.34
3540,4,2020-05-05 11:40:00,16.5,3.3
3541,3,2020-05-05 11:56:00,33.8,6.76
3542,8,2020-05-05 11:57:00,59.6,11.92
3543,8,2020-05-05 12:15:00,145.1,29.02
3544,1,2020-05-05 12:36:00,23.8,4.76
3545,0,2020-05-05 13:32:00,8.7,1.74
3546,2,2020-05-05 14:00:00,23.3,4.66
3547,8,2020-05-05 14:13:00,14.3,2.86
3548,7,2020-05-05 14:24:00,18.7,3.74
3549,9,2020-05-05 14:30:00,12.2,2.44
3550,67,2020-05-05 14:34:00,42.9,8.58
3551,2,2020-05-05 15:29:00,13.7,2.74
3552,67,2020-05-05 15:46:00,12.2,2.44
3553,9,2020-05-05 16:27:00,76.5,15.3
3554,14,2020-05-05 17:09:00,2.1,0.42
3555,10,2020-05-05 17:34:00,5.4,1.08
3556,7,2020-05-05 18:09:00,172.7,34.54
3557,5,2020-05-05 18:39:00,28.7,5.74
3558,67,2020-05-05 18:56:00,2.1,0.42
3559,3,2020-05-05 19:36:00,155.5,31.1
3560,2,2020-05-05 19:47:00,209.7,41.94
3561,7,2020-05-05 20:08:00,2.4,0.48
3562,10,2020-05-05 20:17:00,4.5,0.9
3563,10,2020-05-05 21:10:00,176.4,35.28
3564,6,2020-05-05 21:35:00,45.5,9.1
3565,12,2020-05-05 21:58:00,32.7,6.54
3566,1,2020-05-05 22:10:00,168.1,33.62
3567,14,2020-05-06 10:59:00,22.2,4.44
3568,6,2020-05-06 11:39:00,167.2,33.44
3569,67,2020-05-06 12:17:00,124.7,24.94
3570,9,2020-05-06 12:32:00,156.6,31.32
3571,0,2020-05-06 12:48:00,15.5,3.1
3572,6,2020-05-06 13:32:00,10.6,2.12
3573,10,2020-05-06 13:43:00,24.1,4.82
3574,13,2020-05-06 14:18:00,26.0,5.2
3575,9,2020-05-06 15:10:00,45.5,9.1
3576,67,2020-05-06 15:42:00,156.2,31.24
3577,8,2020-05-06 16:19:00,126.4,25.28
3578,7,2020-05-06 17:12:00,5.4,1.08
3579,13,2020-05-06 18:03:00,28.0,5.6
3580,0,2020-05-06 18:38:00,13.1,2.62
3581,2,2020-05-06 19:26:00,105.7,21.14
3582,7,2020-05-06 19:41:00,10.0,2.0
3583,10,2020-05-06 19:59:00,23.4,4.68
3584,12,2020-05-06 20:19:00,21.8,4.36
3585,9,2020-05-06 20:40:00,32.3,6.46
3586,67,2020-05-06 20:51:00,47.0,9.4
3587,14,2020-05-06 21:14:00,49.0,9.8
3588,7,2020-05-06 21:20:00,18.0,3.6
3589,67,2020-05-06 21:36:00,13.2,2.64
3590,0,2020-05-06 21:40:00,6.6,1.32
3591,1,2020-05-06 22:00:00,2.1,0.42
3592,2,2020-05-06 22:27:00,2.6,0.52
3593,9,2020-05-07 10:54:00,127.7,25.54
3594,12,2020-05-07 11:32:00,10.1,2.02
3595,2,2020-05-07 11:34:00,114.9,22.98
3596,7,2020-05-07 12:15:00,125.0,25.0
3597,67,2020-05-07 12:20:00,17.4,3.48
3598,10,2020-05-07 12:52:00,42.8,8.56
3599,14,2020-05-07 13:20:00,33.4,6.68
3600,12,2020-05-07 14:06:00,2.1,0.42
3601,6,2020-05-07 14:26:00,96.1,19.22
3602,7,2020-05-07 15:24:00,111.2,22.24
3603,7,2020-05-07 15:52:00,32.6,6.52
3604,12,2020-05-07 16:11:00,8.4,1.68
3605,4,2020-05-07 16:50:00,175.3,35.06
3606,8,2020-05-07 17:42:00,11.4,2.28
3607,3,2020-05-07 17:47:00,105.7,21.14
3608,0,2020-05-07 18:25:00,12.5,2.5
3609,1,2020-05-07 19:19:00,12.4,2.48
3610,13,2020-05-07 20:14:00,10.1,2.02
3611,5,2020-05-07 20:22:00,338.4,67.68
3612,8,2020-05-07 20:52:00,48.8,9.76
3613,10,2020-05-07 21:16:00,134.0,26.8
3614,8,2020-05-07 21:29:00,12.5,2.5
3615,13,2020-05-07 22:20:00,2.4,0.48
3616,1,2020-05-07 22:30:00,22.6,4.52
3617,14,2020-05-08 10:46:00,9.8,1.96
3618,8,2020-05-08 11:21:00,24.2,4.84
3619,7,2020-05-08 12:11:00,113.7,22.74
3620,5,2020-05-08 12:19:00,36.5,7.3
3621,8,2020-05-08 12:19:00,16.1,3.22
3622,14,2020-05-08 12:45:00,2.4,0.48
3623,6,2020-05-08 13:13:00,10.1,2.02
3624,14,2020-05-08 13:21:00,114.6,22.92
3625,7,2020-05-08 13:37:00,72.6,14.52
3626,67,2020-05-08 14:23:00,45.5,9.1
3627,3,2020-05-08 14:33:00,110.7,22.14
3628,9,2020-05-08 14:54:00,24.1,4.82
3629,13,2020-05-08 15:47:00,46.2,9.24
3630,1,2020-05-08 16:42:00,23.3,4.66
3631,0,2020-05-08 17:32:00,34.1,6.82
3632,13,2020-05-08 18:03:00,180.6,36.12
3633,67,2020-05-08 18:05:00,14.7,2.94
3634,7,2020-05-08 18:35:00,44.0,8.8
3635,5,2020-05-08 18:48:00,111.5,22.3
3636,4,2020-05-08 19:08:00,13.2,2.64
3637,6,2020-05-08 19:58:00,7.5,1.5
3638,12,2020-05-08 20:30:00,36.6,7.32
3639,6,2020-05-08 21:24:00,26.3,5.26
3640,14,2020-05-08 22:04:00,113.4,22.68
3641,12,2020-05-09 10:58:00,114.8,22.96
3642,8,2020-05-09 11:04:00,157.8,31.56
3643,12,2020-05-09 11:29:00,213.9,42.78
3644,0,2020-05-09 11:59:00,294.7,58.94
3645,2,2020-05-09 12:20:00,4.6,0.92
3646,1,2020-05-09 12:24:00,265.1,53.02
3647,67,2020-05-09 12:53:00,19.3,3.86
3648,67,2020-05-09 13:00:00,21.0,4.2
3649,12,2020-05-09 13:01:00,2.6,0.52
3650,6,2020-05-09 13:04:00,27.3,5.46
3651,6,2020-05-09 13:10:00,24.7,4.94
3652,10,2020-05-09 13:24:00,35.2,7.04
3653,12,2020-05-09 13:26:00,67.7,13.54
3654,4,2020-05-09 13:46:00,15.3,3.06
3655,67,2020-05-09 13:46:00,30.1,6.02
3656,3,2020-05-09 14:13:00,65.1,13.02
3657,68,2020-05-09 14:21:00,145.1,29.02
3658,4,2020-05-09 14:24:00,15.3,3.06
3659,2,2020-05-09 14:32:00,272.9,54.58
3660,4,2020-05-09 14:42:00,124.5,24.9
3661,1,2020-05-09 14:54:00,4.3,0.86
3662,2,2020-05-09 15:11:00,19.8,3.96
3663,0,2020-05-09 15:11:00,14.7,2.94
3664,67,2020-05-09 15:39:00,46.1,9.22
3665,8,2020-05-09 15:58:00,49.0,9.8
3666,9,2020-05-09 16:10:00,17.5,3.5
3667,13,2020-05-09 16:31:00,20.8,4.16
3668,0,2020-05-09 16:42:00,50.5,10.1
3669,9,2020-05-09 16:43:00,121.1,24.22
3670,13,2020-05-09 16:56:00,19.4,3.88
3671,1,2020-05-09 17:21:00,35.4,7.08
3672,5,2020-05-09 17:37:00,40.1,8.02
3673,6,2020-05-09 17:51:00,77.9,15.58
3674,10,2020-05-09 18:18:00,58.1,11.62
3675,12,2020-05-09 18:48:00,10.1,2.02
3676,8,2020-05-09 19:12:00,214.1,42.82
3677,67,2020-05-09 19:41:00,28.6,5.72
3678,1,2020-05-09 19:58:00,16.3,3.26
3679,4,2020-05-09 20:11:00,50.0,10.0
3680,68,2020-05-09 20:20:00,124.5,24.9
3681,13,2020-05-09 20:25:00,130.8,26.16
3682,14,2020-05-09 20:40:00,23.9,4.78
3683,3,2020-05-09 21:05:00,10.9,2.18
3684,67,2020-05-09 21:24:00,5.4,1.08
3685,3,2020-05-09 21:31:00,2.6,0.52
3686,10,2020-05-09 22:01:00,101.8,20.36
3687,13,2020-05-09 22:11:00,6.6,1.32
3688,67,2020-05-09 22:28:00,116.6,23.32
3689,4,2020-05-09 22:31:00,31.3,6.26
3690,14,2020-05-09 22:33:00,78.4,15.68
3691,3,2020-05-09 22:46:00,52.5,10.5
3692,68,2020-05-09 22:48:00,156.8,31.36
3693,4,2020-05-10 11:22:00,265.0,53.0
3694,12,2020-05-10 11:29:00,268.0,53.6
3695,6,2020-05-10 12:26:00,13.2,2.64
3696,68,2020-05-10 12:40:00,239.1,47.82
3697,67,2020-05-10 13:29:00,163.4,32.68
3698,6,2020-05-10 13:53:00,35.8,7.16
3699,0,2020-05-10 14:20:00,25.7,5.14
3700,4,2020-05-10 15:10:00,23.4,4.68
3701,10,2020-05-10 15:13:00,16.2,3.24
3702,68,2020-05-10 15:37:00,13.2,2.64
3703,4,2020-05-10 16:31:00,97.9,19.58
3704,0,2020-05-10 16:50:00,161.4,32.28
3705,1,2020-05-10 17:20:00,115.5,23.1
3706,10,2020-05-10 17:20:00,54.2,10.84
3707,68,2020-05-10 18:06:00,211.9,42.38
3708,9,2020-05-10 18:48:00,4.8,0.96
3709,8,2020-05-10 19:12:00,11.6,2.32
3710,12,2020-05-10 20:05:00,24.0,4.8
3711,4,2020-05-10 20:38:00,2.1,0.42
3712,3,2020-05-10 20:56:00,45.5,9.1
3713,14,2020-05-10 21:49:00,246.8,49.36
3714,3,2020-05-10 21:51:00,11.7,2.34
3715,7,2020-05-10 22:12:00,129.0,25.8
3716,9,2020-05-11 10:57:00,26.5,5.3
3717,9,2020-05-11 10:58:00,194.6,38.92
3718,12,2020-05-11 11:48:00,26.8,5.36
3719,2,2020-05-11 12:26:00,170.8,34.16
3720,2,2020-05-11 12:34:00,13.0,2.6
3721,67,2020-05-11 13:00:00,51.1,10.22
3722,7,2020-05-11 13:35:00,184.7,36.94
3723,10,2020-05-11 13:59:00,71.7,14.34
3724,1,2020-05-11 14:43:00,2.4,0.48
3725,67,2020-05-11 15:18:00,112.8,22.56
3726,68,2020-05-11 15:25:00,2.2,0.44
3727,12,2020-05-11 16:22:00,10.6,2.12
3728,68,2020-05-11 16:34:00,67.4,13.48
3729,10,2020-05-11 16:36:00,122.9,24.58
3730,9,2020-05-11 17:17:00,23.0,4.6
3731,68,2020-05-11 17:23:00,8.4,1.68
3732,68,2020-05-11 18:11:00,2.4,0.48
3733,12,2020-05-11 18:22:00,13.8,2.76
3734,7,2020-05-11 18:53:00,13.2,2.64
3735,68,2020-05-11 19:08:00,18.7,3.74
3736,4,2020-05-11 19:59:00,119.2,23.84
3737,9,2020-05-11 20:37:00,128.3,25.66
3738,9,2020-05-11 21:36:00,2.1,0.42
3739,5,2020-05-11 21:43:00,25.2,5.04
3740,9,2020-05-11 21:50:00,57.2,11.44
3741,14,2020-05-11 22:08:00,126.7,25.34
3742,14,2020-05-11 22:44:00,110.6,22.12
3743,2,2020-05-12 10:20:00,12.7,2.54
3744,9,2020-05-12 11:19:00,64.1,12.82
3745,5,2020-05-12 12:14:00,6.6,1.32
3746,7,2020-05-12 13:05:00,232.3,46.46
3747,10,2020-05-12 13:46:00,2.6,0.52
3748,68,2020-05-12 14:33:00,32.0,6.4
3749,1,2020-05-12 15:30:00,48.8,9.76
3750,13,2020-05-12 16:20:00,137.6,27.52
3751,8,2020-05-12 16:49:00,2.4,0.48
3752,7,2020-05-12 17:28:00,48.3,9.66
3753,5,2020-05-12 17:41:00,19.2,3.84
3754,9,2020-05-12 18:29:00,146.5,29.3
3755,14,2020-05-12 19:26:00,33.2,6.64
3756,5,2020-05-12 19:56:00,138.3,27.66
3757,1,2020-05-12 20:31:00,29.4,5.88
3758,2,2020-05-12 21:29:00,105.9,21.18
3759,6,2020-05-12 22:10:00,4.6,0.92
3760,8,2020-05-12 22:49:00,275.4,55.08
3761,7,2020-05-13 10:52:00,14.9,2.98
3762,67,2020-05-13 11:23:00,23.3,4.66
3763,0,2020-05-13 11:58:00,49.4,9.88
3764,1,2020-05-13 12:54:00,30.4,6.08
3765,0,2020-05-13 13:03:00,169.1,33.82
3766,2,2020-05-13 13:53:00,25.8,5.16
3767,14,2020-05-13 13:53:00,21.7,4.34
3768,68,2020-05-13 14:21:00,13.7,2.74
3769,68,2020-05-13 15:14:00,6.9,1.38
3770,9,2020-05-13 15:47:00,15.6,3.12
3771,14,2020-05-13 16:13:00,5.4,1.08
3772,1,2020-05-13 17:04:00,44.0,8.8
3773,0,2020-05-13 17:44:00,252.5,50.5
3774,3,2020-05-13 18:08:00,2.4,0.48
3775,13,2020-05-13 18:10:00,47.0,9.4
3776,12,2020-05-13 18:10:00,14.6,2.92
3777,9,2020-05-13 18:54:00,291.7,58.34
3778,12,2020-05-13 19:52:00,10.0,2.0
3779,14,2020-05-13 20:21:00,143.4,28.68
3780,10,2020-05-13 20:26:00,14.3,2.86
3781,6,2020-05-13 21:01:00,55.1,11.02
3782,2,2020-05-13 21:59:00,94.6,18.92
3783,6,2020-05-13 22:57:00,240.8,48.16
3784,2,2020-05-14 10:32:00,35.1,7.02
3785,9,2020-05-14 10:36:00,2.4,0.48
3786,6,2020-05-14 11:34:00,11.6,2.32
3787,7,2020-05-14 12:33:00,170.0,34.0
3788,4,2020-05-14 12:42:00,221.3,44.26
3789,14,2020-05-14 13:27:00,160.1,32.02
3790,14,2020-05-14 13:28:00,13.8,2.76
3791,2,2020-05-14 13:40:00,13.8,2.76
3792,5,2020-05-14 13:58:00,21.7,4.34
3793,8,2020-05-14 14:25:00,65.2,13.04
3794,13,2020-05-14 14:32:00,12.5,2.5
3795,3,2020-05-14 14:53:00,138.4,27.68
3796,4,2020-05-14 15:51:00,153.4,30.68
3797,9,2020-05-14 16:30:00,75.7,15.14
3798,12,2020-05-14 16:52:00,44.0,8.8
3799,14,2020-05-14 17:31:00,169.3,33.86
3800,0,2020-05-14 18:03:00,144.9,28.98
3801,68,2020-05-14 18:24:00,5.0,1.0
3802,67,2020-05-14 18:48:00,2.4,0.48
3803,7,2020-05-14 19:16:00,8.5,1.7
3804,14,2020-05-14 19:23:00,2.4,0.48
3805,4,2020-05-14 19:44:00,24.9,4.98
3806,12,2020-05-14 20:16:00,69.4,13.88
3807,10,2020-05-14 20:34:00,17.2,3.44
3808,9,2020-05-14 20:55:00,46.1,9.22
3809,6,2020-05-14 21:20:00,243.4,48.68
3810,7,2020-05-14 21:39:00,14.6,2.92
3811,3,2020-05-14 22:25:00,28.5,5.7
3812,13,2020-05-14 22:29:00,6.5,1.3
3813,9,2020-05-14 22:30:00,18.6,3.72
3814,67,2020-05-15 10:57:00,18.6,3.72
3815,67,2020-05-15 11:07:00,17.7,3.54
3816,2,2020-05-15 11:14:00,18.5,3.7
3817,13,2020-05-15 11:29:00,127.1,25.42
3818,0,2020-05-15 11:29:00,52.2,10.44
3819,3,2020-05-15 11:41:00,18.0,3.6
3820,5,2020-05-15 11:44:00,18.7,3.74
3821,14,2020-05-15 11:48:00,4.5,0.9
3822,13,2020-05-15 11:49:00,10.1,2.02
3823,3,2020-05-15 11:52:00,59.8,11.96
3824,4,2020-05-15 12:06:00,15.3,3.06
3825,5,2020-05-15 12:06:00,212.9,42.58
3826,9,2020-05-15 12:06:00,44.0,8.8
3827,8,2020-05-15 12:10:00,2.4,0.48
3828,12,2020-05-15 12:15:00,15.0,3.0
3829,10,2020-05-15 12:23:00,110.6,22.12
3830,0,2020-05-15 12:38:00,12.6,2.52
3831,1,2020-05-15 12:43:00,10.1,2.02
3832,68,2020-05-15 12:46:00,11.4,2.28
3833,8,2020-05-15 12:46:00,34.3,6.86
3834,12,2020-05-15 12:49:00,39.7,7.94
3835,12,2020-05-15 12:56:00,115.3,23.06
3836,0,2020-05-15 12:56:00,48.5,9.7
3837,5,2020-05-15 13:05:00,170.4,34.08
3838,14,2020-05-15 13:05:00,13.2,2.64
3839,67,2020-05-15 13:18:00,30.4,6.08
3840,1,2020-05-15 13:24:00,22.7,4.54
3841,8,2020-05-15 13:33:00,157.2,31.44
3842,10,2020-05-15 13:44:00,4.5,0.9
3843,13,2020-05-15 13:56:00,7.1,1.42
3844,8,2020-05-15 13:58:00,36.8,7.36
3845,13,2020-05-15 13:58:00,21.9,4.38
3846,0,2020-05-15 14:00:00,40.7,8.14
3847,67,2020-05-15 14:11:00,65.7,13.14
3848,3,2020-05-15 14:16:00,44.0,8.8
3849,3,2020-05-15 14:23:00,51.3,10.26
3850,8,2020-05-15 14:35:00,2.1,0.42
3851,4,2020-05-15 14:43:00,38.7,7.74
3852,1,2020-05-15 14:57:00,121.0,24.2
3853,0,2020-05-15 15:03:00,80.6,16.12
3854,6,2020-05-15 15:04:00,4.3,0.86
3855,12,2020-05-15 15:11:00,112.9,22.58
3856,2,2020-05-15 15:25:00,29.7,5.94
3857,6,2020-05-15 15:36:00,75.2,15.04
3858,5,2020-05-15 15:51:00,131.0,26.2
3859,13,2020-05-15 16:05:00,13.2,2.64
3860,13,2020-05-15 16:09:00,45.5,9.1
3861,2,2020-05-15 16:22:00,22.5,4.5
3862,67,2020-05-15 16:28:00,65.8,13.16
3863,12,2020-05-15 16:29:00,5.4,1.08
3864,67,2020-05-15 16:39:00,20.1,4.02
3865,8,2020-05-15 16:51:00,62.2,12.44
3866,7,2020-05-15 16:53:00,10.1,2.02
3867,8,2020-05-15 17:08:00,27.8,5.56
3868,2,2020-05-15 17:15:00,12.3,2.46
3869,14,2020-05-15 17:20:00,118.2,23.64
3870,68,2020-05-15 17:32:00,78.6,15.72
3871,8,2020-05-15 17:42:00,18.6,3.72
3872,68,2020-05-15 17:54:00,11.7,2.34
3873,0,2020-05-15 18:07:00,27.6,5.52
3874,6,2020-05-15 18:12:00,70.1,14.02
3875,10,2020-05-15 18:22:00,4.8,0.96
3876,2,2020-05-15 18:23:00,23.6,4.72
3877,14,2020-05-15 18:26:00,19.7,3.94
3878,6,2020-05-15 18:40:00,2.2,0.44
3879,12,2020-05-15 18:51:00,68.0,13.6
3880,3,2020-05-15 18:53:00,101.8,20.36
3881,7,2020-05-15 19:07:00,19.4,3.88
3882,13,2020-05-15 19:10:00,197.8,39.56
3883,9,2020-05-15 19:14:00,36.5,7.3
3884,2,2020-05-15 19:15:00,62.8,12.56
3885,0,2020-05-15 19:24:00,34.1,6.82
3886,9,2020-05-15 19:38:00,18.3,3.66
3887,14,2020-05-15 19:41:00,2.2,0.44
3888,2,2020-05-15 19:54:00,134.6,26.92
3889,2,2020-05-15 19:55:00,10.0,2.0
3890,8,2020-05-15 20:06:00,194.3,38.86
3891,3,2020-05-15 20:08:00,70.5,14.1
3892,4,2020-05-15 20:09:00,8.5,1.7
3893,1,2020-05-15 20:18:00,50.2,10.04
3894,10,2020-05-15 20:31:00,19.8,3.96
3895,14,2020-05-15 20:42:00,10.6,2.12
3896,0,2020-05-15 20:56:00,22.6,4.52
3897,4,2020-05-15 21:10:00,60.5,12.1
3898,68,2020-05-15 21:12:00,116.4,23.28
3899,14,2020-05-15 21:15:00,96.5,19.3
3900,13,2020-05-15 21:23:00,10.6,2.12
3901,9,2020-05-15 21:24:00,11.4,2.28
3902,6,2020-05-15 21:27:00,13.3,2.66
3903,4,2020-05-15 21:35:00,125.1,25.02
3904,4,2020-05-15 21:43:00,164.4,32.88
3905,6,2020-05-15 21:57:00,124.6,24.92
3906,7,2020-05-15 21:59:00,8.5,1.7
3907,3,2020-05-15 22:06:00,150.5,30.1
3908,13,2020-05-15 22:07:00,221.9,44.38
3909,6,2020-05-15 22:15:00,275.4,55.08
3910,12,2020-05-15 22:16:00,12.2,2.44
3911,0,2020-05-15 22:20:00,8.5,1.7
3912,2,2020-05-15 22:33:00,69.2,13.84
3913,68,2020-05-15 22:48:00,43.6,8.72
3914,12,2020-05-15 22:49:00,145.1,29.02
3915,1,2020-05-15 22:56:00,106.5,21.3
3916,5,2020-05-16 10:05:00,114.6,22.92
3917,0,2020-05-16 10:25:00,127.2,25.44
3918,10,2020-05-16 10:37:00,85.7,17.14
3919,14,2020-05-16 10:40:00,239.0,47.8
3920,8,2020-05-16 11:02:00,25.1,5.02
3921,5,2020-05-16 11:09:00,119.1,23.82
3922,2,2020-05-16 11:23:00,8.7,1.74
3923,3,2020-05-16 11:32:00,264.5,52.9
3924,8,2020-05-16 11:43:00,41.1,8.22
3925,12,2020-05-16 11:48:00,66.1,13.22
3926,8,2020-05-16 12:07:00,8.5,1.7
3927,0,2020-05-16 12:16:00,10.1,2.02
3928,4,2020-05-16 12:28:00,261.7,52.34
3929,8,2020-05-16 12:51:00,6.3,1.26
3930,4,2020-05-16 13:17:00,31.8,6.36
3931,68,2020-05-16 13:40:00,156.8,31.36
3932,2,2020-05-16 13:58:00,18.8,3.76
3933,14,2020-05-16 14:17:00,8.7,1.74
3934,9,2020-05-16 14:47:00,166.0,33.2
3935,5,2020-05-16 14:51:00,54.8,10.96
3936,3,2020-05-16 14:58:00,48.3,9.66
3937,7,2020-05-16 15:20:00,12.8,2.56
3938,9,2020-05-16 15:23:00,117.8,23.56
3939,68,2020-05-16 15:51:00,136.8,27.36
3940,8,2020-05-16 16:12:00,17.9,3.58
3941,5,2020-05-16 16:16:00,129.2,25.84
3942,68,2020-05-16 16:42:00,2.4,0.48
3943,67,2020-05-16 16:50:00,46.2,9.24
3944,1,2020-05-16 17:15:00,57.2,11.44
3945,8,2020-05-16 17:23:00,7.2,1.44
3946,2,2020-05-16 17:29:00,48.3,9.66
3947,9,2020-05-16 17:55:00,20.2,4.04
3948,8,2020-05-16 18:23:00,44.0,8.8
3949,9,2020-05-16 18:39:00,30.2,6.04
3950,12,2020-05-16 18:48:00,7.1,1.42
3951,10,2020-05-16 18:51:00,155.1,31.02
3952,68,2020-05-16 19:06:00,28.4,5.68
3953,5,2020-05-16 19:25:00,55.9,11.18
3954,6,2020-05-16 19:40:00,57.2,11.44
3955,9,2020-05-16 19:42:00,20.7,4.14
3956,12,2020-05-16 19:45:00,11.7,2.34
3957,0,2020-05-16 19:45:00,12.5,2.5
3958,10,2020-05-16 20:11:00,35.7,7.14
3959,8,2020-05-16 20:35:00,172.4,34.48
3960,3,2020-05-16 20:35:00,12.4,2.48
3961,10,2020-05-16 20:39:00,2.4,0.48
3962,1,2020-05-16 21:04:00,210.8,42.16
3963,5,2020-05-16 21:07:00,56.5,11.3
3964,4,2020-05-16 21:14:00,10.1,2.02
3965,67,2020-05-16 21:43:00,20.7,4.14
3966,4,2020-05-16 22:04:00,2.4,0.48
3967,13,2020-05-16 22:25:00,31.9,6.38
3968,68,2020-05-16 22:30:00,171.7,34.34
3969,9,2020-05-16 22:57:00,68.1,13.62
3970,3,2020-05-17 11:16:00,13.5,2.7
3971,4,2020-05-17 11:28:00,20.4,4.08
3972,10,2020-05-17 11:45:00,128.7,25.74
3973,2,2020-05-17 12:08:00,70.9,14.18
3974,67,2020-05-17 12:25:00,107.5,21.5
3975,8,2020-05-17 13:20:00,34.9,6.98
3976,3,2020-05-17 14:08:00,2.4,0.48
3977,8,2020-05-17 14:30:00,9.3,1.86
3978,4,2020-05-17 14:40:00,41.0,8.2
3979,4,2020-05-17 14:41:00,31.6,6.32
3980,67,2020-05-17 15:25:00,39.6,7.92
3981,9,2020-05-17 15:59:00,19.2,3.84
3982,9,2020-05-17 16:11:00,19.2,3.84
3983,67,2020-05-17 17:10:00,17.1,3.42
3984,13,2020-05-17 17:51:00,15.6,3.12
3985,9,2020-05-17 18:36:00,62.9,12.58
3986,7,2020-05-17 19:09:00,225.9,45.18
3987,0,2020-05-17 19:44:00,10.6,2.12
3988,14,2020-05-17 20:31:00,59.5,11.9
3989,6,2020-05-17 21:00:00,45.5,9.1
3990,7,2020-05-17 21:05:00,36.2,7.24
3991,12,2020-05-17 22:04:00,31.6,6.32
3992,14,2020-05-17 22:21:00,25.7,5.14
3993,9,2020-05-18 10:53:00,198.7,39.74
3994,13,2020-05-18 11:13:00,52.3,10.46
3995,6,2020-05-18 11:46:00,158.1,31.62
3996,13,2020-05-18 11:50:00,8.5,1.7
3997,5,2020-05-18 12:08:00,18.6,3.72
3998,6,2020-05-18 13:01:00,71.2,14.24
3999,0,2020-05-18 13:14:00,23.8,4.76
4000,2,2020-05-18 13:28:00,27.0,5.4
4001,12,2020-05-18 13:39:00,94.9,18.98
4002,13,2020-05-18 13:58:00,16.2,3.24
4003,13,2020-05-18 14:39:00,11.7,2.34
4004,5,2020-05-18 14:53:00,60.9,12.18
4005,14,2020-05-18 14:53:00,25.4,5.08
4006,8,2020-05-18 15:17:00,126.3,25.26
4007,9,2020-05-18 15:47:00,2.1,0.42
4008,6,2020-05-18 16:40:00,8.5,1.7
4009,9,2020-05-18 17:11:00,2.2,0.44
4010,8,2020-05-18 18:03:00,4.8,0.96
4011,68,2020-05-18 18:50:00,57.2,11.44
4012,1,2020-05-18 19:37:00,2.4,0.48
4013,2,2020-05-18 19:56:00,2.4,0.48
4014,10,2020-05-18 20:05:00,42.6,8.52
4015,3,2020-05-18 20:42:00,35.8,7.16
4016,7,2020-05-18 21:27:00,28.6,5.72
4017,68,2020-05-18 22:26:00,113.3,22.66
4018,68,2020-05-18 22:57:00,22.3,4.46
4019,13,2020-05-19 10:16:00,218.2,43.64
4020,1,2020-05-19 10:44:00,11.7,2.34
4021,2,2020-05-19 11:44:00,18.0,3.6
4022,2,2020-05-19 12:38:00,33.2,6.64
4023,1,2020-05-19 13:21:00,128.4,25.68
4024,12,2020-05-19 13:23:00,16.0,3.2
4025,13,2020-05-19 14:16:00,110.7,22.14
4026,6,2020-05-19 14:41:00,46.4,9.28
4027,8,2020-05-19 14:42:00,29.0,5.8
4028,67,2020-05-19 14:42:00,70.9,14.18
4029,10,2020-05-19 15:18:00,23.9,4.78
4030,3,2020-05-19 16:04:00,12.2,2.44
4031,10,2020-05-19 16:12:00,124.0,24.8
4032,67,2020-05-19 17:03:00,21.7,4.34
4033,12,2020-05-19 17:51:00,7.1,1.42
4034,2,2020-05-19 18:47:00,111.5,22.3
4035,67,2020-05-19 19:32:00,65.6,13.12
4036,8,2020-05-19 20:13:00,71.9,14.38
4037,1,2020-05-19 20:17:00,112.4,22.48
4038,0,2020-05-19 20:50:00,139.8,27.96
4039,6,2020-05-19 21:47:00,56.2,11.24
4040,3,2020-05-19 21:54:00,34.4,6.88
4041,5,2020-05-19 22:32:00,21.8,4.36
4042,12,2020-05-19 22:50:00,24.0,4.8
4043,5,2020-05-20 10:33:00,2.1,0.42
4044,5,2020-05-20 11:03:00,115.5,23.1
4045,14,2020-05-20 11:13:00,299.3,59.86
4046,3,2020-05-20 11:32:00,14.4,2.88
4047,10,2020-05-20 12:32:00,252.1,50.42
4048,2,2020-05-20 13:30:00,2.1,0.42
4049,4,2020-05-20 13:30:00,2.4,0.48
4050,4,2020-05-20 14:26:00,60.1,12.02
4051,9,2020-05-20 14:46:00,161.8,32.36
4052,4,2020-05-20 15:44:00,109.1,21.82
4053,4,2020-05-20 16:43:00,71.2,14.24
4054,6,2020-05-20 16:52:00,162.6,32.52
4055,68,2020-05-20 17:15:00,56.5,11.3
4056,10,2020-05-20 18:04:00,23.3,4.66
4057,9,2020-05-20 18:04:00,14.8,2.96
4058,10,2020-05-20 18:49:00,2.4,0.48
4059,0,2020-05-20 18:59:00,18.2,3.64
4060,12,2020-05-20 19:12:00,163.1,32.62
4061,9,2020-05-20 19:47:00,19.9,3.98
4062,13,2020-05-20 19:55:00,109.1,21.82
4063,7,2020-05-20 20:14:00,93.8,18.76
4064,9,2020-05-20 20:22:00,60.2,12.04
4065,0,2020-05-20 20:42:00,52.9,10.58
4066,8,2020-05-20 20:54:00,43.0,8.6
4067,68,2020-05-20 21:48:00,115.5,23.1
4068,13,2020-05-20 21:57:00,157.6,31.52
4069,2,2020-05-20 22:29:00,172.7,34.54
4070,0,2020-05-21 10:48:00,39.4,7.88
4071,67,2020-05-21 10:49:00,27.1,5.42
4072,6,2020-05-21 10:53:00,17.0,3.4
4073,4,2020-05-21 11:16:00,99.3,19.86
4074,3,2020-05-21 11:57:00,7.0,1.4
4075,3,2020-05-21 12:15:00,8.7,1.74
4076,12,2020-05-21 12:47:00,11.7,2.34
4077,1,2020-05-21 13:18:00,21.5,4.3
4078,4,2020-05-21 13:40:00,16.5,3.3
4079,14,2020-05-21 14:00:00,4.6,0.92
4080,68,2020-05-21 14:56:00,27.3,5.46
4081,6,2020-05-21 15:25:00,60.0,12.0
4082,12,2020-05-21 15:53:00,2.4,0.48
4083,9,2020-05-21 16:25:00,23.4,4.68
4084,7,2020-05-21 16:32:00,114.7,22.94
4085,13,2020-05-21 17:17:00,99.6,19.92
4086,12,2020-05-21 17:35:00,7.2,1.44
4087,12,2020-05-21 17:47:00,44.0,8.8
4088,5,2020-05-21 18:35:00,21.1,4.22
4089,10,2020-05-21 19:10:00,30.7,6.14
4090,6,2020-05-21 19:58:00,36.7,7.34
4091,10,2020-05-21 20:26:00,7.0,1.4
4092,3,2020-05-21 20:39:00,18.9,3.78
4093,68,2020-05-21 20:46:00,26.5,5.3
4094,12,2020-05-21 21:40:00,100.4,20.08
4095,12,2020-05-21 22:18:00,2.4,0.48
4096,0,2020-05-21 22:53:00,113.0,22.6
4097,10,2020-05-22 10:59:00,56.5,11.3
4098,5,2020-05-22 11:58:00,8.4,1.68
4099,67,2020-05-22 12:02:00,5.4,1.08
4100,7,2020-05-22 12:09:00,120.5,24.1
4101,68,2020-05-22 12:55:00,7.6,1.52
4102,67,2020-05-22 13:51:00,17.2,3.44
4103,6,2020-05-22 13:55:00,142.1,28.42
4104,2,2020-05-22 14:04:00,10.0,2.0
4105,10,2020-05-22 14:36:00,45.5,9.1
4106,6,2020-05-22 14:55:00,70.7,14.14
4107,8,2020-05-22 15:00:00,8.9,1.78
4108,13,2020-05-22 15:29:00,94.1,18.82
4109,2,2020-05-22 16:24:00,27.1,5.42
4110,5,2020-05-22 16:41:00,28.7,5.74
4111,5,2020-05-22 16:48:00,120.8,24.16
4112,9,2020-05-22 17:11:00,253.3,50.66
4113,10,2020-05-22 17:22:00,2.1,0.42
4114,3,2020-05-22 18:18:00,64.0,12.8
4115,12,2020-05-22 18:47:00,70.1,14.02
4116,9,2020-05-22 19:42:00,2.1,0.42
4117,14,2020-05-22 20:18:00,74.8,14.96
4118,2,2020-05-22 20:43:00,2.4,0.48
4119,67,2020-05-22 21:26:00,153.9,30.78
4120,5,2020-05-22 21:45:00,16.2,3.24
4121,9,2020-05-22 22:08:00,132.4,26.48
4122,10,2020-05-22 22:17:00,18.6,3.72
4123,7,2020-05-22 22:35:00,15.6,3.12
4124,0,2020-05-23 10:45:00,29.3,5.86
4125,0,2020-05-23 10:53:00,33.4,6.68
4126,68,2020-05-23 10:59:00,34.1,6.82
4127,12,2020-05-23 11:27:00,119.2,23.84
4128,68,2020-05-23 11:45:00,10.1,2.02
4129,1,2020-05-23 12:12:00,29.3,5.86
4130,12,2020-05-23 12:39:00,180.4,36.08
4131,5,2020-05-23 12:48:00,12.3,2.46
4132,1,2020-05-23 12:53:00,154.1,30.82
4133,10,2020-05-23 13:06:00,26.0,5.2
4134,9,2020-05-23 13:24:00,20.7,4.14
4135,7,2020-05-23 13:52:00,31.5,6.3
4136,0,2020-05-23 14:16:00,34.9,6.98
4137,68,2020-05-23 14:17:00,28.6,5.72
4138,12,2020-05-23 14:17:00,35.1,7.02
4139,14,2020-05-23 14:39:00,31.6,6.32
4140,4,2020-05-23 14:56:00,23.8,4.76
4141,1,2020-05-23 15:12:00,148.8,29.76
4142,3,2020-05-23 15:32:00,4.5,0.9
4143,2,2020-05-23 15:43:00,8.5,1.7
4144,8,2020-05-23 16:13:00,2.1,0.42
4145,67,2020-05-23 16:31:00,37.1,7.42
4146,7,2020-05-23 16:43:00,28.7,5.74
4147,9,2020-05-23 16:44:00,2.4,0.48
4148,1,2020-05-23 17:13:00,2.4,0.48
4149,14,2020-05-23 17:39:00,24.4,4.88
4150,14,2020-05-23 17:45:00,267.7,53.54
4151,13,2020-05-23 17:53:00,2.4,0.48
4152,7,2020-05-23 17:57:00,120.7,24.14
4153,6,2020-05-23 18:04:00,9.7,1.94
4154,9,2020-05-23 18:09:00,50.3,10.06
4155,8,2020-05-23 18:20:00,12.7,2.54
4156,1,2020-05-23 18:37:00,64.2,12.84
4157,67,2020-05-23 18:52:00,14.8,2.96
4158,0,2020-05-23 18:58:00,30.2,6.04
4159,12,2020-05-23 19:22:00,23.1,4.62
4160,12,2020-05-23 19:38:00,12.5,2.5
4161,10,2020-05-23 19:48:00,59.3,11.86
4162,10,2020-05-23 20:01:00,17.4,3.48
4163,3,2020-05-23 20:08:00,21.0,4.2
4164,12,2020-05-23 20:30:00,2.4,0.48
4165,2,2020-05-23 20:58:00,6.7,1.34
4166,0,2020-05-23 21:08:00,47.5,9.5
4167,9,2020-05-23 21:24:00,128.2,25.64
4168,7,2020-05-23 21:34:00,44.0,8.8
4169,2,2020-05-23 21:50:00,22.2,4.44
4170,8,2020-05-23 22:01:00,116.8,23.36
4171,5,2020-05-23 22:29:00,35.6,7.12
4172,9,2020-05-23 22:32:00,60.4,12.08
4173,7,2020-05-23 22:41:00,241.1,48.22
4174,1,2020-05-23 22:48:00,10.9,2.18
4175,8,2020-05-24 11:13:00,72.3,14.46
4176,68,2020-05-24 11:13:00,13.3,2.66
4177,68,2020-05-24 11:27:00,109.9,21.98
4178,14,2020-05-24 12:09:00,55.7,11.14
4179,8,2020-05-24 12:59:00,72.7,14.54
4180,13,2020-05-24 13:27:00,2.1,0.42
4181,68,2020-05-24 13:46:00,10.6,2.12
4182,12,2020-05-24 13:48:00,11.7,2.34
4183,4,2020-05-24 14:25:00,158.6,31.72
4184,6,2020-05-24 14:34:00,25.7,5.14
4185,12,2020-05-24 15:08:00,52.5,10.5
4186,68,2020-05-24 15:53:00,15.3,3.06
4187,3,2020-05-24 16:46:00,62.5,12.5
4188,8,2020-05-24 17:07:00,118.1,23.62
4189,13,2020-05-24 17:47:00,8.5,1.7
4190,67,2020-05-24 18:30:00,132.2,26.44
4191,7,2020-05-24 18:30:00,31.8,6.36
4192,14,2020-05-24 18:46:00,8.7,1.74
4193,12,2020-05-24 19:11:00,2.6,0.52
4194,1,2020-05-24 19:47:00,6.7,1.34
4195,4,2020-05-24 20:16:00,121.3,24.26
4196,3,2020-05-24 21:10:00,2.1,0.42
4197,8,2020-05-24 21:33:00,145.6,29.12
4198,12,2020-05-24 21:37:00,71.4,14.28
4199,67,2020-05-24 22:13:00,24.0,4.8
4200,9,2020-05-24 22:46:00,133.0,26.6
4201,0,2020-05-24 22:50:00,6.9,1.38
4202,3,2020-05-25 10:47:00,102.5,20.5
4203,14,2020-05-25 11:15:00,10.1,2.02
4204,67,2020-05-25 11:24:00,123.8,24.76
4205,8,2020-05-25 12:18:00,5.4,1.08
4206,2,2020-05-25 12:27:00,65.5,13.1
4207,14,2020-05-25 13:26:00,143.6,28.72
4208,13,2020-05-25 14:02:00,17.4,3.48
4209,68,2020-05-25 14:46:00,2.4,0.48
4210,67,2020-05-25 15:25:00,10.0,2.0
4211,2,2020-05-25 16:22:00,107.2,21.44
4212,68,2020-05-25 16:45:00,2.1,0.42
4213,67,2020-05-25 17:13:00,13.1,2.62
4214,12,2020-05-25 18:03:00,145.1,29.02
4215,14,2020-05-25 18:20:00,23.7,4.74
4216,5,2020-05-25 18:52:00,31.4,6.28
4217,13,2020-05-25 19:15:00,16.5,3.3
4218,7,2020-05-25 20:00:00,144.5,28.9
4219,7,2020-05-25 20:47:00,13.4,2.68
4220,8,2020-05-25 21:01:00,47.0,9.4
4221,12,2020-05-25 21:56:00,15.1,3.02
4222,14,2020-05-25 22:27:00,76.8,15.36
4223,5,2020-05-26 10:48:00,4.7,0.94
4224,0,2020-05-26 11:39:00,153.6,30.72
4225,1,2020-05-26 12:33:00,16.3,3.26
4226,13,2020-05-26 13:06:00,15.9,3.18
4227,14,2020-05-26 14:06:00,20.2,4.04
4228,14,2020-05-26 14:46:00,164.0,32.8
4229,14,2020-05-26 14:47:00,10.1,2.02
4230,7,2020-05-26 14:51:00,25.0,5.0
4231,12,2020-05-26 14:54:00,15.1,3.02
4232,0,2020-05-26 15:54:00,14.7,2.94
4233,12,2020-05-26 16:45:00,120.0,24.0
4234,5,2020-05-26 17:28:00,57.1,11.42
4235,6,2020-05-26 17:57:00,14.5,2.9
4236,7,2020-05-26 18:10:00,111.5,22.3
4237,8,2020-05-26 18:35:00,2.1,0.42
4238,8,2020-05-26 19:11:00,46.4,9.28
4239,2,2020-05-26 19:13:00,25.2,5.04
4240,1,2020-05-26 19:22:00,12.2,2.44
4241,3,2020-05-26 20:13:00,65.7,13.14
4242,7,2020-05-26 21:09:00,77.4,15.48
4243,13,2020-05-26 21:23:00,145.4,29.08
4244,2,2020-05-26 22:01:00,85.9,17.18
4245,2,2020-05-26 22:44:00,2.6,0.52
4246,67,2020-05-27 10:53:00,2.1,0.42
4247,3,2020-05-27 11:33:00,116.0,23.2
4248,3,2020-05-27 11:38:00,172.4,34.48
4249,14,2020-05-27 11:40:00,18.8,3.76
4250,1,2020-05-27 11:45:00,11.7,2.34
4251,67,2020-05-27 12:04:00,5.0,1.0
4252,14,2020-05-27 12:16:00,2.1,0.42
4253,8,2020-05-27 12:49:00,6.9,1.38
4254,5,2020-05-27 13:29:00,38.9,7.78
4255,5,2020-05-27 14:25:00,62.0,12.4
4256,5,2020-05-27 14:54:00,16.0,3.2
4257,4,2020-05-27 15:20:00,8.7,1.74
4258,14,2020-05-27 16:08:00,214.3,42.86
4259,10,2020-05-27 16:47:00,24.7,4.94
4260,10,2020-05-27 17:35:00,2.1,0.42
4261,4,2020-05-27 17:43:00,15.5,3.1
4262,3,2020-05-27 17:48:00,39.4,7.88
4263,14,2020-05-27 18:30:00,2.1,0.42
4264,67,2020-05-27 18:32:00,25.4,5.08
4265,3,2020-05-27 18:52:00,48.1,9.62
4266,67,2020-05-27 19:02:00,22.6,4.52
4267,6,2020-05-27 19:54:00,46.4,9.28
4268,2,2020-05-27 20:19:00,130.6,26.12
4269,0,2020-05-27 20:47:00,18.0,3.6
4270,14,2020-05-27 21:03:00,11.6,2.32
4271,4,2020-05-27 21:19:00,37.4,7.48
4272,12,2020-05-27 21:41:00,167.8,33.56
4273,6,2020-05-27 21:53:00,127.8,25.56
4274,13,2020-05-27 22:22:00,19.1,3.82
4275,2,2020-05-27 22:45:00,20.1,4.02
4276,7,2020-05-28 10:46:00,22.3,4.46
4277,9,2020-05-28 11:07:00,5.4,1.08
4278,0,2020-05-28 11:35:00,76.0,15.2
4279,12,2020-05-28 11:42:00,4.5,0.9
4280,2,2020-05-28 11:42:00,4.7,0.94
4281,68,2020-05-28 12:27:00,8.5,1.7
4282,5,2020-05-28 12:35:00,214.1,42.82
4283,10,2020-05-28 12:56:00,44.0,8.8
4284,8,2020-05-28 13:56:00,107.9,21.58
4285,14,2020-05-28 14:56:00,14.1,2.82
4286,8,2020-05-28 15:55:00,25.0,5.0
4287,6,2020-05-28 16:33:00,37.1,7.42
4288,13,2020-05-28 16:45:00,8.7,1.74
4289,6,2020-05-28 17:15:00,56.1,11.22
4290,3,2020-05-28 17:17:00,52.2,10.44
4291,8,2020-05-28 18:05:00,145.1,29.02
4292,68,2020-05-28 18:21:00,156.1,31.22
4293,67,2020-05-28 18:31:00,31.9,6.38
4294,6,2020-05-28 19:13:00,13.1,2.62
4295,0,2020-05-28 19:54:00,33.4,6.68
4296,3,2020-05-28 20:50:00,26.5,5.3
4297,14,2020-05-28 21:41:00,49.7,9.94
4298,9,2020-05-28 21:52:00,137.6,27.52
4299,67,2020-05-28 22:42:00,136.2,27.24
4300,6,2020-05-29 10:29:00,157.2,31.44
4301,1,2020-05-29 11:18:00,23.1,4.62
4302,7,2020-05-29 11:37:00,8.7,1.74
4303,6,2020-05-29 11:46:00,82.4,16.48
4304,10,2020-05-29 12:45:00,47.6,9.52
4305,4,2020-05-29 13:26:00,2.2,0.44
4306,67,2020-05-29 13:41:00,33.3,6.66
4307,4,2020-05-29 13:55:00,46.1,9.22
4308,1,2020-05-29 14:00:00,22.5,4.5
4309,5,2020-05-29 14:30:00,2.4,0.48
4310,8,2020-05-29 14:33:00,2.1,0.42
4311,10,2020-05-29 14:55:00,236.0,47.2
4312,67,2020-05-29 15:10:00,10.6,2.12
4313,10,2020-05-29 15:32:00,12.2,2.44
4314,0,2020-05-29 15:32:00,47.7,9.54
4315,3,2020-05-29 16:17:00,122.3,24.46
4316,8,2020-05-29 16:19:00,159.2,31.84
4317,0,2020-05-29 17:15:00,2.4,0.48
4318,3,2020-05-29 17:27:00,10.1,2.02
4319,7,2020-05-29 17:35:00,58.1,11.62
4320,2,2020-05-29 17:50:00,34.8,6.96
4321,2,2020-05-29 17:53:00,13.7,2.74
4322,0,2020-05-29 18:38:00,8.5,1.7
4323,1,2020-05-29 19:35:00,11.7,2.34
4324,1,2020-05-29 20:19:00,35.7,7.14
4325,14,2020-05-29 20:57:00,11.7,2.34
4326,7,2020-05-29 21:40:00,146.6,29.32
4327,7,2020-05-29 21:57:00,211.9,42.38
4328,4,2020-05-29 22:28:00,31.3,6.26
4329,1,2020-05-29 22:55:00,60.4,12.08
4330,68,2020-05-30 10:49:00,22.3,4.46
4331,10,2020-05-30 11:08:00,21.6,4.32
4332,3,2020-05-30 11:19:00,250.4,50.08
4333,13,2020-05-30 11:19:00,17.4,3.48
4334,1,2020-05-30 11:29:00,19.8,3.96
4335,1,2020-05-30 11:36:00,127.1,25.42
4336,7,2020-05-30 11:38:00,15.5,3.1
4337,14,2020-05-30 12:07:00,7.0,1.4
4338,68,2020-05-30 12:21:00,109.1,21.82
4339,8,2020-05-30 12:27:00,144.5,28.9
4340,8,2020-05-30 12:47:00,4.6,0.92
4341,9,2020-05-30 13:11:00,44.0,8.8
4342,5,2020-05-30 13:26:00,133.8,26.76
4343,68,2020-05-30 13:51:00,4.2,0.84
4344,13,2020-05-30 14:16:00,7.7,1.54
4345,67,2020-05-30 14:19:00,240.7,48.14
4346,5,2020-05-30 14:43:00,128.3,25.66
4347,10,2020-05-30 14:50:00,13.6,2.72
4348,7,2020-05-30 15:06:00,11.7,2.34
4349,5,2020-05-30 15:12:00,14.1,2.82
4350,4,2020-05-30 15:42:00,161.7,32.34
4351,1,2020-05-30 15:59:00,145.4,29.08
4352,0,2020-05-30 15:59:00,44.3,8.86
4353,5,2020-05-30 16:28:00,17.7,3.54
4354,0,2020-05-30 16:45:00,23.3,4.66
4355,13,2020-05-30 16:58:00,4.5,0.9
4356,13,2020-05-30 17:23:00,10.0,2.0
4357,1,2020-05-30 17:23:00,371.2,74.24
4358,6,2020-05-30 17:33:00,198.1,39.62
4359,14,2020-05-30 17:57:00,55.1,11.02
4360,8,2020-05-30 18:24:00,24.2,4.84
4361,4,2020-05-30 18:50:00,19.4,3.88
4362,68,2020-05-30 19:06:00,19.6,3.92
4363,8,2020-05-30 19:32:00,17.3,3.46
4364,68,2020-05-30 19:38:00,62.5,12.5
4365,0,2020-05-30 19:38:00,45.5,9.1
4366,9,2020-05-30 19:54:00,25.2,5.04
4367,68,2020-05-30 20:04:00,125.0,25.0
4368,12,2020-05-30 20:08:00,109.6,21.92
4369,6,2020-05-30 20:28:00,25.1,5.02
4370,2,2020-05-30 20:32:00,11.7,2.34
4371,4,2020-05-30 20:32:00,8.5,1.7
4372,68,2020-05-30 20:39:00,155.2,31.04
4373,2,2020-05-30 21:01:00,54.6,10.92
4374,1,2020-05-30 21:16:00,135.1,27.02
4375,3,2020-05-30 21:23:00,8.5,1.7
4376,1,2020-05-30 21:31:00,156.2,31.24
4377,7,2020-05-30 21:45:00,20.4,4.08
4378,0,2020-05-30 21:48:00,105.7,21.14
4379,7,2020-05-30 22:06:00,2.1,0.42
4380,2,2020-05-30 22:13:00,11.6,2.32
4381,12,2020-05-30 22:18:00,155.2,31.04
4382,7,2020-05-30 22:31:00,28.6,5.72
4383,7,2020-05-30 22:58:00,62.0,12.4
4384,4,2020-05-31 11:02:00,15.4,3.08
4385,67,2020-05-31 11:03:00,8.5,1.7
4386,68,2020-05-31 11:58:00,28.5,5.7
4387,2,2020-05-31 12:01:00,13.1,2.62
4388,5,2020-05-31 12:51:00,36.4,7.28
4389,3,2020-05-31 13:48:00,154.7,30.94
4390,10,2020-05-31 14:46:00,20.2,4.04
4391,12,2020-05-31 15:40:00,75.8,15.16
4392,1,2020-05-31 15:49:00,25.9,5.18
4393,3,2020-05-31 16:29:00,2.1,0.42
4394,2,2020-05-31 17:12:00,59.9,11.98
4395,0,2020-05-31 17:43:00,31.8,6.36
4396,10,2020-05-31 17:43:00,65.7,13.14
4397,7,2020-05-31 17:48:00,48.5,9.7
4398,68,2020-05-31 18:46:00,56.9,11.38
4399,1,2020-05-31 19:26:00,26.5,5.3
4400,5,2020-05-31 19:57:00,63.8,12.76
4401,9,2020-05-31 20:03:00,10.6,2.12
4402,0,2020-05-31 20:11:00,11.7,2.34
4403,9,2020-05-31 21:07:00,65.7,13.14
4404,4,2020-05-31 21:08:00,11.7,2.34
4405,0,2020-05-31 22:02:00,52.5,10.5
4406,67,2020-05-31 22:23:00,114.5,22.9
4407,14,2020-06-01 10:59:00,45.5,9.1
4408,7,2020-06-01 11:08:00,16.3,3.26
4409,1,2020-06-01 11:40:00,177.9,35.58
4410,2,2020-06-01 11:40:00,13.7,2.74
4411,9,2020-06-01 12:03:00,25.9,5.18
4412,2,2020-06-01 12:33:00,130.9,26.18
4413,4,2020-06-01 13:20:00,25.4,5.08
4414,2,2020-06-01 13:31:00,38.6,7.72
4415,5,2020-06-01 13:58:00,11.6,2.32
4416,5,2020-06-01 14:22:00,85.9,17.18
4417,3,2020-06-01 15:11:00,50.5,10.1
4418,4,2020-06-01 15:36:00,33.9,6.78
4419,68,2020-06-01 15:54:00,10.1,2.02
4420,6,2020-06-01 15:55:00,20.2,4.04
4421,6,2020-06-01 16:44:00,17.5,3.5
4422,12,2020-06-01 16:47:00,21.0,4.2
4423,68,2020-06-01 17:21:00,54.6,10.92
4424,67,2020-06-01 17:49:00,19.2,3.84
4425,0,2020-06-01 17:52:00,27.4,5.48
4426,68,2020-06-01 18:14:00,80.4,16.08
4427,8,2020-06-01 18:26:00,27.9,5.58
4428,1,2020-06-01 19:05:00,27.5,5.5
4429,8,2020-06-01 19:32:00,64.1,12.82
4430,2,2020-06-01 20:10:00,11.7,2.34
4431,6,2020-06-01 20:24:00,10.9,2.18
4432,6,2020-06-01 21:02:00,31.7,6.34
4433,9,2020-06-01 21:32:00,20.2,4.04
4434,10,2020-06-01 21:34:00,2.4,0.48
4435,8,2020-06-01 22:34:00,18.4,3.68
4436,1,2020-06-02 10:43:00,195.1,39.02
4437,8,2020-06-02 11:43:00,2.4,0.48
4438,68,2020-06-02 11:56:00,61.4,12.28
4439,67,2020-06-02 12:20:00,18.6,3.72
4440,6,2020-06-02 12:20:00,10.9,2.18
4441,3,2020-06-02 12:57:00,98.8,19.76
4442,0,2020-06-02 12:57:00,33.5,6.7
4443,8,2020-06-02 13:15:00,56.4,11.28
4444,13,2020-06-02 14:06:00,33.3,6.66
4445,3,2020-06-02 14:59:00,123.9,24.78
4446,2,2020-06-02 15:11:00,4.7,0.94
4447,3,2020-06-02 16:08:00,165.1,33.02
4448,5,2020-06-02 16:14:00,58.0,11.6
4449,8,2020-06-02 16:28:00,38.6,7.72
4450,5,2020-06-02 16:45:00,105.9,21.18
4451,7,2020-06-02 17:28:00,11.4,2.28
4452,4,2020-06-02 17:38:00,45.5,9.1
4453,10,2020-06-02 18:32:00,15.4,3.08
4454,4,2020-06-02 18:34:00,32.3,6.46
4455,1,2020-06-02 19:11:00,11.7,2.34
4456,5,2020-06-02 20:10:00,2.4,0.48
4457,0,2020-06-02 20:49:00,10.6,2.12
4458,0,2020-06-02 21:44:00,32.2,6.44
4459,67,2020-06-02 22:22:00,171.2,34.24
4460,1,2020-06-03 10:59:00,4.8,0.96
4461,7,2020-06-03 11:48:00,105.9,21.18
4462,13,2020-06-03 12:45:00,14.1,2.82
4463,0,2020-06-03 12:51:00,235.9,47.18
4464,5,2020-06-03 13:31:00,27.3,5.46
4465,14,2020-06-03 14:08:00,13.3,2.66
4466,5,2020-06-03 14:56:00,2.4,0.48
4467,68,2020-06-03 15:41:00,2.4,0.48
4468,6,2020-06-03 15:52:00,282.5,56.5
4469,14,2020-06-03 16:28:00,13.7,2.74
4470,68,2020-06-03 17:21:00,120.7,24.14
4471,14,2020-06-03 17:35:00,33.3,6.66
4472,7,2020-06-03 18:31:00,38.2,7.64
4473,7,2020-06-03 18:35:00,56.5,11.3
4474,2,2020-06-03 18:50:00,10.7,2.14
4475,12,2020-06-03 19:30:00,98.5,19.7
4476,67,2020-06-03 19:30:00,180.0,36.0
4477,13,2020-06-03 20:19:00,67.2,13.44
4478,12,2020-06-03 20:22:00,13.8,2.76
4479,14,2020-06-03 21:05:00,54.0,10.8
4480,3,2020-06-03 22:03:00,52.2,10.44
4481,6,2020-06-03 22:17:00,68.8,13.76
4482,5,2020-06-03 22:21:00,200.9,40.18
4483,14,2020-06-04 10:50:00,28.8,5.76
4484,0,2020-06-04 11:11:00,69.8,13.96
4485,14,2020-06-04 11:50:00,61.2,12.24
4486,10,2020-06-04 12:40:00,214.4,42.88
4487,1,2020-06-04 13:05:00,13.8,2.76
4488,68,2020-06-04 13:05:00,123.5,24.7
4489,4,2020-06-04 13:50:00,8.0,1.6
4490,4,2020-06-04 14:14:00,76.6,15.32
4491,13,2020-06-04 15:09:00,120.7,24.14
4492,67,2020-06-04 15:16:00,212.6,42.52
4493,12,2020-06-04 15:36:00,14.1,2.82
4494,6,2020-06-04 16:23:00,4.5,0.9
4495,9,2020-06-04 16:34:00,274.1,54.82
4496,9,2020-06-04 16:53:00,59.3,11.86
4497,14,2020-06-04 17:16:00,68.9,13.78
4498,14,2020-06-04 18:16:00,2.6,0.52
4499,6,2020-06-04 19:16:00,109.1,21.82
4500,68,2020-06-04 20:12:00,10.0,2.0
4501,4,2020-06-04 20:38:00,126.0,25.2
4502,12,2020-06-04 21:27:00,17.3,3.46
4503,12,2020-06-04 22:24:00,2.4,0.48
4504,2,2020-06-04 22:33:00,90.4,18.08
4505,0,2020-06-04 22:48:00,23.6,4.72
4506,13,2020-06-05 10:31:00,170.9,34.18
4507,5,2020-06-05 10:44:00,44.0,8.8
4508,10,2020-06-05 11:22:00,63.2,12.64
4509,13,2020-06-05 12:05:00,263.7,52.74
4510,14,2020-06-05 13:05:00,54.6,10.92
4511,5,2020-06-05 13:44:00,8.5,1.7
4512,14,2020-06-05 13:48:00,44.0,8.8
4513,7,2020-06-05 14:19:00,13.2,2.64
4514,8,2020-06-05 14:30:00,34.9,6.98
4515,6,2020-06-05 15:20:00,7.1,1.42
4516,68,2020-06-05 16:00:00,26.4,5.28
4517,67,2020-06-05 16:48:00,34.7,6.94
4518,1,2020-06-05 17:03:00,23.4,4.68
4519,7,2020-06-05 17:58:00,158.1,31.62
4520,12,2020-06-05 18:26:00,8.0,1.6
4521,1,2020-06-05 18:27:00,4.2,0.84
4522,2,2020-06-05 19:12:00,55.6,11.12
4523,68,2020-06-05 19:42:00,252.9,50.58
4524,0,2020-06-05 19:58:00,109.1,21.82
4525,4,2020-06-05 20:32:00,51.2,10.24
4526,3,2020-06-05 21:05:00,19.1,3.82
4527,3,2020-06-05 21:58:00,44.0,8.8
4528,12,2020-06-05 22:24:00,47.9,9.58
4529,2,2020-06-06 10:46:00,2.1,0.42
4530,10,2020-06-06 11:11:00,95.1,19.02
4531,9,2020-06-06 11:20:00,8.5,1.7
4532,4,2020-06-06 11:34:00,2.2,0.44
4533,14,2020-06-06 11:46:00,152.0,30.4
4534,12,2020-06-06 11:47:00,152.3,30.46
4535,9,2020-06-06 11:59:00,21.7,4.34
4536,68,2020-06-06 12:19:00,35.7,7.14
4537,5,2020-06-06 12:47:00,379.6,75.92
4538,2,2020-06-06 13:13:00,99.7,19.94
4539,1,2020-06-06 13:34:00,11.6,2.32
4540,10,2020-06-06 14:04:00,37.7,7.54
4541,14,2020-06-06 14:25:00,11.7,2.34
4542,0,2020-06-06 14:40:00,18.6,3.72
4543,3,2020-06-06 14:48:00,10.9,2.18
4544,7,2020-06-06 15:15:00,69.8,13.96
4545,5,2020-06-06 15:20:00,174.0,34.8
4546,9,2020-06-06 15:28:00,60.1,12.02
4547,8,2020-06-06 15:55:00,146.0,29.2
4548,67,2020-06-06 16:17:00,53.0,10.6
4549,4,2020-06-06 16:17:00,310.1,62.02
4550,68,2020-06-06 16:19:00,58.6,11.72
4551,13,2020-06-06 16:20:00,25.8,5.16
4552,68,2020-06-06 16:30:00,67.4,13.48
4553,10,2020-06-06 17:00:00,123.3,24.66
4554,68,2020-06-06 17:21:00,57.2,11.44
4555,5,2020-06-06 17:29:00,57.1,11.42
4556,9,2020-06-06 17:55:00,307.8,61.56
4557,5,2020-06-06 18:24:00,266.2,53.24
4558,68,2020-06-06 18:42:00,64.1,12.82
4559,67,2020-06-06 18:47:00,53.9,10.78
4560,12,2020-06-06 19:07:00,8.8,1.76
4561,8,2020-06-06 19:16:00,4.4,0.88
4562,13,2020-06-06 19:32:00,25.4,5.08
4563,12,2020-06-06 19:54:00,8.5,1.7
4564,1,2020-06-06 19:56:00,301.6,60.32
4565,68,2020-06-06 20:22:00,28.2,5.64
4566,9,2020-06-06 20:36:00,12.7,2.54
4567,14,2020-06-06 20:36:00,7.8,1.56
4568,12,2020-06-06 21:02:00,18.6,3.72
4569,13,2020-06-06 21:23:00,216.8,43.36
4570,5,2020-06-06 21:33:00,2.4,0.48
4571,3,2020-06-06 22:01:00,152.4,30.48
4572,13,2020-06-06 22:21:00,8.5,1.7
4573,12,2020-06-06 22:44:00,75.7,15.14
4574,67,2020-06-07 11:21:00,56.9,11.38
4575,4,2020-06-07 12:16:00,167.6,33.52
4576,8,2020-06-07 12:41:00,67.3,13.46
4577,12,2020-06-07 13:40:00,14.1,2.82
4578,7,2020-06-07 14:08:00,261.1,52.22
4579,5,2020-06-07 14:19:00,10.6,2.12
4580,3,2020-06-07 15:10:00,60.3,12.06
4581,67,2020-06-07 15:54:00,35.7,7.14
4582,8,2020-06-07 16:10:00,52.5,10.5
4583,2,2020-06-07 16:21:00,5.0,1.0
4584,6,2020-06-07 17:05:00,10.1,2.02
4585,7,2020-06-07 17:11:00,141.3,28.26
4586,4,2020-06-07 17:50:00,18.6,3.72
4587,6,2020-06-07 17:59:00,4.5,0.9
4588,3,2020-06-07 18:24:00,4.5,0.9
4589,12,2020-06-07 18:51:00,126.2,25.24
4590,14,2020-06-07 19:03:00,23.3,4.66
4591,14,2020-06-07 19:16:00,63.0,12.6
4592,6,2020-06-07 19:56:00,71.5,14.3
4593,3,2020-06-07 19:58:00,20.8,4.16
4594,2,2020-06-07 20:39:00,73.7,14.74
4595,67,2020-06-07 21:27:00,34.6,6.92
4596,4,2020-06-07 21:37:00,58.6,11.72
4597,10,2020-06-07 22:15:00,95.6,19.12
4598,1,2020-06-07 22:17:00,55.7,11.14
4599,67,2020-06-07 22:43:00,61.2,12.24
4600,10,2020-06-08 10:41:00,111.3,22.26
4601,9,2020-06-08 11:27:00,18.0,3.6
4602,68,2020-06-08 12:25:00,38.5,7.7
4603,1,2020-06-08 12:37:00,107.5,21.5
4604,3,2020-06-08 13:28:00,50.0,10.0
4605,0,2020-06-08 14:03:00,44.0,8.8
4606,13,2020-06-08 14:38:00,25.4,5.08
4607,4,2020-06-08 14:40:00,129.3,25.86
4608,3,2020-06-08 15:40:00,18.6,3.72
4609,67,2020-06-08 16:40:00,10.7,2.14
4610,0,2020-06-08 17:14:00,10.1,2.02
4611,67,2020-06-08 18:07:00,41.9,8.38
4612,7,2020-06-08 18:27:00,28.7,5.74
4613,2,2020-06-08 19:23:00,130.8,26.16
4614,1,2020-06-08 20:18:00,64.9,12.98
4615,4,2020-06-08 20:25:00,64.2,12.84
4616,3,2020-06-08 21:03:00,28.7,5.74
4617,5,2020-06-08 21:03:00,14.7,2.94
4618,5,2020-06-08 21:37:00,17.3,3.46
4619,1,2020-06-08 22:31:00,52.9,10.58
4620,13,2020-06-09 10:53:00,161.5,32.3
4621,8,2020-06-09 11:04:00,39.6,7.92
4622,13,2020-06-09 11:44:00,12.2,2.44
4623,14,2020-06-09 12:11:00,11.7,2.34
4624,1,2020-06-09 12:34:00,2.2,0.44
4625,68,2020-06-09 12:48:00,68.2,13.64
4626,0,2020-06-09 13:16:00,12.5,2.5
4627,1,2020-06-09 14:15:00,109.6,21.92
4628,6,2020-06-09 14:29:00,46.2,9.24
4629,10,2020-06-09 15:14:00,21.8,4.36
4630,0,2020-06-09 15:19:00,21.0,4.2
4631,5,2020-06-09 15:49:00,11.7,2.34
4632,14,2020-06-09 16:02:00,46.1,9.22
4633,14,2020-06-09 16:48:00,190.9,38.18
4634,7,2020-06-09 17:02:00,4.8,0.96
4635,0,2020-06-09 17:52:00,72.4,14.48
4636,4,2020-06-09 18:11:00,9.4,1.88
4637,6,2020-06-09 18:22:00,12.5,2.5
4638,0,2020-06-09 18:36:00,68.9,13.78
4639,8,2020-06-09 19:23:00,73.2,14.64
4640,4,2020-06-09 19:35:00,69.8,13.96
4641,68,2020-06-09 20:16:00,129.6,25.92
4642,67,2020-06-09 20:53:00,129.2,25.84
4643,7,2020-06-09 20:53:00,167.9,33.58
4644,5,2020-06-09 21:03:00,2.6,0.52
4645,14,2020-06-09 21:25:00,10.9,2.18
4646,7,2020-06-09 21:55:00,17.0,3.4
4647,6,2020-06-09 22:36:00,5.4,1.08
4648,2,2020-06-10 10:53:00,70.1,14.02
4649,12,2020-06-10 11:53:00,4.5,0.9
4650,5,2020-06-10 12:29:00,26.5,5.3
4651,0,2020-06-10 13:29:00,10.6,2.12
4652,68,2020-06-10 14:26:00,4.7,0.94
4653,0,2020-06-10 15:12:00,4.6,0.92
4654,6,2020-06-10 15:45:00,4.6,0.92
4655,8,2020-06-10 16:35:00,13.2,2.64
4656,68,2020-06-10 16:42:00,28.8,5.76
4657,12,2020-06-10 17:04:00,23.3,4.66
4658,8,2020-06-10 17:08:00,23.2,4.64
4659,14,2020-06-10 17:48:00,12.2,2.44
4660,12,2020-06-10 18:30:00,144.5,28.9
4661,8,2020-06-10 19:29:00,104.4,20.88
4662,14,2020-06-10 19:52:00,8.5,1.7
4663,67,2020-06-10 20:31:00,44.0,8.8
4664,7,2020-06-10 21:11:00,11.1,2.22
4665,0,2020-06-10 21:26:00,254.2,50.84
4666,14,2020-06-10 21:29:00,112.9,22.58
4667,1,2020-06-10 21:40:00,212.7,42.54
4668,68,2020-06-10 22:20:00,136.7,27.34
4669,68,2020-06-11 10:50:00,63.3,12.66
4670,14,2020-06-11 11:02:00,7.0,1.4
4671,14,2020-06-11 11:43:00,12.5,2.5
4672,1,2020-06-11 11:44:00,113.3,22.66
4673,12,2020-06-11 12:33:00,2.4,0.48
4674,67,2020-06-11 12:50:00,59.3,11.86
4675,1,2020-06-11 13:09:00,246.9,49.38
4676,2,2020-06-11 14:02:00,2.4,0.48
4677,5,2020-06-11 14:11:00,302.7,60.54
4678,3,2020-06-11 14:38:00,5.0,1.0
4679,9,2020-06-11 15:34:00,116.2,23.24
4680,4,2020-06-11 16:19:00,4.5,0.9
4681,9,2020-06-11 17:07:00,233.5,46.7
4682,4,2020-06-11 17:07:00,2.1,0.42
4683,14,2020-06-11 18:04:00,12.7,2.54
4684,0,2020-06-11 18:44:00,24.6,4.92
4685,14,2020-06-11 19:06:00,16.8,3.36
4686,0,2020-06-11 19:15:00,18.2,3.64
4687,10,2020-06-11 19:55:00,68.9,13.78
4688,68,2020-06-11 20:50:00,11.6,2.32
4689,10,2020-06-11 21:17:00,58.0,11.6
4690,4,2020-06-11 22:08:00,56.9,11.38
4691,10,2020-06-11 22:09:00,18.1,3.62
4692,5,2020-06-11 22:53:00,15.7,3.14
4693,12,2020-06-12 10:49:00,13.2,2.64
4694,9,2020-06-12 11:04:00,34.8,6.96
4695,8,2020-06-12 12:01:00,24.0,4.8
4696,14,2020-06-12 12:19:00,23.9,4.78
4697,4,2020-06-12 12:27:00,20.2,4.04
4698,7,2020-06-12 12:54:00,7.1,1.42
4699,9,2020-06-12 13:07:00,18.7,3.74
4700,8,2020-06-12 13:29:00,110.6,22.12
4701,6,2020-06-12 14:03:00,2.1,0.42
4702,4,2020-06-12 14:19:00,12.5,2.5
4703,0,2020-06-12 14:58:00,31.8,6.36
4704,8,2020-06-12 15:34:00,115.8,23.16
4705,3,2020-06-12 16:08:00,254.3,50.86
4706,8,2020-06-12 16:41:00,44.3,8.86
4707,0,2020-06-12 17:31:00,2.2,0.44
4708,4,2020-06-12 18:14:00,13.5,2.7
4709,13,2020-06-12 18:21:00,4.6,0.92
4710,14,2020-06-12 18:38:00,30.5,6.1
4711,8,2020-06-12 19:09:00,22.9,4.58
4712,5,2020-06-12 19:45:00,153.2,30.64
4713,68,2020-06-12 19:56:00,13.9,2.78
4714,5,2020-06-12 20:37:00,18.3,3.66
4715,3,2020-06-12 21:22:00,25.6,5.12
4716,13,2020-06-12 21:34:00,169.6,33.92
4717,68,2020-06-12 22:33:00,75.9,15.18
4718,67,2020-06-12 22:49:00,118.5,23.7
4719,5,2020-06-13 10:41:00,124.6,24.92
4720,13,2020-06-13 10:58:00,2.4,0.48
4721,4,2020-06-13 11:04:00,17.2,3.44
4722,68,2020-06-13 11:27:00,79.4,15.88
4723,2,2020-06-13 11:30:00,130.8,26.16
4724,9,2020-06-13 11:47:00,207.1,41.42
4725,3,2020-06-13 11:59:00,119.2,23.84
4726,14,2020-06-13 12:29:00,4.5,0.9
4727,68,2020-06-13 12:42:00,22.9,4.58
4728,9,2020-06-13 13:02:00,158.6,31.72
4729,7,2020-06-13 13:09:00,128.2,25.64
4730,10,2020-06-13 13:17:00,40.5,8.1
4731,0,2020-06-13 13:18:00,21.1,4.22
4732,4,2020-06-13 13:23:00,15.1,3.02
4733,1,2020-06-13 13:25:00,114.6,22.92
4734,14,2020-06-13 13:37:00,28.7,5.74
4735,67,2020-06-13 13:52:00,19.7,3.94
4736,1,2020-06-13 13:56:00,16.5,3.3
4737,14,2020-06-13 14:02:00,385.0,77.0
4738,6,2020-06-13 14:12:00,57.0,11.4
4739,12,2020-06-13 14:12:00,13.6,2.72
4740,7,2020-06-13 14:42:00,50.9,10.18
4741,10,2020-06-13 15:11:00,161.5,32.3
4742,13,2020-06-13 15:29:00,53.0,10.6
4743,9,2020-06-13 15:42:00,20.1,4.02
4744,68,2020-06-13 16:03:00,113.7,22.74
4745,0,2020-06-13 16:22:00,8.7,1.74
4746,4,2020-06-13 16:52:00,24.8,4.96
4747,2,2020-06-13 17:01:00,8.7,1.74
4748,67,2020-06-13 17:14:00,12.2,2.44
4749,0,2020-06-13 17:30:00,202.5,40.5
4750,3,2020-06-13 17:57:00,2.1,0.42
4751,6,2020-06-13 18:25:00,10.1,2.02
4752,3,2020-06-13 18:25:00,58.6,11.72
4753,6,2020-06-13 18:46:00,20.9,4.18
4754,2,2020-06-13 19:00:00,16.0,3.2
4755,8,2020-06-13 19:01:00,73.8,14.76
4756,6,2020-06-13 19:24:00,50.4,10.08
4757,0,2020-06-13 19:36:00,2.6,0.52
4758,1,2020-06-13 19:56:00,113.0,22.6
4759,8,2020-06-13 20:24:00,25.7,5.14
4760,8,2020-06-13 20:40:00,10.7,2.14
4761,7,2020-06-13 20:44:00,12.2,2.44
4762,5,2020-06-13 20:53:00,70.5,14.1
4763,10,2020-06-13 21:01:00,29.4,5.88
4764,67,2020-06-13 21:16:00,16.3,3.26
4765,5,2020-06-13 21:28:00,161.7,32.34
4766,1,2020-06-13 21:54:00,2.1,0.42
4767,9,2020-06-13 22:23:00,18.6,3.72
4768,8,2020-06-13 22:28:00,163.1,32.62
4769,10,2020-06-13 22:34:00,10.1,2.02
4770,14,2020-06-13 22:36:00,11.6,2.32
4771,10,2020-06-13 22:58:00,19.1,3.82
4772,9,2020-06-14 11:06:00,187.9,37.58
4773,68,2020-06-14 11:29:00,64.3,12.86
4774,3,2020-06-14 11:53:00,32.7,6.54
4775,67,2020-06-14 12:24:00,11.7,2.34
4776,12,2020-06-14 13:17:00,17.4,3.48
4777,4,2020-06-14 14:01:00,191.5,38.3
4778,0,2020-06-14 14:52:00,64.7,12.94
4779,9,2020-06-14 15:09:00,72.0,14.4
4780,9,2020-06-14 15:22:00,13.7,2.74
4781,1,2020-06-14 15:38:00,51.0,10.2
4782,67,2020-06-14 16:24:00,48.8,9.76
4783,68,2020-06-14 16:40:00,229.3,45.86
4784,68,2020-06-14 17:11:00,21.0,4.2
4785,9,2020-06-14 17:50:00,67.0,13.4
4786,67,2020-06-14 18:07:00,172.6,34.52
4787,7,2020-06-14 19:04:00,51.0,10.2
4788,9,2020-06-14 20:02:00,247.2,49.44
4789,7,2020-06-14 20:23:00,8.7,1.74
4790,4,2020-06-14 20:34:00,4.5,0.9
4791,8,2020-06-14 21:30:00,23.9,4.78
4792,14,2020-06-14 22:07:00,21.0,4.2
4793,9,2020-06-14 22:38:00,4.8,0.96
4794,12,2020-06-15 10:55:00,16.5,3.3
4795,14,2020-06-15 11:55:00,153.4,30.68
4796,4,2020-06-15 12:48:00,8.5,1.7
4797,5,2020-06-15 13:27:00,135.9,27.18
4798,7,2020-06-15 14:23:00,20.2,4.04
4799,6,2020-06-15 15:11:00,164.3,32.86
4800,0,2020-06-15 15:50:00,142.1,28.42
4801,4,2020-06-15 16:11:00,14.6,2.92
4802,12,2020-06-15 16:27:00,167.2,33.44
4803,2,2020-06-15 16:29:00,2.4,0.48
4804,1,2020-06-15 16:59:00,33.3,6.66
4805,12,2020-06-15 17:40:00,55.6,11.12
4806,12,2020-06-15 18:12:00,2.4,0.48
4807,7,2020-06-15 18:39:00,69.1,13.82
4808,10,2020-06-15 19:38:00,200.2,40.04
4809,7,2020-06-15 19:42:00,29.6,5.92
4810,9,2020-06-15 20:10:00,27.3,5.46
4811,13,2020-06-15 20:43:00,34.1,6.82
4812,12,2020-06-15 21:02:00,2.4,0.48
4813,0,2020-06-15 21:20:00,115.2,23.04
4814,2,2020-06-15 22:07:00,63.4,12.68
4815,6,2020-06-15 22:12:00,52.0,10.4
4816,1,2020-06-16 10:57:00,15.6,3.12
4817,8,2020-06-16 11:37:00,158.6,31.72
4818,1,2020-06-16 11:53:00,48.5,9.7
4819,9,2020-06-16 12:14:00,21.8,4.36
4820,12,2020-06-16 12:46:00,4.4,0.88
4821,7,2020-06-16 13:15:00,2.2,0.44
4822,13,2020-06-16 14:13:00,68.1,13.62
4823,9,2020-06-16 14:33:00,2.6,0.52
4824,7,2020-06-16 15:08:00,99.7,19.94
4825,8,2020-06-16 15:26:00,20.8,4.16
4826,67,2020-06-16 16:19:00,69.7,13.94
4827,1,2020-06-16 16:35:00,13.2,2.64
4828,68,2020-06-16 17:24:00,25.0,5.0
4829,8,2020-06-16 18:02:00,110.6,22.12
4830,0,2020-06-16 19:01:00,5.4,1.08
4831,13,2020-06-16 19:56:00,44.0,8.8
4832,12,2020-06-16 20:06:00,11.7,2.34
4833,9,2020-06-16 20:46:00,119.7,23.94
4834,6,2020-06-16 21:33:00,4.4,0.88
4835,2,2020-06-16 22:21:00,10.1,2.02
4836,1,2020-06-17 10:43:00,37.6,7.52
4837,13,2020-06-17 11:24:00,26.3,5.26
4838,2,2020-06-17 12:14:00,10.7,2.14
4839,6,2020-06-17 12:27:00,244.9,48.98
4840,12,2020-06-17 12:31:00,10.9,2.18
4841,1,2020-06-17 12:40:00,13.1,2.62
4842,12,2020-06-17 13:33:00,70.7,14.14
4843,8,2020-06-17 14:26:00,118.5,23.7
4844,67,2020-06-17 14:46:00,20.8,4.16
4845,67,2020-06-17 14:55:00,17.8,3.56
4846,2,2020-06-17 15:08:00,44.0,8.8
4847,1,2020-06-17 15:48:00,201.7,40.34
4848,13,2020-06-17 16:02:00,2.1,0.42
4849,6,2020-06-17 16:36:00,7.8,1.56
4850,12,2020-06-17 17:09:00,4.5,0.9
4851,4,2020-06-17 17:13:00,73.3,14.66
4852,14,2020-06-17 17:25:00,156.2,31.24
4853,9,2020-06-17 18:12:00,13.2,2.64
4854,3,2020-06-17 18:32:00,21.8,4.36
4855,13,2020-06-17 19:02:00,15.3,3.06
4856,10,2020-06-17 19:58:00,158.6,31.72
4857,13,2020-06-17 20:29:00,110.7,22.14
4858,7,2020-06-17 20:55:00,140.3,28.06
4859,13,2020-06-17 21:39:00,11.4,2.28
4860,8,2020-06-17 21:55:00,2.4,0.48
4861,5,2020-06-17 22:38:00,2.2,0.44
4862,67,2020-06-18 10:56:00,108.2,21.64
4863,12,2020-06-18 11:24:00,2.6,0.52
4864,7,2020-06-18 11:49:00,54.1,10.82
4865,68,2020-06-18 12:36:00,4.5,0.9
4866,8,2020-06-18 12:46:00,71.8,14.36
4867,3,2020-06-18 13:25:00,95.8,19.16
4868,6,2020-06-18 13:42:00,13.3,2.66
4869,12,2020-06-18 14:23:00,11.6,2.32
4870,67,2020-06-18 14:27:00,127.9,25.58
4871,2,2020-06-18 15:14:00,109.1,21.82
4872,7,2020-06-18 16:01:00,21.4,4.28
4873,7,2020-06-18 16:03:00,15.8,3.16
4874,5,2020-06-18 16:21:00,39.6,7.92
4875,67,2020-06-18 17:14:00,24.1,4.82
4876,3,2020-06-18 18:02:00,19.4,3.88
4877,6,2020-06-18 18:47:00,8.5,1.7
4878,5,2020-06-18 19:11:00,156.8,31.36
4879,4,2020-06-18 19:58:00,5.4,1.08
4880,3,2020-06-18 20:55:00,294.7,58.94
4881,12,2020-06-18 21:41:00,76.4,15.28
4882,7,2020-06-18 21:44:00,276.3,55.26
4883,8,2020-06-18 21:57:00,13.8,2.76
4884,3,2020-06-18 22:09:00,17.0,3.4
4885,6,2020-06-18 22:52:00,51.8,10.36
4886,12,2020-06-19 10:09:00,8.7,1.74
4887,1,2020-06-19 10:20:00,45.5,9.1
4888,8,2020-06-19 11:17:00,24.9,4.98
4889,0,2020-06-19 11:25:00,14.9,2.98
4890,2,2020-06-19 12:12:00,35.8,7.16
4891,14,2020-06-19 12:59:00,98.2,19.64
4892,4,2020-06-19 13:06:00,46.4,9.28
4893,6,2020-06-19 13:11:00,20.1,4.02
4894,0,2020-06-19 13:21:00,10.9,2.18
4895,67,2020-06-19 14:00:00,20.2,4.04
4896,4,2020-06-19 14:51:00,7.5,1.5
4897,68,2020-06-19 15:41:00,134.7,26.94
4898,68,2020-06-19 15:46:00,63.5,12.7
4899,8,2020-06-19 16:23:00,21.0,4.2
4900,7,2020-06-19 16:55:00,69.3,13.86
4901,7,2020-06-19 17:53:00,14.7,2.94
4902,8,2020-06-19 18:06:00,131.1,26.22
4903,9,2020-06-19 18:58:00,19.3,3.86
4904,1,2020-06-19 19:03:00,11.6,2.32
4905,1,2020-06-19 20:03:00,8.7,1.74
4906,12,2020-06-19 20:34:00,44.2,8.84
4907,13,2020-06-19 20:38:00,32.1,6.42
4908,12,2020-06-19 21:16:00,29.9,5.98
4909,67,2020-06-19 22:11:00,55.7,11.14
4910,13,2020-06-19 22:22:00,57.2,11.44
4911,1,2020-06-20 10:45:00,151.2,30.24
4912,5,2020-06-20 11:13:00,91.9,18.38
4913,9,2020-06-20 11:30:00,20.9,4.18
4914,10,2020-06-20 11:31:00,24.6,4.92
4915,9,2020-06-20 11:44:00,109.9,21.98
4916,9,2020-06-20 11:54:00,21.3,4.26
4917,67,2020-06-20 12:11:00,24.8,4.96
4918,1,2020-06-20 12:31:00,14.7,2.94
4919,0,2020-06-20 12:45:00,23.2,4.64
4920,6,2020-06-20 13:15:00,134.4,26.88
4921,9,2020-06-20 13:34:00,23.3,4.66
4922,68,2020-06-20 13:36:00,18.0,3.6
4923,9,2020-06-20 14:00:00,30.8,6.16
4924,4,2020-06-20 14:10:00,13.1,2.62
4925,0,2020-06-20 14:29:00,228.1,45.62
4926,4,2020-06-20 14:44:00,159.2,31.84
4927,5,2020-06-20 15:04:00,11.5,2.3
4928,68,2020-06-20 15:08:00,20.7,4.14
4929,13,2020-06-20 15:18:00,110.7,22.14
4930,14,2020-06-20 15:19:00,41.2,8.24
4931,2,2020-06-20 15:37:00,73.5,14.7
4932,3,2020-06-20 15:56:00,13.2,2.64
4933,10,2020-06-20 16:18:00,38.7,7.74
4934,9,2020-06-20 16:25:00,234.1,46.82
4935,2,2020-06-20 16:39:00,146.7,29.34
4936,1,2020-06-20 16:58:00,15.4,3.08
4937,14,2020-06-20 17:10:00,157.7,31.54
4938,67,2020-06-20 17:16:00,60.3,12.06
4939,9,2020-06-20 17:38:00,4.8,0.96
4940,2,2020-06-20 17:38:00,221.1,44.22
4941,7,2020-06-20 18:08:00,48.6,9.72
4942,1,2020-06-20 18:12:00,11.4,2.28
4943,14,2020-06-20 18:28:00,27.0,5.4
4944,10,2020-06-20 18:57:00,62.0,12.4
4945,10,2020-06-20 19:05:00,44.0,8.8
4946,12,2020-06-20 19:11:00,73.4,14.68
4947,12,2020-06-20 19:26:00,133.7,26.74
4948,67,2020-06-20 19:27:00,24.3,4.86
4949,1,2020-06-20 19:41:00,68.7,13.74
4950,14,2020-06-20 20:03:00,16.3,3.26
4951,6,2020-06-20 20:33:00,2.4,0.48
4952,0,2020-06-20 20:51:00,26.3,5.26
4953,3,2020-06-20 20:54:00,16.9,3.38
4954,68,2020-06-20 21:08:00,77.2,15.44
4955,0,2020-06-20 21:19:00,57.5,11.5
4956,0,2020-06-20 21:49:00,14.3,2.86
4957,7,2020-06-20 22:17:00,18.9,3.78
4958,12,2020-06-20 22:35:00,79.5,15.9
4959,5,2020-06-20 22:57:00,104.3,20.86
4960,5,2020-06-21 11:15:00,26.6,5.32
4961,12,2020-06-21 12:05:00,62.9,12.58
4962,68,2020-06-21 12:12:00,53.1,10.62
4963,2,2020-06-21 12:48:00,10.1,2.02
4964,4,2020-06-21 12:57:00,192.0,38.4
4965,14,2020-06-21 13:20:00,38.0,7.6
4966,67,2020-06-21 13:24:00,67.4,13.48
4967,7,2020-06-21 13:42:00,34.8,6.96
4968,14,2020-06-21 14:39:00,16.5,3.3
4969,13,2020-06-21 14:44:00,107.5,21.5
4970,0,2020-06-21 14:47:00,119.2,23.84
4971,8,2020-06-21 15:09:00,8.5,1.7
4972,3,2020-06-21 15:59:00,8.5,1.7
4973,8,2020-06-21 16:26:00,66.4,13.28
4974,7,2020-06-21 17:22:00,71.7,14.34
4975,4,2020-06-21 17:49:00,30.2,6.04
4976,1,2020-06-21 18:30:00,310.5,62.1
4977,8,2020-06-21 19:18:00,49.4,9.88
4978,5,2020-06-21 19:46:00,61.8,12.36
4979,0,2020-06-21 19:52:00,215.7,43.14
4980,13,2020-06-21 20:05:00,2.1,0.42
4981,8,2020-06-21 20:45:00,15.4,3.08
4982,10,2020-06-21 21:07:00,122.0,24.4
4983,1,2020-06-21 21:08:00,11.4,2.28
4984,67,2020-06-21 21:39:00,23.1,4.62
4985,7,2020-06-21 22:03:00,63.0,12.6
4986,8,2020-06-21 22:09:00,57.9,11.58
4987,0,2020-06-21 22:27:00,10.8,2.16
4988,8,2020-06-22 10:55:00,24.1,4.82
4989,5,2020-06-22 11:17:00,165.9,33.18
4990,0,2020-06-22 12:16:00,13.2,2.64
4991,13,2020-06-22 12:40:00,8.5,1.7
4992,4,2020-06-22 13:38:00,4.8,0.96
4993,6,2020-06-22 14:24:00,51.1,10.22
4994,1,2020-06-22 15:03:00,11.1,2.22
4995,5,2020-06-22 15:24:00,6.4,1.28
4996,7,2020-06-22 15:50:00,62.2,12.44
4997,12,2020-06-22 16:04:00,144.5,28.9
4998,3,2020-06-22 17:04:00,8.0,1.6
4999,5,2020-06-22 17:26:00,44.0,8.8
5000,6,2020-06-22 18:06:00,35.1,7.02
5001,14,2020-06-22 18:08:00,130.5,26.1
5002,1,2020-06-22 18:37:00,32.4,6.48
5003,1,2020-06-22 19:19:00,19.4,3.88
5004,2,2020-06-22 20:07:00,19.2,3.84
5005,2,2020-06-22 20:43:00,224.2,44.84
5006,6,2020-06-22 21:40:00,68.3,13.66
5007,5,2020-06-22 21:52:00,19.9,3.98
5008,1,2020-06-22 22:33:00,12.5,2.5
5009,68,2020-06-23 10:29:00,17.9,3.58
5010,5,2020-06-23 11:02:00,124.2,24.84
5011,8,2020-06-23 11:55:00,212.1,42.42
5012,8,2020-06-23 11:59:00,25.2,5.04
5013,12,2020-06-23 12:34:00,15.9,3.18
5014,67,2020-06-23 13:09:00,2.4,0.48
5015,4,2020-06-23 13:24:00,23.3,4.66
5016,1,2020-06-23 14:14:00,59.5,11.9
5017,10,2020-06-23 14:51:00,180.2,36.04
5018,0,2020-06-23 15:34:00,7.7,1.54
5019,6,2020-06-23 16:17:00,10.1,2.02
5020,13,2020-06-23 16:42:00,16.2,3.24
5021,0,2020-06-23 17:24:00,126.9,25.38
5022,2,2020-06-23 18:15:00,4.5,0.9
5023,7,2020-06-23 19:13:00,25.8,5.16
5024,12,2020-06-23 19:51:00,15.4,3.08
5025,68,2020-06-23 20:34:00,269.1,53.82
5026,6,2020-06-23 20:46:00,17.8,3.56
5027,5,2020-06-23 21:31:00,26.3,5.26
5028,68,2020-06-23 21:41:00,20.1,4.02
5029,10,2020-06-23 22:03:00,114.7,22.94
5030,0,2020-06-23 22:53:00,13.9,2.78
5031,1,2020-06-24 10:29:00,2.2,0.44
5032,12,2020-06-24 10:38:00,15.6,3.12
5033,0,2020-06-24 11:31:00,92.5,18.5
5034,13,2020-06-24 12:31:00,24.7,4.94
5035,5,2020-06-24 12:48:00,237.8,47.56
5036,10,2020-06-24 13:33:00,56.3,11.26
5037,10,2020-06-24 13:56:00,20.1,4.02
5038,12,2020-06-24 14:47:00,7.0,1.4
5039,10,2020-06-24 15:17:00,2.4,0.48
5040,7,2020-06-24 15:47:00,156.7,31.34
5041,2,2020-06-24 16:47:00,29.6,5.92
5042,9,2020-06-24 17:08:00,68.7,13.74
5043,3,2020-06-24 17:54:00,21.7,4.34
5044,8,2020-06-24 18:15:00,2.1,0.42
5045,9,2020-06-24 19:13:00,127.0,25.4
5046,9,2020-06-24 20:08:00,70.3,14.06
5047,2,2020-06-24 20:14:00,44.0,8.8
5048,10,2020-06-24 20:31:00,12.4,2.48
5049,8,2020-06-24 21:31:00,17.0,3.4
5050,9,2020-06-24 21:37:00,55.4,11.08
5051,68,2020-06-24 22:11:00,10.1,2.02
5052,67,2020-06-25 10:59:00,28.0,5.6
5053,2,2020-06-25 11:41:00,44.0,8.8
5054,68,2020-06-25 12:18:00,33.3,6.66
5055,7,2020-06-25 13:14:00,2.1,0.42
5056,68,2020-06-25 14:13:00,5.4,1.08
5057,14,2020-06-25 14:25:00,11.1,2.22
5058,7,2020-06-25 14:38:00,52.7,10.54
5059,0,2020-06-25 14:39:00,168.2,33.64
5060,4,2020-06-25 15:09:00,71.1,14.22
5061,5,2020-06-25 15:26:00,72.4,14.48
5062,3,2020-06-25 16:01:00,159.4,31.88
5063,3,2020-06-25 16:08:00,157.2,31.44
5064,9,2020-06-25 16:09:00,8.5,1.7
5065,67,2020-06-25 16:48:00,17.0,3.4
5066,2,2020-06-25 17:36:00,5.4,1.08
5067,68,2020-06-25 18:08:00,25.1,5.02
5068,7,2020-06-25 18:46:00,20.2,4.04
5069,8,2020-06-25 18:49:00,23.9,4.78
5070,3,2020-06-25 19:47:00,14.6,2.92
5071,7,2020-06-25 19:53:00,33.4,6.68
5072,10,2020-06-25 20:42:00,105.9,21.18
5073,1,2020-06-25 21:05:00,8.5,1.7
5074,14,2020-06-25 21:59:00,136.0,27.2
5075,3,2020-06-25 22:15:00,27.9,5.58
5076,13,2020-06-25 22:42:00,149.6,29.92
5077,0,2020-06-26 10:44:00,134.3,26.86
5078,3,2020-06-26 11:04:00,23.4,4.68
5079,5,2020-06-26 11:28:00,27.4,5.48
5080,2,2020-06-26 12:06:00,12.2,2.44
5081,9,2020-06-26 12:32:00,161.3,32.26
5082,6,2020-06-26 13:02:00,11.6,2.32
5083,14,2020-06-26 13:32:00,14.7,2.94
5084,7,2020-06-26 14:31:00,155.5,31.1
5085,8,2020-06-26 14:48:00,25.2,5.04
5086,4,2020-06-26 15:42:00,7.0,1.4
5087,2,2020-06-26 15:46:00,161.6,32.32
5088,5,2020-06-26 16:46:00,2.4,0.48
5089,5,2020-06-26 17:04:00,67.3,13.46
5090,10,2020-06-26 17:39:00,9.3,1.86
5091,10,2020-06-26 17:50:00,2.1,0.42
5092,68,2020-06-26 18:04:00,4.5,0.9
5093,10,2020-06-26 18:43:00,40.4,8.08
5094,67,2020-06-26 18:44:00,7.8,1.56
5095,13,2020-06-26 19:01:00,2.6,0.52
5096,68,2020-06-26 19:45:00,28.4,5.68
5097,5,2020-06-26 20:25:00,56.3,11.26
5098,10,2020-06-26 21:18:00,161.7,32.34
5099,2,2020-06-26 21:52:00,160.5,32.1
5100,5,2020-06-26 21:55:00,54.0,10.8
5101,14,2020-06-26 22:52:00,112.2,22.44
5102,4,2020-06-27 10:55:00,29.6,5.92
5103,4,2020-06-27 11:23:00,24.9,4.98
5104,9,2020-06-27 11:45:00,283.8,56.76
5105,2,2020-06-27 11:53:00,2.4,0.48
5106,3,2020-06-27 12:15:00,56.7,11.34
5107,14,2020-06-27 12:39:00,57.3,11.46
5108,6,2020-06-27 13:05:00,27.0,5.4
5109,12,2020-06-27 13:35:00,2.1,0.42
5110,67,2020-06-27 13:39:00,4.3,0.86
5111,13,2020-06-27 13:44:00,2.4,0.48
5112,1,2020-06-27 13:59:00,204.9,40.98
5113,9,2020-06-27 14:29:00,11.4,2.28
5114,12,2020-06-27 14:33:00,16.0,3.2
5115,9,2020-06-27 15:02:00,38.5,7.7
5116,4,2020-06-27 15:27:00,12.2,2.44
5117,68,2020-06-27 15:55:00,2.1,0.42
5118,67,2020-06-27 16:14:00,174.3,34.86
5119,8,2020-06-27 16:22:00,96.4,19.28
5120,7,2020-06-27 16:38:00,65.5,13.1
5121,5,2020-06-27 16:41:00,132.5,26.5
5122,2,2020-06-27 16:56:00,22.8,4.56
5123,9,2020-06-27 17:06:00,13.8,2.76
5124,10,2020-06-27 17:14:00,38.9,7.78
5125,1,2020-06-27 17:36:00,12.5,2.5
5126,4,2020-06-27 17:42:00,2.4,0.48
5127,2,2020-06-27 17:42:00,2.4,0.48
5128,0,2020-06-27 17:57:00,50.3,10.06
5129,68,2020-06-27 18:05:00,90.1,18.02
5130,7,2020-06-27 18:10:00,7.5,1.5
5131,8,2020-06-27 18:18:00,57.2,11.44
5132,12,2020-06-27 18:28:00,59.3,11.86
5133,2,2020-06-27 18:51:00,25.3,5.06
5134,3,2020-06-27 18:59:00,8.7,1.74
5135,6,2020-06-27 19:28:00,26.5,5.3
5136,2,2020-06-27 19:55:00,33.2,6.64
5137,7,2020-06-27 20:16:00,5.6,1.12
5138,5,2020-06-27 20:38:00,23.1,4.62
5139,3,2020-06-27 20:51:00,257.3,51.46
5140,67,2020-06-27 20:58:00,243.7,48.74
5141,7,2020-06-27 21:02:00,14.2,2.84
5142,8,2020-06-27 21:05:00,27.5,5.5
5143,12,2020-06-27 21:19:00,129.9,25.98
5144,14,2020-06-27 21:42:00,60.5,12.1
5145,68,2020-06-27 21:46:00,2.2,0.44
5146,13,2020-06-27 21:50:00,304.6,60.92
5147,68,2020-06-27 21:54:00,30.9,6.18
5148,10,2020-06-27 22:15:00,11.7,2.34
5149,0,2020-06-27 22:26:00,8.5,1.7
5150,4,2020-06-27 22:37:00,33.1,6.62
5151,5,2020-06-27 22:37:00,56.8,11.36
5152,5,2020-06-27 22:59:00,23.3,4.66
5153,67,2020-06-28 11:27:00,2.4,0.48
5154,13,2020-06-28 11:51:00,193.9,38.78
5155,68,2020-06-28 12:03:00,51.0,10.2
5156,9,2020-06-28 12:16:00,14.9,2.98
5157,67,2020-06-28 13:04:00,4.5,0.9
5158,3,2020-06-28 13:49:00,8.5,1.7
5159,8,2020-06-28 14:02:00,28.6,5.72
5160,1,2020-06-28 14:12:00,12.7,2.54
5161,6,2020-06-28 15:00:00,5.4,1.08
5162,67,2020-06-28 15:14:00,10.1,2.02
5163,9,2020-06-28 15:44:00,162.0,32.4
5164,67,2020-06-28 16:20:00,109.1,21.82
5165,3,2020-06-28 17:01:00,51.2,10.24
5166,13,2020-06-28 17:30:00,57.9,11.58
5167,9,2020-06-28 18:06:00,44.0,8.8
5168,67,2020-06-28 18:20:00,10.0,2.0
5169,10,2020-06-28 19:06:00,8.7,1.74
5170,67,2020-06-28 19:12:00,46.2,9.24
5171,13,2020-06-28 20:05:00,29.8,5.96
5172,0,2020-06-28 20:58:00,8.5,1.7
5173,8,2020-06-28 21:35:00,2.4,0.48
5174,12,2020-06-28 22:33:00,38.8,7.76
5175,6,2020-06-29 10:48:00,35.0,7.0
5176,8,2020-06-29 11:29:00,12.7,2.54
5177,13,2020-06-29 11:33:00,135.9,27.18
5178,10,2020-06-29 12:30:00,25.6,5.12
5179,67,2020-06-29 13:13:00,23.0,4.6
5180,4,2020-06-29 13:25:00,2.4,0.48
5181,8,2020-06-29 13:36:00,5.0,1.0
5182,0,2020-06-29 13:46:00,5.0,1.0
5183,4,2020-06-29 14:36:00,94.6,18.92
5184,9,2020-06-29 14:51:00,61.9,12.38
5185,8,2020-06-29 15:12:00,23.1,4.62
5186,8,2020-06-29 15:54:00,49.1,9.82
5187,12,2020-06-29 16:21:00,25.5,5.1
5188,8,2020-06-29 16:35:00,123.2,24.64
5189,10,2020-06-29 16:41:00,2.4,0.48
5190,3,2020-06-29 17:41:00,17.8,3.56
5191,5,2020-06-29 18:17:00,93.1,18.62
5192,68,2020-06-29 19:14:00,54.6,10.92
5193,9,2020-06-29 19:46:00,2.4,0.48
5194,67,2020-06-29 20:21:00,10.0,2.0
5195,6,2020-06-29 20:39:00,35.0,7.0
5196,5,2020-06-29 21:20:00,9.3,1.86
5197,4,2020-06-29 21:57:00,208.0,41.6
5198,0,2020-06-29 22:44:00,168.9,33.78
5199,2,2020-06-30 10:27:00,109.9,21.98
5200,14,2020-06-30 10:30:00,9.5,1.9
5201,6,2020-06-30 10:31:00,215.7,43.14
5202,7,2020-06-30 11:21:00,65.6,13.12
5203,1,2020-06-30 11:23:00,48.5,9.7
5204,12,2020-06-30 11:59:00,20.8,4.16
5205,6,2020-06-30 12:38:00,22.7,4.54
5206,3,2020-06-30 13:15:00,7.1,1.42
5207,0,2020-06-30 13:24:00,38.0,7.6
5208,68,2020-06-30 13:45:00,8.0,1.6
5209,68,2020-06-30 14:08:00,151.4,30.28
5210,68,2020-06-30 14:46:00,143.0,28.6
5211,9,2020-06-30 14:58:00,36.1,7.22
5212,67,2020-06-30 15:40:00,17.4,3.48
5213,14,2020-06-30 16:03:00,48.5,9.7
5214,12,2020-06-30 16:03:00,22.3,4.46
5215,0,2020-06-30 16:59:00,144.5,28.9
5216,10,2020-06-30 17:10:00,63.5,12.7
5217,13,2020-06-30 18:05:00,2.4,0.48
5218,1,2020-06-30 18:21:00,166.2,33.24
5219,0,2020-06-30 19:08:00,2.1,0.42
5220,12,2020-06-30 19:34:00,2.2,0.44
5221,67,2020-06-30 20:01:00,2.1,0.42
5222,13,2020-06-30 20:55:00,29.6,5.92
5223,67,2020-06-30 21:03:00,174.1,34.82
5224,3,2020-06-30 21:50:00,164.0,32.8
5225,0,2020-06-30 22:37:00,59.1,11.82
5226,10,2020-06-30 22:38:00,33.6,6.72
5227,14,2020-07-01 10:23:00,17.7,3.54
5228,68,2020-07-01 10:50:00,126.9,25.38
5229,4,2020-07-01 11:47:00,20.1,4.02
5230,14,2020-07-01 12:44:00,2.4,0.48
5231,6,2020-07-01 13:19:00,4.6,0.92
5232,0,2020-07-01 13:25:00,11.4,2.28
5233,8,2020-07-01 14:05:00,156.2,31.24
5234,67,2020-07-01 15:03:00,159.4,31.88
5235,6,2020-07-01 15:52:00,140.0,28.0
5236,8,2020-07-01 16:51:00,125.0,25.0
5237,14,2020-07-01 17:38:00,34.4,6.88
5238,10,2020-07-01 17:40:00,13.1,2.62
5239,13,2020-07-01 17:52:00,21.5,4.3
5240,68,2020-07-01 18:49:00,2.4,0.48
5241,2,2020-07-01 19:27:00,26.5,5.3
5242,5,2020-07-01 19:32:00,8.5,1.7
5243,67,2020-07-01 19:32:00,2.4,0.48
5244,14,2020-07-01 20:20:00,161.4,32.28
5245,10,2020-07-01 20:22:00,145.4,29.08
5246,0,2020-07-01 21:15:00,2.1,0.42
5247,5,2020-07-01 21:43:00,41.2,8.24
5248,9,2020-07-01 22:29:00,113.1,22.62
5249,68,2020-07-01 22:37:00,13.3,2.66
5250,7,2020-07-02 10:43:00,117.3,23.46
5251,4,2020-07-02 11:11:00,2.4,0.48
5252,9,2020-07-02 12:05:00,140.0,28.0
5253,10,2020-07-02 12:20:00,4.8,0.96
5254,1,2020-07-02 13:15:00,2.4,0.48
5255,9,2020-07-02 13:16:00,127.4,25.48
5256,2,2020-07-02 13:27:00,242.0,48.4
5257,10,2020-07-02 14:01:00,127.7,25.54
5258,67,2020-07-02 14:43:00,4.6,0.92
5259,5,2020-07-02 15:11:00,44.0,8.8
5260,12,2020-07-02 15:58:00,64.1,12.82
5261,5,2020-07-02 16:49:00,29.2,5.84
5262,4,2020-07-02 17:31:00,164.2,32.84
5263,7,2020-07-02 18:18:00,35.1,7.02
5264,10,2020-07-02 18:27:00,254.6,50.92
5265,1,2020-07-02 18:41:00,13.0,2.6
5266,5,2020-07-02 19:01:00,10.6,2.12
5267,9,2020-07-02 19:57:00,105.0,21.0
5268,2,2020-07-02 20:22:00,7.0,1.4
5269,7,2020-07-02 20:50:00,111.3,22.26
5270,1,2020-07-02 21:28:00,33.4,6.68
5271,14,2020-07-02 22:25:00,154.7,30.94
5272,9,2020-07-03 10:42:00,112.0,22.4
5273,0,2020-07-03 11:33:00,46.4,9.28
5274,0,2020-07-03 11:44:00,114.6,22.92
5275,9,2020-07-03 12:40:00,17.7,3.54
5276,13,2020-07-03 12:53:00,20.4,4.08
5277,6,2020-07-03 12:58:00,16.2,3.24
5278,3,2020-07-03 13:57:00,120.7,24.14
5279,1,2020-07-03 14:47:00,157.3,31.46
5280,68,2020-07-03 15:13:00,242.7,48.54
5281,9,2020-07-03 15:52:00,4.8,0.96
5282,67,2020-07-03 16:12:00,144.1,28.82
5283,0,2020-07-03 16:27:00,130.9,26.18
5284,2,2020-07-03 17:18:00,4.5,0.9
5285,6,2020-07-03 17:48:00,58.0,11.6
5286,10,2020-07-03 18:26:00,125.3,25.06
5287,68,2020-07-03 18:33:00,121.6,24.32
5288,7,2020-07-03 19:24:00,57.8,11.56
5289,13,2020-07-03 19:32:00,10.0,2.0
5290,9,2020-07-03 20:05:00,13.2,2.64
5291,68,2020-07-03 21:03:00,12.3,2.46
5292,6,2020-07-03 21:36:00,130.7,26.14
5293,4,2020-07-03 22:15:00,218.7,43.74
5294,13,2020-07-03 22:38:00,14.4,2.88
5295,7,2020-07-03 22:49:00,55.4,11.08
5296,0,2020-07-04 10:17:00,26.3,5.26
5297,7,2020-07-04 10:36:00,221.3,44.26
5298,13,2020-07-04 10:41:00,69.7,13.94
5299,8,2020-07-04 11:09:00,21.0,4.2
5300,3,2020-07-04 11:31:00,232.8,46.56
5301,5,2020-07-04 11:44:00,166.0,33.2
5302,3,2020-07-04 12:08:00,5.0,1.0
5303,3,2020-07-04 12:19:00,11.6,2.32
5304,7,2020-07-04 12:25:00,71.7,14.34
5305,3,2020-07-04 12:51:00,13.2,2.64
5306,12,2020-07-04 12:51:00,39.8,7.96
5307,68,2020-07-04 13:12:00,107.0,21.4
5308,2,2020-07-04 13:28:00,61.9,12.38
5309,1,2020-07-04 13:42:00,58.9,11.78
5310,14,2020-07-04 14:10:00,26.3,5.26
5311,0,2020-07-04 14:32:00,10.0,2.0
5312,9,2020-07-04 14:52:00,24.3,4.86
5313,68,2020-07-04 15:13:00,22.3,4.46
5314,0,2020-07-04 15:41:00,42.3,8.46
5315,1,2020-07-04 15:59:00,283.1,56.62
5316,4,2020-07-04 16:26:00,2.4,0.48
5317,7,2020-07-04 16:48:00,52.2,10.44
5318,13,2020-07-04 17:01:00,102.2,20.44
5319,13,2020-07-04 17:02:00,4.5,0.9
5320,9,2020-07-04 17:04:00,57.1,11.42
5321,4,2020-07-04 17:13:00,8.5,1.7
5322,7,2020-07-04 17:21:00,16.4,3.28
5323,14,2020-07-04 17:23:00,10.1,2.02
5324,6,2020-07-04 17:25:00,76.5,15.3
5325,4,2020-07-04 17:45:00,54.7,10.94
5326,13,2020-07-04 17:47:00,26.9,5.38
5327,2,2020-07-04 17:51:00,245.6,49.12
5328,8,2020-07-04 17:57:00,13.8,2.76
5329,9,2020-07-04 18:17:00,44.2,8.84
5330,8,2020-07-04 18:41:00,78.2,15.64
5331,3,2020-07-04 18:42:00,27.1,5.42
5332,4,2020-07-04 18:51:00,7.0,1.4
5333,12,2020-07-04 19:03:00,373.6,74.72
5334,6,2020-07-04 19:06:00,7.0,1.4
5335,67,2020-07-04 19:07:00,39.5,7.9
5336,67,2020-07-04 19:20:00,56.2,11.24
5337,3,2020-07-04 19:30:00,17.2,3.44
5338,0,2020-07-04 19:30:00,120.8,24.16
5339,14,2020-07-04 19:56:00,44.0,8.8
5340,10,2020-07-04 20:07:00,2.4,0.48
5341,14,2020-07-04 20:21:00,13.8,2.76
5342,67,2020-07-04 20:45:00,44.0,8.8
5343,1,2020-07-04 21:08:00,8.5,1.7
5344,68,2020-07-04 21:20:00,5.0,1.0
5345,3,2020-07-04 21:42:00,11.6,2.32
5346,2,2020-07-04 21:50:00,17.9,3.58
5347,10,2020-07-04 22:20:00,31.7,6.34
5348,9,2020-07-04 22:23:00,26.8,5.36
5349,5,2020-07-04 22:45:00,110.7,22.14
5350,67,2020-07-04 22:57:00,30.0,6.0
5351,10,2020-07-05 11:05:00,34.7,6.94
5352,2,2020-07-05 11:14:00,2.4,0.48
5353,10,2020-07-05 11:14:00,31.1,6.22
5354,68,2020-07-05 12:10:00,2.2,0.44
5355,0,2020-07-05 12:40:00,23.3,4.66
5356,3,2020-07-05 12:40:00,68.2,13.64
5357,13,2020-07-05 13:03:00,62.5,12.5
5358,5,2020-07-05 13:18:00,153.1,30.62
5359,68,2020-07-05 13:44:00,109.9,21.98
5360,3,2020-07-05 14:17:00,41.8,8.36
5361,6,2020-07-05 14:39:00,55.7,11.14
5362,4,2020-07-05 15:30:00,73.7,14.74
5363,7,2020-07-05 16:13:00,37.4,7.48
5364,2,2020-07-05 16:15:00,233.1,46.62
5365,10,2020-07-05 16:53:00,123.8,24.76
5366,10,2020-07-05 17:50:00,53.5,10.7
5367,67,2020-07-05 18:50:00,119.1,23.82
5368,2,2020-07-05 18:57:00,120.8,24.16
5369,12,2020-07-05 19:54:00,16.0,3.2
5370,3,2020-07-05 20:01:00,23.9,4.78
5371,9,2020-07-05 20:18:00,12.4,2.48
5372,1,2020-07-05 20:55:00,41.3,8.26
5373,4,2020-07-05 21:35:00,8.5,1.7
5374,4,2020-07-05 22:27:00,51.6,10.32
5375,3,2020-07-06 10:50:00,2.4,0.48
5376,14,2020-07-06 11:24:00,35.6,7.12
5377,10,2020-07-06 12:09:00,123.2,24.64
5378,9,2020-07-06 13:09:00,6.9,1.38
5379,0,2020-07-06 13:48:00,2.4,0.48
5380,4,2020-07-06 14:42:00,2.4,0.48
5381,68,2020-07-06 15:02:00,68.8,13.76
5382,10,2020-07-06 15:47:00,201.4,40.28
5383,5,2020-07-06 15:58:00,18.6,3.72
5384,68,2020-07-06 16:46:00,20.3,4.06
5385,5,2020-07-06 17:17:00,66.3,13.26
5386,14,2020-07-06 17:52:00,9.1,1.82
5387,8,2020-07-06 18:04:00,16.6,3.32
5388,68,2020-07-06 18:13:00,14.1,2.82
5389,8,2020-07-06 18:46:00,125.7,25.14
5390,10,2020-07-06 19:29:00,52.5,10.5
5391,8,2020-07-06 20:17:00,159.0,31.8
5392,4,2020-07-06 20:58:00,51.8,10.36
5393,6,2020-07-06 21:31:00,63.6,12.72
5394,68,2020-07-06 22:22:00,4.3,0.86
5395,67,2020-07-06 22:51:00,21.6,4.32
5396,3,2020-07-07 10:15:00,59.4,11.88
5397,7,2020-07-07 10:34:00,26.0,5.2
5398,67,2020-07-07 11:18:00,2.1,0.42
5399,8,2020-07-07 12:16:00,18.0,3.6
5400,9,2020-07-07 13:08:00,2.4,0.48
5401,2,2020-07-07 13:48:00,111.3,22.26
5402,8,2020-07-07 14:43:00,6.6,1.32
5403,10,2020-07-07 15:34:00,7.8,1.56
5404,13,2020-07-07 15:39:00,9.4,1.88
5405,13,2020-07-07 15:59:00,19.6,3.92
5406,7,2020-07-07 16:56:00,44.0,8.8
5407,2,2020-07-07 17:36:00,154.7,30.94
5408,3,2020-07-07 18:05:00,10.1,2.02
5409,9,2020-07-07 18:48:00,17.7,3.54
5410,9,2020-07-07 19:39:00,30.6,6.12
5411,10,2020-07-07 19:47:00,4.6,0.92
5412,9,2020-07-07 20:16:00,46.4,9.28
5413,9,2020-07-07 21:14:00,163.2,32.64
5414,1,2020-07-07 21:19:00,122.8,24.56
5415,14,2020-07-07 21:25:00,26.6,5.32
5416,9,2020-07-07 21:38:00,17.7,3.54
5417,13,2020-07-07 22:14:00,144.5,28.9
5418,10,2020-07-07 22:24:00,11.2,2.24
5419,5,2020-07-08 10:38:00,2.2,0.44
5420,8,2020-07-08 11:20:00,29.4,5.88
5421,67,2020-07-08 12:15:00,8.7,1.74
5422,1,2020-07-08 12:29:00,18.3,3.66
5423,4,2020-07-08 12:55:00,33.1,6.62
5424,8,2020-07-08 13:32:00,17.2,3.44
5425,2,2020-07-08 14:26:00,98.6,19.72
5426,3,2020-07-08 15:01:00,163.2,32.64
5427,68,2020-07-08 15:53:00,25.5,5.1
5428,9,2020-07-08 16:22:00,29.8,5.96
5429,3,2020-07-08 17:00:00,159.6,31.92
5430,14,2020-07-08 17:15:00,61.3,12.26
5431,10,2020-07-08 17:49:00,108.7,21.74
5432,5,2020-07-08 18:07:00,163.9,32.78
5433,7,2020-07-08 18:48:00,157.4,31.48
5434,10,2020-07-08 19:03:00,25.9,5.18
5435,1,2020-07-08 19:58:00,20.7,4.14
5436,14,2020-07-08 20:05:00,2.4,0.48
5437,9,2020-07-08 20:35:00,21.7,4.34
5438,68,2020-07-08 21:34:00,156.8,31.36
5439,2,2020-07-08 21:41:00,13.2,2.64
5440,67,2020-07-08 21:47:00,19.8,3.96
5441,12,2020-07-08 22:00:00,146.9,29.38
5442,13,2020-07-08 22:39:00,171.0,34.2
5443,8,2020-07-08 22:50:00,53.9,10.78
5444,13,2020-07-09 10:17:00,109.1,21.82
5445,10,2020-07-09 10:27:00,30.7,6.14
5446,7,2020-07-09 11:04:00,30.3,6.06
5447,10,2020-07-09 11:42:00,2.4,0.48
5448,68,2020-07-09 11:47:00,8.9,1.78
5449,9,2020-07-09 12:15:00,56.4,11.28
5450,6,2020-07-09 12:24:00,2.4,0.48
5451,7,2020-07-09 12:41:00,122.6,24.52
5452,67,2020-07-09 12:50:00,125.5,25.1
5453,7,2020-07-09 13:12:00,14.4,2.88
5454,1,2020-07-09 13:59:00,167.1,33.42
5455,13,2020-07-09 14:54:00,149.2,29.84
5456,5,2020-07-09 15:28:00,22.5,4.5
5457,9,2020-07-09 16:11:00,31.6,6.32
5458,4,2020-07-09 16:55:00,122.1,24.42
5459,0,2020-07-09 17:35:00,75.6,15.12
5460,10,2020-07-09 18:20:00,31.8,6.36
5461,68,2020-07-09 18:25:00,6.7,1.34
5462,8,2020-07-09 19:01:00,8.5,1.7
5463,10,2020-07-09 19:21:00,8.5,1.7
5464,0,2020-07-09 20:14:00,152.6,30.52
5465,8,2020-07-09 21:09:00,55.6,11.12
5466,6,2020-07-09 21:21:00,4.6,0.92
5467,6,2020-07-09 21:53:00,10.1,2.02
5468,9,2020-07-09 22:20:00,13.5,2.7
5469,67,2020-07-10 10:42:00,2.1,0.42
5470,2,2020-07-10 10:45:00,121.5,24.3
5471,68,2020-07-10 11:31:00,14.6,2.92
5472,0,2020-07-10 12:17:00,143.0,28.6
5473,0,2020-07-10 13:15:00,2.1,0.42
5474,4,2020-07-10 13:19:00,171.7,34.34
5475,8,2020-07-10 13:38:00,10.0,2.0
5476,12,2020-07-10 13:51:00,94.7,18.94
5477,13,2020-07-10 14:13:00,109.1,21.82
5478,1,2020-07-10 14:15:00,21.3,4.26
5479,1,2020-07-10 15:04:00,15.0,3.0
5480,12,2020-07-10 15:55:00,9.8,1.96
5481,4,2020-07-10 16:17:00,44.0,8.8
5482,12,2020-07-10 16:23:00,10.1,2.02
5483,68,2020-07-10 16:23:00,63.9,12.78
5484,12,2020-07-10 16:24:00,42.1,8.42
5485,0,2020-07-10 16:41:00,2.1,0.42
5486,68,2020-07-10 17:34:00,6.3,1.26
5487,6,2020-07-10 18:29:00,11.7,2.34
5488,68,2020-07-10 19:09:00,34.7,6.94
5489,14,2020-07-10 20:07:00,184.9,36.98
5490,2,2020-07-10 21:01:00,71.9,14.38
5491,4,2020-07-10 21:12:00,32.1,6.42
5492,0,2020-07-10 21:18:00,2.4,0.48
5493,4,2020-07-10 22:13:00,2.4,0.48
5494,3,2020-07-10 22:15:00,71.6,14.32
5495,12,2020-07-11 10:50:00,65.9,13.18
5496,0,2020-07-11 11:20:00,24.8,4.96
5497,13,2020-07-11 11:20:00,2.1,0.42
5498,6,2020-07-11 11:29:00,119.2,23.84
5499,5,2020-07-11 11:48:00,20.2,4.04
5500,67,2020-07-11 11:49:00,120.8,24.16
5501,1,2020-07-11 12:18:00,158.6,31.72
5502,4,2020-07-11 12:27:00,122.3,24.46
5503,13,2020-07-11 12:48:00,50.0,10.0
5504,9,2020-07-11 12:56:00,206.4,41.28
5505,68,2020-07-11 13:26:00,14.1,2.82
5506,6,2020-07-11 13:41:00,257.7,51.54
5507,7,2020-07-11 14:02:00,120.2,24.04
5508,5,2020-07-11 14:14:00,19.2,3.84
5509,14,2020-07-11 14:16:00,2.4,0.48
5510,14,2020-07-11 14:22:00,138.8,27.76
5511,0,2020-07-11 14:35:00,68.8,13.76
5512,7,2020-07-11 14:51:00,119.2,23.84
5513,1,2020-07-11 14:58:00,10.2,2.04
5514,0,2020-07-11 15:02:00,218.8,43.76
5515,9,2020-07-11 15:32:00,73.6,14.72
5516,10,2020-07-11 15:53:00,17.4,3.48
5517,3,2020-07-11 16:03:00,47.0,9.4
5518,12,2020-07-11 16:03:00,16.8,3.36
5519,8,2020-07-11 16:05:00,57.8,11.56
5520,67,2020-07-11 16:20:00,25.7,5.14
5521,0,2020-07-11 16:20:00,65.2,13.04
5522,9,2020-07-11 16:22:00,68.1,13.62
5523,12,2020-07-11 16:28:00,15.2,3.04
5524,5,2020-07-11 16:40:00,137.4,27.48
5525,0,2020-07-11 16:41:00,262.2,52.44
5526,67,2020-07-11 16:57:00,2.4,0.48
5527,3,2020-07-11 17:02:00,49.0,9.8
5528,10,2020-07-11 17:18:00,48.6,9.72
5529,68,2020-07-11 17:21:00,138.0,27.6
5530,5,2020-07-11 17:50:00,10.1,2.02
5531,0,2020-07-11 18:02:00,8.4,1.68
5532,4,2020-07-11 18:18:00,15.8,3.16
5533,9,2020-07-11 18:41:00,14.1,2.82
5534,0,2020-07-11 18:49:00,24.1,4.82
5535,13,2020-07-11 19:16:00,13.0,2.6
5536,7,2020-07-11 19:25:00,76.4,15.28
5537,13,2020-07-11 19:31:00,123.6,24.72
5538,10,2020-07-11 19:46:00,25.8,5.16
5539,8,2020-07-11 20:09:00,2.1,0.42
5540,3,2020-07-11 20:31:00,271.4,54.28
5541,8,2020-07-11 20:51:00,60.4,12.08
5542,68,2020-07-11 21:11:00,136.8,27.36
5543,2,2020-07-11 21:15:00,20.1,4.02
5544,4,2020-07-11 21:27:00,118.4,23.68
5545,10,2020-07-11 21:45:00,161.5,32.3
5546,10,2020-07-11 21:46:00,7.5,1.5
5547,4,2020-07-11 22:06:00,10.1,2.02
5548,68,2020-07-11 22:11:00,12.7,2.54
5549,1,2020-07-11 22:38:00,8.5,1.7
5550,1,2020-07-11 22:45:00,2.1,0.42
5551,14,2020-07-12 11:25:00,54.7,10.94
5552,67,2020-07-12 11:37:00,167.7,33.54
5553,67,2020-07-12 12:29:00,201.7,40.34
5554,9,2020-07-12 13:00:00,5.0,1.0
5555,3,2020-07-12 13:55:00,27.9,5.58
5556,68,2020-07-12 14:36:00,168.0,33.6
5557,6,2020-07-12 14:42:00,166.3,33.26
5558,5,2020-07-12 15:02:00,331.0,66.2
5559,3,2020-07-12 15:12:00,2.6,0.52
5560,0,2020-07-12 15:13:00,46.1,9.22
5561,1,2020-07-12 15:39:00,73.2,14.64
5562,9,2020-07-12 15:51:00,21.8,4.36
5563,14,2020-07-12 16:01:00,133.8,26.76
5564,0,2020-07-12 16:15:00,15.8,3.16
5565,8,2020-07-12 16:48:00,18.0,3.6
5566,3,2020-07-12 17:38:00,201.9,40.38
5567,6,2020-07-12 18:00:00,35.8,7.16
5568,12,2020-07-12 18:34:00,161.6,32.32
5569,3,2020-07-12 19:21:00,54.2,10.84
5570,12,2020-07-12 19:31:00,17.0,3.4
5571,13,2020-07-12 19:50:00,19.4,3.88
5572,0,2020-07-12 20:14:00,7.8,1.56
5573,14,2020-07-12 21:10:00,5.6,1.12
5574,1,2020-07-12 21:14:00,2.6,0.52
5575,12,2020-07-12 21:44:00,164.8,32.96
5576,2,2020-07-12 22:04:00,4.5,0.9
5577,2,2020-07-13 10:57:00,13.2,2.64
5578,13,2020-07-13 11:26:00,44.0,8.8
5579,6,2020-07-13 11:38:00,21.6,4.32
5580,14,2020-07-13 11:50:00,14.0,2.8
5581,0,2020-07-13 12:33:00,77.9,15.58
5582,4,2020-07-13 13:27:00,2.4,0.48
5583,6,2020-07-13 14:25:00,42.2,8.44
5584,0,2020-07-13 14:34:00,9.9,1.98
5585,6,2020-07-13 15:29:00,8.5,1.7
5586,4,2020-07-13 15:31:00,134.1,26.82
5587,9,2020-07-13 15:44:00,8.5,1.7
5588,9,2020-07-13 15:55:00,13.8,2.76
5589,3,2020-07-13 16:28:00,26.1,5.22
5590,67,2020-07-13 16:29:00,31.8,6.36
5591,67,2020-07-13 16:45:00,23.7,4.74
5592,67,2020-07-13 16:57:00,66.5,13.3
5593,2,2020-07-13 17:47:00,8.0,1.6
5594,5,2020-07-13 18:19:00,110.6,22.12
5595,8,2020-07-13 18:25:00,131.4,26.28
5596,12,2020-07-13 19:05:00,124.5,24.9
5597,9,2020-07-13 19:32:00,181.0,36.2
5598,13,2020-07-13 20:03:00,71.4,14.28
5599,12,2020-07-13 20:20:00,25.8,5.16
5600,8,2020-07-13 20:53:00,159.0,31.8
5601,0,2020-07-13 21:22:00,21.5,4.3
5602,10,2020-07-13 21:46:00,58.0,11.6
5603,6,2020-07-13 22:44:00,29.4,5.88
5604,12,2020-07-14 10:41:00,8.5,1.7
5605,5,2020-07-14 11:08:00,44.0,8.8
5606,10,2020-07-14 11:16:00,28.7,5.74
5607,0,2020-07-14 11:22:00,250.4,50.08
5608,0,2020-07-14 12:10:00,34.1,6.82
5609,68,2020-07-14 12:50:00,165.4,33.08
5610,10,2020-07-14 13:47:00,54.6,10.92
5611,14,2020-07-14 14:22:00,14.9,2.98
5612,14,2020-07-14 14:33:00,24.3,4.86
5613,10,2020-07-14 14:55:00,13.8,2.76
5614,13,2020-07-14 15:11:00,4.7,0.94
5615,9,2020-07-14 15:55:00,2.4,0.48
5616,0,2020-07-14 16:07:00,47.9,9.58
5617,5,2020-07-14 16:37:00,2.6,0.52
5618,2,2020-07-14 17:04:00,12.2,2.44
5619,6,2020-07-14 17:14:00,155.4,31.08
5620,67,2020-07-14 17:22:00,160.5,32.1
5621,2,2020-07-14 18:16:00,60.9,12.18
5622,1,2020-07-14 19:12:00,263.8,52.76
5623,3,2020-07-14 20:04:00,2.4,0.48
5624,9,2020-07-14 21:01:00,19.4,3.88
5625,5,2020-07-14 21:15:00,15.6,3.12
5626,14,2020-07-14 22:04:00,2.4,0.48
5627,67,2020-07-14 22:21:00,10.7,2.14
5628,4,2020-07-14 22:54:00,21.4,4.28
5629,3,2020-07-15 10:56:00,15.1,3.02
5630,7,2020-07-15 10:57:00,64.9,12.98
5631,6,2020-07-15 11:03:00,126.0,25.2
5632,5,2020-07-15 11:23:00,21.7,4.34
5633,2,2020-07-15 12:06:00,27.2,5.44
5634,8,2020-07-15 12:13:00,169.9,33.98
5635,2,2020-07-15 12:46:00,14.0,2.8
5636,8,2020-07-15 13:40:00,158.4,31.68
5637,7,2020-07-15 14:07:00,4.7,0.94
5638,12,2020-07-15 14:11:00,48.5,9.7
5639,14,2020-07-15 14:56:00,2.1,0.42
5640,14,2020-07-15 15:09:00,151.5,30.3
5641,1,2020-07-15 16:08:00,156.0,31.2
5642,2,2020-07-15 16:12:00,4.6,0.92
5643,67,2020-07-15 16:14:00,2.1,0.42
5644,2,2020-07-15 16:38:00,8.7,1.74
5645,5,2020-07-15 17:35:00,13.2,2.64
5646,13,2020-07-15 17:47:00,10.1,2.02
5647,12,2020-07-15 18:37:00,57.1,11.42
5648,1,2020-07-15 18:48:00,242.6,48.52
5649,9,2020-07-15 19:11:00,2.2,0.44
5650,67,2020-07-15 19:31:00,61.9,12.38
5651,14,2020-07-15 19:46:00,32.1,6.42
5652,8,2020-07-15 20:28:00,30.8,6.16
5653,14,2020-07-15 20:43:00,2.4,0.48
5654,3,2020-07-15 21:42:00,14.6,2.92
5655,3,2020-07-15 21:43:00,66.6,13.32
5656,6,2020-07-15 22:23:00,14.0,2.8
5657,12,2020-07-15 22:29:00,11.1,2.22
5658,68,2020-07-16 10:58:00,152.0,30.4
5659,10,2020-07-16 11:08:00,162.4,32.48
5660,0,2020-07-16 11:26:00,42.5,8.5
5661,10,2020-07-16 11:57:00,4.5,0.9
5662,3,2020-07-16 12:16:00,197.6,39.52
5663,8,2020-07-16 12:44:00,14.6,2.92
5664,5,2020-07-16 13:36:00,2.2,0.44
5665,7,2020-07-16 14:12:00,14.7,2.94
5666,5,2020-07-16 14:31:00,126.2,25.24
5667,68,2020-07-16 15:05:00,162.5,32.5
5668,7,2020-07-16 16:04:00,167.9,33.58
5669,4,2020-07-16 16:28:00,70.2,14.04
5670,7,2020-07-16 16:52:00,2.2,0.44
5671,0,2020-07-16 16:56:00,20.1,4.02
5672,10,2020-07-16 17:18:00,96.5,19.3
5673,2,2020-07-16 17:46:00,18.9,3.78
5674,4,2020-07-16 18:08:00,75.8,15.16
5675,4,2020-07-16 18:19:00,34.5,6.9
5676,8,2020-07-16 18:54:00,18.5,3.7
5677,0,2020-07-16 19:03:00,139.8,27.96
5678,68,2020-07-16 19:05:00,102.6,20.52
5679,5,2020-07-16 19:51:00,51.0,10.2
5680,12,2020-07-16 20:39:00,166.8,33.36
5681,10,2020-07-16 20:58:00,44.0,8.8
5682,8,2020-07-16 20:58:00,4.5,0.9
5683,6,2020-07-16 21:46:00,2.4,0.48
5684,68,2020-07-16 21:53:00,21.3,4.26
5685,0,2020-07-16 22:09:00,18.6,3.72
5686,68,2020-07-16 22:13:00,34.2,6.84
5687,14,2020-07-16 22:35:00,178.4,35.68
5688,13,2020-07-17 10:26:00,13.5,2.7
5689,14,2020-07-17 10:50:00,124.6,24.92
5690,1,2020-07-17 11:48:00,10.0,2.0
5691,1,2020-07-17 12:21:00,18.1,3.62
5692,0,2020-07-17 13:02:00,169.0,33.8
5693,13,2020-07-17 13:50:00,20.8,4.16
5694,5,2020-07-17 14:43:00,103.6,20.72
5695,6,2020-07-17 15:09:00,44.0,8.8
5696,68,2020-07-17 15:12:00,47.9,9.58
5697,1,2020-07-17 16:00:00,29.4,5.88
5698,8,2020-07-17 16:05:00,35.9,7.18
5699,7,2020-07-17 16:11:00,23.3,4.66
5700,4,2020-07-17 16:13:00,52.1,10.42
5701,8,2020-07-17 16:21:00,67.2,13.44
5702,9,2020-07-17 16:23:00,12.2,2.44
5703,9,2020-07-17 16:37:00,169.7,33.94
5704,13,2020-07-17 17:33:00,20.2,4.04
5705,10,2020-07-17 18:02:00,23.9,4.78
5706,0,2020-07-17 18:43:00,13.7,2.74
5707,67,2020-07-17 19:40:00,25.9,5.18
5708,2,2020-07-17 20:03:00,38.0,7.6
5709,1,2020-07-17 20:20:00,57.0,11.4
5710,9,2020-07-17 20:51:00,119.2,23.84
5711,1,2020-07-17 21:43:00,47.9,9.58
5712,9,2020-07-17 22:05:00,13.8,2.76
5713,12,2020-07-17 22:08:00,115.8,23.16
5714,0,2020-07-17 22:53:00,2.1,0.42
5715,1,2020-07-18 10:48:00,47.7,9.54
5716,3,2020-07-18 11:05:00,58.5,11.7
5717,4,2020-07-18 11:10:00,27.5,5.5
5718,2,2020-07-18 11:12:00,231.5,46.3
5719,14,2020-07-18 11:19:00,2.1,0.42
5720,3,2020-07-18 11:46:00,51.0,10.2
5721,4,2020-07-18 11:56:00,202.9,40.58
5722,2,2020-07-18 12:25:00,2.4,0.48
5723,7,2020-07-18 12:48:00,143.2,28.64
5724,67,2020-07-18 12:54:00,56.3,11.26
5725,6,2020-07-18 13:02:00,44.0,8.8
5726,10,2020-07-18 13:08:00,33.6,6.72
5727,0,2020-07-18 13:22:00,30.0,6.0
5728,14,2020-07-18 13:47:00,50.1,10.02
5729,67,2020-07-18 14:13:00,10.1,2.02
5730,10,2020-07-18 14:26:00,54.0,10.8
5731,1,2020-07-18 14:35:00,204.7,40.94
5732,13,2020-07-18 14:48:00,32.8,6.56
5733,67,2020-07-18 15:14:00,73.3,14.66
5734,68,2020-07-18 15:33:00,128.4,25.68
5735,14,2020-07-18 16:02:00,23.5,4.7
5736,7,2020-07-18 16:03:00,2.4,0.48
5737,1,2020-07-18 16:10:00,54.9,10.98
5738,8,2020-07-18 16:26:00,44.0,8.8
5739,2,2020-07-18 16:50:00,143.0,28.6
5740,5,2020-07-18 17:11:00,216.6,43.32
5741,2,2020-07-18 17:27:00,22.4,4.48
5742,1,2020-07-18 17:41:00,35.0,7.0
5743,9,2020-07-18 18:05:00,12.6,2.52
5744,10,2020-07-18 18:10:00,154.7,30.94
5745,9,2020-07-18 18:14:00,68.1,13.62
5746,9,2020-07-18 18:29:00,46.1,9.22
5747,8,2020-07-18 18:32:00,25.5,5.1
5748,4,2020-07-18 18:42:00,54.1,10.82
5749,4,2020-07-18 18:44:00,161.2,32.24
5750,68,2020-07-18 18:58:00,66.0,13.2
5751,14,2020-07-18 19:15:00,17.2,3.44
5752,2,2020-07-18 19:23:00,29.0,5.8
5753,68,2020-07-18 19:33:00,45.5,9.1
5754,2,2020-07-18 19:35:00,13.0,2.6
5755,1,2020-07-18 19:50:00,26.4,5.28
5756,67,2020-07-18 19:56:00,39.6,7.92
5757,4,2020-07-18 20:00:00,24.5,4.9
5758,10,2020-07-18 20:17:00,124.5,24.9
5759,67,2020-07-18 20:26:00,10.1,2.02
5760,5,2020-07-18 20:48:00,6.7,1.34
5761,67,2020-07-18 21:04:00,134.0,26.8
5762,9,2020-07-18 21:24:00,48.8,9.76
5763,1,2020-07-18 21:48:00,56.7,11.34
5764,9,2020-07-18 21:57:00,92.3,18.46
5765,8,2020-07-18 22:07:00,32.6,6.52
5766,68,2020-07-18 22:16:00,229.8,45.96
5767,3,2020-07-18 22:35:00,73.3,14.66
5768,8,2020-07-19 11:25:00,15.5,3.1
5769,12,2020-07-19 12:01:00,133.8,26.76
5770,8,2020-07-19 12:32:00,24.6,4.92
5771,8,2020-07-19 13:16:00,28.5,5.7
5772,68,2020-07-19 13:29:00,28.8,5.76
5773,5,2020-07-19 14:01:00,263.7,52.74
5774,9,2020-07-19 14:34:00,122.8,24.56
5775,4,2020-07-19 15:02:00,160.1,32.02
5776,0,2020-07-19 15:34:00,56.2,11.24
5777,10,2020-07-19 16:14:00,53.0,10.6
5778,0,2020-07-19 16:14:00,7.4,1.48
5779,12,2020-07-19 16:16:00,23.8,4.76
5780,67,2020-07-19 17:01:00,2.4,0.48
5781,9,2020-07-19 17:17:00,15.6,3.12
5782,8,2020-07-19 17:23:00,54.0,10.8
5783,13,2020-07-19 17:56:00,2.1,0.42
5784,5,2020-07-19 18:18:00,12.5,2.5
5785,6,2020-07-19 18:59:00,2.4,0.48
5786,10,2020-07-19 19:35:00,44.0,8.8
5787,10,2020-07-19 19:51:00,2.2,0.44
5788,0,2020-07-19 20:49:00,73.4,14.68
5789,13,2020-07-19 21:33:00,19.9,3.98
5790,1,2020-07-19 21:54:00,2.6,0.52
5791,8,2020-07-19 22:48:00,151.5,30.3
5792,8,2020-07-20 10:29:00,32.9,6.58
5793,14,2020-07-20 11:26:00,17.0,3.4
5794,6,2020-07-20 12:18:00,8.5,1.7
5795,7,2020-07-20 12:51:00,13.2,2.64
5796,10,2020-07-20 13:06:00,68.1,13.62
5797,4,2020-07-20 13:10:00,2.6,0.52
5798,14,2020-07-20 13:30:00,19.6,3.92
5799,3,2020-07-20 14:25:00,11.7,2.34
5800,2,2020-07-20 14:58:00,42.7,8.54
5801,3,2020-07-20 15:47:00,148.6,29.72
5802,9,2020-07-20 16:08:00,67.2,13.44
5803,2,2020-07-20 16:23:00,59.1,11.82
5804,1,2020-07-20 16:25:00,8.5,1.7
5805,6,2020-07-20 16:31:00,12.8,2.56
5806,0,2020-07-20 16:34:00,134.1,26.82
5807,4,2020-07-20 16:58:00,167.1,33.42
5808,0,2020-07-20 17:44:00,11.6,2.32
5809,2,2020-07-20 18:43:00,140.7,28.14
5810,4,2020-07-20 19:40:00,19.0,3.8
5811,6,2020-07-20 19:44:00,17.1,3.42
5812,4,2020-07-20 20:43:00,143.1,28.62
5813,0,2020-07-20 21:27:00,4.8,0.96
5814,67,2020-07-20 22:22:00,10.1,2.02
5815,4,2020-07-21 10:49:00,27.4,5.48
5816,12,2020-07-21 11:37:00,44.0,8.8
5817,67,2020-07-21 12:32:00,10.6,2.12
5818,3,2020-07-21 13:25:00,239.5,47.9
5819,7,2020-07-21 13:54:00,117.6,23.52
5820,5,2020-07-21 14:31:00,24.8,4.96
5821,14,2020-07-21 15:02:00,129.2,25.84
5822,67,2020-07-21 15:37:00,112.2,22.44
5823,14,2020-07-21 15:39:00,23.1,4.62
5824,0,2020-07-21 15:54:00,44.0,8.8
5825,7,2020-07-21 16:50:00,11.4,2.28
5826,3,2020-07-21 17:11:00,2.4,0.48
5827,1,2020-07-21 17:26:00,23.9,4.78
5828,14,2020-07-21 17:30:00,33.0,6.6
5829,4,2020-07-21 18:25:00,13.8,2.76
5830,5,2020-07-21 19:09:00,64.2,12.84
5831,10,2020-07-21 20:04:00,107.3,21.46
5832,12,2020-07-21 20:20:00,12.4,2.48
5833,7,2020-07-21 20:37:00,33.4,6.68
5834,3,2020-07-21 21:26:00,36.0,7.2
5835,4,2020-07-21 21:27:00,24.9,4.98
5836,67,2020-07-21 22:09:00,13.8,2.76
5837,3,2020-07-21 22:50:00,49.7,9.94
5838,1,2020-07-21 22:57:00,266.7,53.34
5839,14,2020-07-22 10:06:00,25.2,5.04
5840,4,2020-07-22 10:34:00,24.9,4.98
5841,6,2020-07-22 11:12:00,131.4,26.28
5842,0,2020-07-22 11:31:00,110.7,22.14
5843,0,2020-07-22 11:51:00,256.1,51.22
5844,0,2020-07-22 12:32:00,55.4,11.08
5845,67,2020-07-22 13:10:00,68.2,13.64
5846,3,2020-07-22 13:40:00,61.6,12.32
5847,13,2020-07-22 14:27:00,13.2,2.64
5848,13,2020-07-22 15:18:00,2.4,0.48
5849,12,2020-07-22 15:24:00,7.6,1.52
5850,2,2020-07-22 15:37:00,10.9,2.18
5851,3,2020-07-22 16:07:00,197.8,39.56
5852,3,2020-07-22 16:09:00,39.6,7.92
5853,8,2020-07-22 16:55:00,11.7,2.34
5854,14,2020-07-22 17:37:00,151.5,30.3
5855,4,2020-07-22 17:57:00,63.9,12.78
5856,0,2020-07-22 18:20:00,18.6,3.72
5857,1,2020-07-22 18:50:00,141.0,28.2
5858,4,2020-07-22 19:49:00,47.9,9.58
5859,3,2020-07-22 19:56:00,297.3,59.46
5860,68,2020-07-22 20:40:00,14.1,2.82
5861,68,2020-07-22 21:01:00,18.5,3.7
5862,13,2020-07-22 21:59:00,65.2,13.04
5863,2,2020-07-22 22:18:00,11.7,2.34
5864,2,2020-07-22 22:19:00,8.5,1.7
5865,10,2020-07-22 22:24:00,2.4,0.48
5866,2,2020-07-22 22:34:00,194.6,38.92
5867,3,2020-07-22 22:58:00,5.0,1.0
5868,0,2020-07-23 10:06:00,2.1,0.42
5869,2,2020-07-23 10:45:00,130.9,26.18
5870,68,2020-07-23 11:20:00,126.4,25.28
5871,67,2020-07-23 11:23:00,26.4,5.28
5872,1,2020-07-23 12:15:00,15.5,3.1
5873,14,2020-07-23 12:44:00,8.5,1.7
5874,8,2020-07-23 12:58:00,21.5,4.3
5875,0,2020-07-23 13:06:00,110.7,22.14
5876,0,2020-07-23 13:13:00,17.1,3.42
5877,68,2020-07-23 13:15:00,4.8,0.96
5878,67,2020-07-23 13:46:00,4.6,0.92
5879,8,2020-07-23 14:07:00,51.1,10.22
5880,8,2020-07-23 14:22:00,60.4,12.08
5881,13,2020-07-23 14:40:00,44.0,8.8
5882,8,2020-07-23 15:14:00,16.2,3.24
5883,13,2020-07-23 15:20:00,2.4,0.48
5884,1,2020-07-23 15:25:00,8.5,1.7
5885,2,2020-07-23 16:07:00,2.1,0.42
5886,1,2020-07-23 16:50:00,2.4,0.48
5887,14,2020-07-23 17:13:00,151.8,30.36
5888,1,2020-07-23 17:41:00,110.7,22.14
5889,7,2020-07-23 18:15:00,46.4,9.28
5890,1,2020-07-23 19:01:00,8.0,1.6
5891,9,2020-07-23 19:30:00,54.6,10.92
5892,1,2020-07-23 19:39:00,105.9,21.18
5893,6,2020-07-23 19:58:00,8.5,1.7
5894,12,2020-07-23 20:29:00,13.8,2.76
5895,3,2020-07-23 21:25:00,109.1,21.82
5896,2,2020-07-23 21:48:00,46.1,9.22
5897,5,2020-07-23 22:10:00,156.5,31.3
5898,68,2020-07-23 22:16:00,76.3,15.26
5899,0,2020-07-23 22:20:00,4.3,0.86
5900,14,2020-07-23 22:41:00,35.0,7.0
5901,9,2020-07-24 10:45:00,28.6,5.72
5902,2,2020-07-24 11:19:00,123.2,24.64
5903,8,2020-07-24 11:33:00,123.7,24.74
5904,7,2020-07-24 11:35:00,20.2,4.04
5905,9,2020-07-24 11:46:00,10.1,2.02
5906,4,2020-07-24 11:59:00,127.1,25.42
5907,12,2020-07-24 12:01:00,60.7,12.14
5908,13,2020-07-24 12:16:00,115.5,23.1
5909,1,2020-07-24 12:24:00,27.2,5.44
5910,6,2020-07-24 13:20:00,20.7,4.14
5911,3,2020-07-24 13:37:00,61.7,12.34
5912,14,2020-07-24 14:36:00,114.6,22.92
5913,13,2020-07-24 14:38:00,21.0,4.2
5914,0,2020-07-24 15:34:00,11.4,2.28
5915,10,2020-07-24 16:32:00,9.6,1.92
5916,12,2020-07-24 17:02:00,25.6,5.12
5917,9,2020-07-24 17:40:00,21.7,4.34
5918,7,2020-07-24 18:09:00,118.4,23.68
5919,8,2020-07-24 18:44:00,45.5,9.1
5920,2,2020-07-24 19:24:00,71.9,14.38
5921,7,2020-07-24 19:47:00,43.4,8.68
5922,13,2020-07-24 20:13:00,162.5,32.5
5923,13,2020-07-24 21:09:00,190.6,38.12
5924,13,2020-07-24 21:19:00,13.2,2.64
5925,6,2020-07-24 21:48:00,2.4,0.48
5926,2,2020-07-24 22:34:00,17.3,3.46
5927,13,2020-07-24 22:50:00,61.2,12.24
5928,4,2020-07-24 22:55:00,124.5,24.9
5929,7,2020-07-25 10:47:00,11.6,2.32
5930,12,2020-07-25 11:04:00,11.1,2.22
5931,67,2020-07-25 11:13:00,24.0,4.8
5932,13,2020-07-25 11:27:00,13.3,2.66
5933,13,2020-07-25 11:52:00,5.0,1.0
5934,6,2020-07-25 12:08:00,34.2,6.84
5935,7,2020-07-25 12:29:00,27.7,5.54
5936,1,2020-07-25 12:48:00,12.2,2.44
5937,67,2020-07-25 12:49:00,39.2,7.84
5938,1,2020-07-25 13:14:00,164.7,32.94
5939,7,2020-07-25 13:14:00,6.9,1.38
5940,12,2020-07-25 13:20:00,32.4,6.48
5941,0,2020-07-25 13:25:00,8.5,1.7
5942,68,2020-07-25 13:47:00,54.0,10.8
5943,8,2020-07-25 13:51:00,50.5,10.1
5944,14,2020-07-25 14:15:00,134.8,26.96
5945,8,2020-07-25 14:36:00,2.4,0.48
5946,0,2020-07-25 14:46:00,2.4,0.48
5947,68,2020-07-25 14:56:00,60.8,12.16
5948,68,2020-07-25 14:57:00,17.7,3.54
5949,10,2020-07-25 15:19:00,13.3,2.66
5950,68,2020-07-25 15:29:00,317.6,63.52
5951,1,2020-07-25 15:51:00,136.4,27.28
5952,14,2020-07-25 16:12:00,239.0,47.8
5953,12,2020-07-25 16:26:00,2.4,0.48
5954,3,2020-07-25 16:50:00,47.0,9.4
5955,14,2020-07-25 17:18:00,8.7,1.74
5956,10,2020-07-25 17:30:00,154.6,30.92
5957,9,2020-07-25 17:54:00,30.2,6.04
5958,14,2020-07-25 18:06:00,21.0,4.2
5959,9,2020-07-25 18:24:00,10.1,2.02
5960,13,2020-07-25 18:34:00,35.5,7.1
5961,7,2020-07-25 18:35:00,166.0,33.2
5962,10,2020-07-25 18:51:00,75.8,15.16
5963,68,2020-07-25 19:00:00,28.3,5.66
5964,13,2020-07-25 19:08:00,15.3,3.06
5965,67,2020-07-25 19:11:00,22.5,4.5
5966,9,2020-07-25 19:31:00,5.4,1.08
5967,5,2020-07-25 19:42:00,32.1,6.42
5968,12,2020-07-25 19:56:00,18.0,3.6
5969,4,2020-07-25 20:00:00,42.1,8.42
5970,8,2020-07-25 20:01:00,125.7,25.14
5971,7,2020-07-25 20:13:00,71.8,14.36
5972,14,2020-07-25 20:16:00,194.0,38.8
5973,3,2020-07-25 20:19:00,10.1,2.02
5974,14,2020-07-25 20:46:00,14.0,2.8
5975,13,2020-07-25 21:01:00,8.5,1.7
5976,1,2020-07-25 21:21:00,56.5,11.3
5977,12,2020-07-25 21:35:00,147.6,29.52
5978,68,2020-07-25 21:54:00,12.1,2.42
5979,68,2020-07-25 22:00:00,44.0,8.8
5980,3,2020-07-25 22:23:00,4.5,0.9
5981,8,2020-07-25 22:38:00,2.1,0.42
5982,12,2020-07-25 22:52:00,18.9,3.78
5983,7,2020-07-25 22:54:00,8.5,1.7
5984,2,2020-07-26 11:13:00,13.5,2.7
5985,6,2020-07-26 11:40:00,123.7,24.74
5986,1,2020-07-26 12:06:00,12.0,2.4
5987,68,2020-07-26 12:39:00,190.5,38.1
5988,9,2020-07-26 13:22:00,21.2,4.24
5989,68,2020-07-26 13:38:00,42.8,8.56
5990,12,2020-07-26 14:10:00,63.1,12.62
5991,9,2020-07-26 14:41:00,10.0,2.0
5992,8,2020-07-26 14:55:00,23.9,4.78
5993,68,2020-07-26 15:26:00,18.8,3.76
5994,8,2020-07-26 15:52:00,19.6,3.92
5995,68,2020-07-26 16:32:00,31.1,6.22
5996,12,2020-07-26 17:10:00,144.5,28.9
5997,67,2020-07-26 17:12:00,114.1,22.82
5998,68,2020-07-26 18:02:00,27.7,5.54
5999,14,2020-07-26 18:49:00,46.1,9.22
6000,7,2020-07-26 19:17:00,31.1,6.22
6001,6,2020-07-26 19:23:00,4.6,0.92
6002,3,2020-07-26 20:02:00,8.5,1.7
6003,68,2020-07-26 20:02:00,46.6,9.32
6004,68,2020-07-26 20:22:00,64.2,12.84
6005,10,2020-07-26 21:05:00,212.0,42.4
6006,67,2020-07-26 21:29:00,215.5,43.1
6007,1,2020-07-26 21:42:00,18.3,3.66
6008,0,2020-07-26 22:04:00,112.9,22.58
6009,14,2020-07-27 10:58:00,149.9,29.98
6010,3,2020-07-27 11:45:00,18.8,3.76
6011,1,2020-07-27 12:29:00,127.1,25.42
6012,7,2020-07-27 12:58:00,27.2,5.44
6013,68,2020-07-27 13:14:00,238.4,47.68
6014,2,2020-07-27 14:05:00,7.5,1.5
6015,4,2020-07-27 14:20:00,56.1,11.22
6016,14,2020-07-27 15:09:00,23.3,4.66
6017,8,2020-07-27 15:13:00,117.8,23.56
6018,7,2020-07-27 16:02:00,2.1,0.42
6019,14,2020-07-27 16:58:00,13.1,2.62
6020,9,2020-07-27 17:06:00,2.4,0.48
6021,67,2020-07-27 17:50:00,78.0,15.6
6022,67,2020-07-27 18:34:00,51.9,10.38
6023,1,2020-07-27 18:35:00,17.0,3.4
6024,3,2020-07-27 19:12:00,142.0,28.4
6025,12,2020-07-27 19:30:00,45.5,9.1
6026,13,2020-07-27 19:47:00,15.1,3.02
6027,68,2020-07-27 20:47:00,89.5,17.9
6028,8,2020-07-27 21:02:00,6.7,1.34
6029,9,2020-07-27 21:35:00,4.7,0.94
6030,5,2020-07-27 22:34:00,23.2,4.64
6031,14,2020-07-28 10:37:00,14.6,2.92
6032,68,2020-07-28 11:22:00,61.5,12.3
6033,13,2020-07-28 11:28:00,112.3,22.46
6034,7,2020-07-28 11:59:00,8.7,1.74
6035,10,2020-07-28 12:05:00,250.4,50.08
6036,8,2020-07-28 12:28:00,44.0,8.8
6037,12,2020-07-28 12:50:00,52.0,10.4
6038,3,2020-07-28 13:04:00,18.5,3.7
6039,4,2020-07-28 13:50:00,23.2,4.64
6040,7,2020-07-28 14:35:00,21.8,4.36
6041,2,2020-07-28 14:37:00,10.1,2.02
6042,67,2020-07-28 14:46:00,10.6,2.12
6043,5,2020-07-28 15:43:00,10.1,2.02
6044,4,2020-07-28 16:09:00,14.1,2.82
6045,13,2020-07-28 16:36:00,2.1,0.42
6046,3,2020-07-28 17:20:00,8.4,1.68
6047,67,2020-07-28 17:42:00,119.1,23.82
6048,2,2020-07-28 17:54:00,57.5,11.5
6049,14,2020-07-28 18:27:00,8.5,1.7
6050,5,2020-07-28 19:01:00,317.9,63.58
6051,68,2020-07-28 19:12:00,2.4,0.48
6052,7,2020-07-28 20:06:00,11.7,2.34
6053,1,2020-07-28 20:07:00,13.2,2.64
6054,7,2020-07-28 21:05:00,71.9,14.38
6055,3,2020-07-28 22:00:00,16.3,3.26
6056,12,2020-07-28 22:40:00,64.0,12.8
6057,1,2020-07-28 22:56:00,54.6,10.92
6058,6,2020-07-29 10:07:00,2.4,0.48
6059,9,2020-07-29 11:02:00,4.2,0.84
6060,13,2020-07-29 12:00:00,276.0,55.2
6061,14,2020-07-29 12:30:00,23.6,4.72
6062,9,2020-07-29 12:52:00,18.3,3.66
6063,6,2020-07-29 13:16:00,242.8,48.56
6064,3,2020-07-29 13:25:00,23.7,4.74
6065,9,2020-07-29 13:36:00,19.1,3.82
6066,10,2020-07-29 13:58:00,167.7,33.54
6067,67,2020-07-29 14:19:00,22.8,4.56
6068,13,2020-07-29 14:52:00,4.5,0.9
6069,8,2020-07-29 15:49:00,61.6,12.32
6070,68,2020-07-29 16:22:00,34.1,6.82
6071,10,2020-07-29 16:33:00,2.4,0.48
6072,9,2020-07-29 16:39:00,277.5,55.5
6073,4,2020-07-29 17:36:00,48.6,9.72
6074,10,2020-07-29 17:41:00,6.8,1.36
6075,7,2020-07-29 18:32:00,2.2,0.44
6076,8,2020-07-29 18:40:00,167.6,33.52
6077,4,2020-07-29 18:44:00,20.8,4.16
6078,67,2020-07-29 18:46:00,20.2,4.04
6079,6,2020-07-29 19:29:00,11.6,2.32
6080,67,2020-07-29 20:22:00,378.5,75.7
6081,3,2020-07-29 21:21:00,30.5,6.1
6082,67,2020-07-29 22:05:00,28.3,5.66
6083,7,2020-07-29 22:12:00,160.3,32.06
6084,4,2020-07-29 22:30:00,146.4,29.28
6085,14,2020-07-30 10:48:00,4.2,0.84
6086,67,2020-07-30 11:26:00,7.4,1.48
6087,10,2020-07-30 12:05:00,116.0,23.2
6088,13,2020-07-30 12:27:00,75.6,15.12
6089,13,2020-07-30 13:08:00,68.2,13.64
6090,12,2020-07-30 13:15:00,58.6,11.72
6091,1,2020-07-30 13:41:00,12.7,2.54
6092,14,2020-07-30 14:04:00,54.0,10.8
6093,8,2020-07-30 14:51:00,24.3,4.86
6094,13,2020-07-30 15:46:00,122.3,24.46
6095,9,2020-07-30 16:00:00,2.4,0.48
6096,2,2020-07-30 16:19:00,33.3,6.66
6097,14,2020-07-30 16:26:00,69.3,13.86
6098,67,2020-07-30 16:52:00,2.1,0.42
6099,3,2020-07-30 17:49:00,2.1,0.42
6100,10,2020-07-30 18:14:00,11.6,2.32
6101,1,2020-07-30 18:45:00,32.1,6.42
6102,7,2020-07-30 19:09:00,122.9,24.58
6103,6,2020-07-30 19:28:00,2.1,0.42
6104,1,2020-07-30 20:17:00,180.9,36.18
6105,9,2020-07-30 20:45:00,2.2,0.44
6106,3,2020-07-30 21:14:00,56.3,11.26
6107,12,2020-07-30 21:37:00,29.3,5.86
6108,3,2020-07-30 22:11:00,2.2,0.44
6109,7,2020-07-31 10:49:00,16.5,3.3
6110,3,2020-07-31 11:18:00,2.4,0.48
6111,2,2020-07-31 11:28:00,39.7,7.94
6112,2,2020-07-31 12:17:00,180.2,36.04
6113,7,2020-07-31 12:45:00,35.1,7.02
6114,2,2020-07-31 13:23:00,24.6,4.92
6115,68,2020-07-31 13:45:00,165.2,33.04
6116,68,2020-07-31 14:45:00,12.5,2.5
6117,67,2020-07-31 15:32:00,33.7,6.74
6118,67,2020-07-31 16:04:00,58.7,11.74
6119,68,2020-07-31 16:54:00,115.2,23.04
6120,4,2020-07-31 17:43:00,4.8,0.96
6121,3,2020-07-31 18:22:00,11.7,2.34
6122,7,2020-07-31 18:26:00,137.0,27.4
6123,7,2020-07-31 19:06:00,2.1,0.42
6124,12,2020-07-31 19:42:00,26.2,5.24
6125,9,2020-07-31 20:17:00,8.4,1.68
6126,14,2020-07-31 20:57:00,70.4,14.08
6127,13,2020-07-31 21:23:00,61.9,12.38
6128,14,2020-07-31 22:19:00,6.6,1.32
6129,8,2020-07-31 22:33:00,2.6,0.52
6130,67,2020-08-01 10:43:00,105.9,21.18
6131,8,2020-08-01 11:11:00,18.5,3.7
6132,68,2020-08-01 11:18:00,10.0,2.0
6133,2,2020-08-01 11:36:00,25.8,5.16
6134,1,2020-08-01 11:53:00,2.2,0.44
6135,4,2020-08-01 12:15:00,47.0,9.4
6136,68,2020-08-01 12:44:00,13.4,2.68
6137,10,2020-08-01 12:44:00,24.1,4.82
6138,14,2020-08-01 12:54:00,4.6,0.92
6139,6,2020-08-01 13:07:00,12.2,2.44
6140,13,2020-08-01 13:09:00,61.3,12.26
6141,4,2020-08-01 13:37:00,215.4,43.08
6142,14,2020-08-01 13:43:00,25.4,5.08
6143,9,2020-08-01 14:03:00,11.6,2.32
6144,7,2020-08-01 14:27:00,15.2,3.04
6145,2,2020-08-01 14:33:00,53.6,10.72
6146,6,2020-08-01 14:34:00,6.9,1.38
6147,14,2020-08-01 15:00:00,39.7,7.94
6148,1,2020-08-01 15:08:00,2.4,0.48
6149,14,2020-08-01 15:15:00,11.6,2.32
6150,6,2020-08-01 15:37:00,58.7,11.74
6151,67,2020-08-01 15:39:00,67.3,13.46
6152,67,2020-08-01 15:53:00,209.7,41.94
6153,13,2020-08-01 16:20:00,2.4,0.48
6154,13,2020-08-01 16:49:00,117.6,23.52
6155,67,2020-08-01 16:51:00,10.9,2.18
6156,6,2020-08-01 17:00:00,162.5,32.5
6157,7,2020-08-01 17:18:00,129.3,25.86
6158,67,2020-08-01 17:30:00,169.5,33.9
6159,2,2020-08-01 17:57:00,312.9,62.58
6160,4,2020-08-01 18:24:00,144.5,28.9
6161,12,2020-08-01 18:30:00,4.2,0.84
6162,9,2020-08-01 19:00:00,56.5,11.3
6163,9,2020-08-01 19:04:00,10.7,2.14
6164,8,2020-08-01 19:10:00,229.8,45.96
6165,10,2020-08-01 19:12:00,124.9,24.98
6166,1,2020-08-01 19:30:00,148.4,29.68
6167,12,2020-08-01 19:36:00,136.9,27.38
6168,6,2020-08-01 19:54:00,50.6,10.12
6169,6,2020-08-01 20:17:00,19.9,3.98
6170,67,2020-08-01 20:43:00,32.8,6.56
6171,13,2020-08-01 21:13:00,154.4,30.88
6172,2,2020-08-01 21:32:00,58.7,11.74
6173,5,2020-08-01 21:42:00,12.3,2.46
6174,67,2020-08-01 22:05:00,200.3,40.06
6175,2,2020-08-01 22:21:00,11.6,2.32
6176,6,2020-08-01 22:28:00,155.3,31.06
6177,0,2020-08-01 22:29:00,2.6,0.52
6178,8,2020-08-01 22:50:00,2.4,0.48
6179,4,2020-08-02 11:15:00,56.4,11.28
6180,10,2020-08-02 11:48:00,111.3,22.26
6181,8,2020-08-02 12:48:00,127.9,25.58
6182,7,2020-08-02 13:46:00,34.2,6.84
6183,7,2020-08-02 14:01:00,6.3,1.26
6184,9,2020-08-02 14:50:00,10.0,2.0
6185,1,2020-08-02 15:09:00,82.7,16.54
6186,10,2020-08-02 15:53:00,2.2,0.44
6187,8,2020-08-02 16:38:00,11.5,2.3
6188,67,2020-08-02 17:08:00,11.4,2.28
6189,12,2020-08-02 17:41:00,117.8,23.56
6190,4,2020-08-02 18:09:00,11.7,2.34
6191,12,2020-08-02 18:55:00,167.9,33.58
6192,9,2020-08-02 19:21:00,13.5,2.7
6193,13,2020-08-02 19:50:00,8.7,1.74
6194,3,2020-08-02 20:41:00,21.6,4.32
6195,9,2020-08-02 20:52:00,18.8,3.76
6196,12,2020-08-02 20:52:00,163.2,32.64
6197,13,2020-08-02 21:26:00,107.5,21.5
6198,2,2020-08-02 21:43:00,31.1,6.22
6199,10,2020-08-02 22:19:00,23.1,4.62
6200,3,2020-08-02 22:21:00,54.4,10.88
6201,7,2020-08-02 22:48:00,2.4,0.48
6202,10,2020-08-02 22:52:00,140.7,28.14
6203,0,2020-08-03 10:30:00,4.5,0.9
6204,14,2020-08-03 10:49:00,98.2,19.64
6205,7,2020-08-03 11:27:00,23.9,4.78
6206,7,2020-08-03 11:56:00,67.3,13.46
6207,2,2020-08-03 12:25:00,109.1,21.82
6208,6,2020-08-03 12:45:00,2.1,0.42
6209,68,2020-08-03 12:49:00,24.8,4.96
6210,10,2020-08-03 13:41:00,203.3,40.66
6211,13,2020-08-03 13:41:00,59.2,11.84
6212,2,2020-08-03 14:32:00,11.7,2.34
6213,2,2020-08-03 14:44:00,26.7,5.34
6214,1,2020-08-03 15:27:00,61.4,12.28
6215,0,2020-08-03 15:57:00,10.4,2.08
6216,5,2020-08-03 16:56:00,71.6,14.32
6217,12,2020-08-03 17:01:00,11.7,2.34
6218,5,2020-08-03 17:14:00,40.4,8.08
6219,13,2020-08-03 18:08:00,2.1,0.42
6220,1,2020-08-03 18:35:00,53.2,10.64
6221,7,2020-08-03 19:30:00,4.8,0.96
6222,9,2020-08-03 20:11:00,58.7,11.74
6223,12,2020-08-03 20:43:00,11.7,2.34
6224,3,2020-08-03 20:48:00,158.4,31.68
6225,6,2020-08-03 21:02:00,14.1,2.82
6226,8,2020-08-03 21:19:00,73.4,14.68
6227,12,2020-08-03 21:24:00,66.0,13.2
6228,3,2020-08-03 21:58:00,11.6,2.32
6229,3,2020-08-03 22:27:00,20.4,4.08
6230,2,2020-08-04 10:58:00,171.7,34.34
6231,6,2020-08-04 11:07:00,2.1,0.42
6232,6,2020-08-04 11:53:00,57.2,11.44
6233,6,2020-08-04 12:37:00,13.2,2.64
6234,4,2020-08-04 12:38:00,13.8,2.76
6235,13,2020-08-04 13:26:00,2.4,0.48
6236,13,2020-08-04 13:58:00,11.7,2.34
6237,6,2020-08-04 14:04:00,2.1,0.42
6238,12,2020-08-04 14:11:00,13.2,2.64
6239,9,2020-08-04 14:45:00,16.5,3.3
6240,1,2020-08-04 15:04:00,27.6,5.52
6241,3,2020-08-04 15:31:00,18.5,3.7
6242,68,2020-08-04 15:36:00,44.0,8.8
6243,67,2020-08-04 16:05:00,10.6,2.12
6244,1,2020-08-04 16:42:00,112.2,22.44
6245,6,2020-08-04 16:52:00,5.0,1.0
6246,0,2020-08-04 16:55:00,126.0,25.2
6247,2,2020-08-04 17:25:00,7.5,1.5
6248,7,2020-08-04 17:39:00,32.7,6.54
6249,67,2020-08-04 18:04:00,37.6,7.52
6250,14,2020-08-04 19:01:00,51.1,10.22
6251,2,2020-08-04 19:40:00,30.2,6.04
6252,12,2020-08-04 20:32:00,18.4,3.68
6253,5,2020-08-04 21:30:00,124.8,24.96
6254,9,2020-08-04 22:13:00,180.7,36.14
6255,13,2020-08-04 22:23:00,24.6,4.92
6256,68,2020-08-04 22:50:00,64.7,12.94
6257,0,2020-08-05 10:20:00,13.0,2.6
6258,8,2020-08-05 10:25:00,2.4,0.48
6259,2,2020-08-05 10:41:00,59.6,11.92
6260,0,2020-08-05 10:53:00,88.0,17.6
6261,7,2020-08-05 10:59:00,43.5,8.7
6262,6,2020-08-05 11:12:00,132.0,26.4
6263,1,2020-08-05 11:19:00,26.9,5.38
6264,3,2020-08-05 11:55:00,14.9,2.98
6265,13,2020-08-05 12:46:00,25.5,5.1
6266,14,2020-08-05 13:19:00,11.1,2.22
6267,8,2020-08-05 13:43:00,33.6,6.72
6268,7,2020-08-05 14:28:00,14.8,2.96
6269,1,2020-08-05 14:31:00,232.0,46.4
6270,4,2020-08-05 15:30:00,208.7,41.74
6271,4,2020-08-05 16:17:00,20.9,4.18
6272,68,2020-08-05 17:02:00,138.2,27.64
6273,5,2020-08-05 17:49:00,23.9,4.78
6274,3,2020-08-05 17:49:00,54.9,10.98
6275,4,2020-08-05 18:36:00,143.4,28.68
6276,10,2020-08-05 19:31:00,140.9,28.18
6277,3,2020-08-05 19:32:00,113.9,22.78
6278,67,2020-08-05 19:51:00,175.8,35.16
6279,67,2020-08-05 20:02:00,62.4,12.48
6280,12,2020-08-05 20:51:00,48.1,9.62
6281,10,2020-08-05 21:01:00,18.5,3.7
6282,3,2020-08-05 21:27:00,33.3,6.66
6283,7,2020-08-05 22:27:00,17.6,3.52
6284,1,2020-08-05 22:37:00,117.6,23.52
6285,7,2020-08-05 22:50:00,27.0,5.4
6286,8,2020-08-06 10:37:00,69.9,13.98
6287,67,2020-08-06 10:50:00,158.2,31.64
6288,7,2020-08-06 11:34:00,28.2,5.64
6289,67,2020-08-06 11:46:00,15.5,3.1
6290,9,2020-08-06 12:03:00,30.3,6.06
6291,6,2020-08-06 13:01:00,67.6,13.52
6292,2,2020-08-06 13:25:00,167.2,33.44
6293,67,2020-08-06 13:59:00,133.4,26.68
6294,0,2020-08-06 14:14:00,124.6,24.92
6295,6,2020-08-06 14:34:00,111.2,22.24
6296,8,2020-08-06 14:40:00,4.7,0.94
6297,14,2020-08-06 15:11:00,8.0,1.6
6298,3,2020-08-06 15:38:00,74.1,14.82
6299,2,2020-08-06 16:01:00,47.9,9.58
6300,1,2020-08-06 16:30:00,8.7,1.74
6301,6,2020-08-06 16:44:00,10.1,2.02
6302,5,2020-08-06 17:15:00,64.1,12.82
6303,5,2020-08-06 17:56:00,36.8,7.36
6304,12,2020-08-06 18:19:00,13.2,2.64
6305,13,2020-08-06 18:34:00,135.4,27.08
6306,6,2020-08-06 19:20:00,27.1,5.42
6307,3,2020-08-06 19:51:00,57.8,11.56
6308,12,2020-08-06 20:37:00,134.6,26.92
6309,14,2020-08-06 20:59:00,265.6,53.12
6310,3,2020-08-06 21:35:00,23.1,4.62
6311,2,2020-08-06 21:59:00,54.1,10.82
6312,6,2020-08-06 22:15:00,19.7,3.94
6313,67,2020-08-06 22:57:00,55.6,11.12
6314,6,2020-08-07 10:03:00,207.2,41.44
6315,10,2020-08-07 10:06:00,197.6,39.52
6316,7,2020-08-07 10:48:00,158.9,31.78
6317,2,2020-08-07 11:41:00,136.4,27.28
6318,7,2020-08-07 12:28:00,51.5,10.3
6319,4,2020-08-07 13:00:00,44.0,8.8
6320,68,2020-08-07 13:31:00,29.6,5.92
6321,7,2020-08-07 14:23:00,21.0,4.2
6322,10,2020-08-07 14:54:00,21.6,4.32
6323,13,2020-08-07 15:26:00,50.0,10.0
6324,5,2020-08-07 16:14:00,197.0,39.4
6325,5,2020-08-07 16:28:00,126.1,25.22
6326,2,2020-08-07 16:51:00,27.1,5.42
6327,5,2020-08-07 17:29:00,172.3,34.46
6328,9,2020-08-07 18:14:00,27.9,5.58
6329,2,2020-08-07 18:46:00,32.5,6.5
6330,7,2020-08-07 19:16:00,65.9,13.18
6331,68,2020-08-07 19:16:00,17.5,3.5
6332,12,2020-08-07 19:20:00,24.2,4.84
6333,12,2020-08-07 19:37:00,44.0,8.8
6334,67,2020-08-07 19:57:00,11.6,2.32
6335,14,2020-08-07 20:46:00,82.6,16.52
6336,6,2020-08-07 21:15:00,27.8,5.56
6337,10,2020-08-07 21:36:00,52.5,10.5
6338,2,2020-08-07 22:06:00,56.7,11.34
6339,10,2020-08-08 11:00:00,31.2,6.24
6340,8,2020-08-08 11:18:00,38.5,7.7
6341,9,2020-08-08 11:47:00,34.8,6.96
6342,8,2020-08-08 12:08:00,14.1,2.82
6343,4,2020-08-08 12:20:00,11.7,2.34
6344,4,2020-08-08 12:20:00,32.0,6.4
6345,13,2020-08-08 12:40:00,71.1,14.22
6346,12,2020-08-08 13:10:00,14.9,2.98
6347,12,2020-08-08 13:33:00,4.5,0.9
6348,1,2020-08-08 13:46:00,66.5,13.3
6349,9,2020-08-08 14:05:00,119.2,23.84
6350,8,2020-08-08 14:05:00,247.0,49.4
6351,2,2020-08-08 14:24:00,24.6,4.92
6352,67,2020-08-08 14:47:00,15.7,3.14
6353,10,2020-08-08 14:50:00,75.0,15.0
6354,67,2020-08-08 15:16:00,31.3,6.26
6355,3,2020-08-08 15:38:00,12.2,2.44
6356,4,2020-08-08 15:45:00,44.0,8.8
6357,2,2020-08-08 16:11:00,89.5,17.9
6358,8,2020-08-08 16:14:00,110.1,22.02
6359,3,2020-08-08 16:32:00,136.1,27.22
6360,1,2020-08-08 16:53:00,15.4,3.08
6361,13,2020-08-08 17:08:00,4.4,0.88
6362,0,2020-08-08 17:25:00,60.8,12.16
6363,6,2020-08-08 17:33:00,133.8,26.76
6364,12,2020-08-08 17:36:00,120.7,24.14
6365,67,2020-08-08 17:37:00,128.7,25.74
6366,4,2020-08-08 17:53:00,171.2,34.24
6367,14,2020-08-08 17:57:00,115.2,23.04
6368,1,2020-08-08 18:08:00,26.4,5.28
6369,68,2020-08-08 18:08:00,161.6,32.32
6370,9,2020-08-08 18:21:00,118.1,23.62
6371,7,2020-08-08 18:51:00,123.1,24.62
6372,0,2020-08-08 19:03:00,23.2,4.64
6373,9,2020-08-08 19:23:00,145.6,29.12
6374,14,2020-08-08 19:39:00,49.6,9.92
6375,2,2020-08-08 19:41:00,4.6,0.92
6376,4,2020-08-08 19:56:00,31.9,6.38
6377,7,2020-08-08 20:23:00,153.6,30.72
6378,0,2020-08-08 20:50:00,25.7,5.14
6379,68,2020-08-08 21:13:00,91.0,18.2
6380,68,2020-08-08 21:20:00,204.0,40.8
6381,9,2020-08-08 21:40:00,4.8,0.96
6382,4,2020-08-08 21:47:00,168.9,33.78
6383,14,2020-08-08 22:09:00,230.5,46.1
6384,8,2020-08-08 22:38:00,2.4,0.48
6385,12,2020-08-08 22:41:00,78.5,15.7
6386,10,2020-08-09 11:28:00,123.3,24.66
6387,13,2020-08-09 12:13:00,2.4,0.48
6388,14,2020-08-09 12:25:00,11.7,2.34
6389,4,2020-08-09 12:27:00,10.9,2.18
6390,1,2020-08-09 13:04:00,65.0,13.0
6391,67,2020-08-09 13:06:00,20.4,4.08
6392,6,2020-08-09 13:09:00,95.5,19.1
6393,68,2020-08-09 14:08:00,136.7,27.34
6394,9,2020-08-09 14:49:00,2.1,0.42
6395,67,2020-08-09 15:40:00,54.2,10.84
6396,3,2020-08-09 15:52:00,20.7,4.14
6397,8,2020-08-09 16:39:00,8.5,1.7
6398,68,2020-08-09 17:35:00,48.3,9.66
6399,14,2020-08-09 17:52:00,2.1,0.42
6400,10,2020-08-09 18:43:00,10.1,2.02
6401,0,2020-08-09 19:31:00,35.0,7.0
6402,68,2020-08-09 19:43:00,119.2,23.84
6403,68,2020-08-09 20:27:00,277.7,55.54
6404,8,2020-08-09 21:01:00,14.0,2.8
6405,9,2020-08-09 21:16:00,4.8,0.96
6406,4,2020-08-09 21:48:00,2.4,0.48
6407,6,2020-08-09 22:14:00,4.8,0.96
6408,14,2020-08-09 22:43:00,58.0,11.6
6409,6,2020-08-10 10:50:00,27.1,5.42
6410,0,2020-08-10 11:46:00,10.6,2.12
6411,9,2020-08-10 12:27:00,23.2,4.64
6412,2,2020-08-10 12:59:00,18.6,3.72
6413,2,2020-08-10 13:34:00,273.9,54.78
6414,5,2020-08-10 13:45:00,39.8,7.96
6415,0,2020-08-10 14:44:00,88.0,17.6
6416,4,2020-08-10 14:51:00,341.3,68.26
6417,6,2020-08-10 14:54:00,20.8,4.16
6418,10,2020-08-10 15:21:00,45.5,9.1
6419,2,2020-08-10 15:40:00,8.5,1.7
6420,67,2020-08-10 16:39:00,15.1,3.02
6421,5,2020-08-10 17:00:00,13.5,2.7
6422,5,2020-08-10 17:04:00,13.2,2.64
6423,12,2020-08-10 17:54:00,10.9,2.18
6424,14,2020-08-10 18:13:00,93.6,18.72
6425,7,2020-08-10 18:30:00,156.3,31.26
6426,3,2020-08-10 19:07:00,34.9,6.98
6427,10,2020-08-10 19:30:00,20.4,4.08
6428,8,2020-08-10 19:48:00,47.9,9.58
6429,2,2020-08-10 19:48:00,44.0,8.8
6430,0,2020-08-10 20:36:00,120.0,24.0
6431,0,2020-08-10 20:41:00,142.6,28.52
6432,4,2020-08-10 20:57:00,24.7,4.94
6433,7,2020-08-10 21:25:00,5.0,1.0
6434,5,2020-08-10 21:54:00,30.7,6.14
6435,12,2020-08-10 22:20:00,119.7,23.94
6436,8,2020-08-10 22:40:00,116.8,23.36
6437,5,2020-08-11 10:41:00,24.0,4.8
6438,67,2020-08-11 11:12:00,20.6,4.12
6439,8,2020-08-11 11:58:00,10.6,2.12
6440,7,2020-08-11 12:52:00,16.5,3.3
6441,8,2020-08-11 13:21:00,8.0,1.6
6442,6,2020-08-11 14:04:00,16.0,3.2
6443,8,2020-08-11 14:40:00,267.3,53.46
6444,8,2020-08-11 15:26:00,110.1,22.02
6445,2,2020-08-11 16:10:00,91.0,18.2
6446,3,2020-08-11 16:51:00,52.4,10.48
6447,1,2020-08-11 17:48:00,2.4,0.48
6448,68,2020-08-11 18:28:00,13.7,2.74
6449,13,2020-08-11 19:13:00,39.7,7.94
6450,0,2020-08-11 19:32:00,34.2,6.84
6451,14,2020-08-11 19:57:00,2.1,0.42
6452,68,2020-08-11 20:09:00,61.1,12.22
6453,4,2020-08-11 21:02:00,177.0,35.4
6454,0,2020-08-11 21:49:00,30.2,6.04
6455,8,2020-08-11 22:02:00,19.9,3.98
6456,4,2020-08-11 22:36:00,17.7,3.54
6457,68,2020-08-12 10:59:00,68.1,13.62
6458,4,2020-08-12 11:14:00,156.8,31.36
6459,4,2020-08-12 11:39:00,46.9,9.38
6460,2,2020-08-12 12:09:00,124.4,24.88
6461,4,2020-08-12 12:09:00,10.9,2.18
6462,14,2020-08-12 12:09:00,11.7,2.34
6463,12,2020-08-12 12:52:00,62.6,12.52
6464,13,2020-08-12 13:51:00,2.1,0.42
6465,68,2020-08-12 13:59:00,11.4,2.28
6466,13,2020-08-12 14:06:00,15.3,3.06
6467,67,2020-08-12 14:08:00,11.7,2.34
6468,13,2020-08-12 15:05:00,2.1,0.42
6469,12,2020-08-12 15:10:00,2.4,0.48
6470,12,2020-08-12 15:31:00,8.5,1.7
6471,5,2020-08-12 15:51:00,68.6,13.72
6472,3,2020-08-12 16:29:00,135.9,27.18
6473,13,2020-08-12 17:08:00,67.9,13.58
6474,13,2020-08-12 17:15:00,78.5,15.7
6475,9,2020-08-12 17:53:00,25.4,5.08
6476,67,2020-08-12 17:54:00,49.7,9.94
6477,12,2020-08-12 18:24:00,34.9,6.98
6478,5,2020-08-12 18:57:00,45.5,9.1
6479,5,2020-08-12 19:46:00,135.6,27.12
6480,8,2020-08-12 20:14:00,27.4,5.48
6481,68,2020-08-12 20:17:00,82.6,16.52
6482,12,2020-08-12 21:10:00,27.2,5.44
6483,14,2020-08-12 21:39:00,11.4,2.28
6484,6,2020-08-12 22:11:00,2.4,0.48
6485,10,2020-08-12 22:14:00,109.1,21.82
6486,1,2020-08-13 10:58:00,15.3,3.06
6487,13,2020-08-13 11:36:00,34.6,6.92
6488,7,2020-08-13 12:00:00,44.0,8.8
6489,0,2020-08-13 12:40:00,64.5,12.9
6490,2,2020-08-13 13:09:00,2.1,0.42
6491,68,2020-08-13 14:02:00,62.0,12.4
6492,7,2020-08-13 14:10:00,14.9,2.98
6493,2,2020-08-13 15:07:00,68.4,13.68
6494,9,2020-08-13 15:38:00,132.1,26.42
6495,67,2020-08-13 16:24:00,55.1,11.02
6496,12,2020-08-13 16:45:00,162.1,32.42
6497,9,2020-08-13 17:22:00,145.1,29.02
6498,8,2020-08-13 17:42:00,2.4,0.48
6499,9,2020-08-13 18:17:00,17.7,3.54
6500,3,2020-08-13 18:52:00,2.2,0.44
6501,9,2020-08-13 19:44:00,11.4,2.28
6502,0,2020-08-13 20:19:00,51.0,10.2
6503,3,2020-08-13 21:10:00,2.6,0.52
6504,6,2020-08-13 21:47:00,10.1,2.02
6505,5,2020-08-13 21:58:00,25.5,5.1
6506,10,2020-08-13 22:15:00,46.4,9.28
6507,7,2020-08-13 22:27:00,36.1,7.22
6508,5,2020-08-13 22:57:00,15.3,3.06
6509,67,2020-08-14 10:49:00,13.4,2.68
6510,67,2020-08-14 11:41:00,4.2,0.84
6511,13,2020-08-14 12:24:00,8.5,1.7
6512,4,2020-08-14 13:07:00,35.3,7.06
6513,10,2020-08-14 14:01:00,212.5,42.5
6514,4,2020-08-14 14:33:00,133.1,26.62
6515,68,2020-08-14 14:52:00,25.9,5.18
6516,9,2020-08-14 14:55:00,142.1,28.42
6517,4,2020-08-14 15:16:00,58.1,11.62
6518,1,2020-08-14 15:16:00,122.6,24.52
6519,7,2020-08-14 16:15:00,5.6,1.12
6520,6,2020-08-14 16:45:00,10.6,2.12
6521,9,2020-08-14 17:10:00,13.8,2.76
6522,7,2020-08-14 17:42:00,22.5,4.5
6523,68,2020-08-14 18:06:00,50.6,10.12
6524,10,2020-08-14 18:14:00,2.6,0.52
6525,2,2020-08-14 19:11:00,65.9,13.18
6526,14,2020-08-14 19:35:00,36.4,7.28
6527,6,2020-08-14 19:36:00,5.4,1.08
6528,13,2020-08-14 20:13:00,197.9,39.58
6529,67,2020-08-14 21:06:00,27.0,5.4
6530,3,2020-08-14 21:19:00,157.8,31.56
6531,0,2020-08-14 21:31:00,39.5,7.9
6532,0,2020-08-14 21:37:00,124.5,24.9
6533,14,2020-08-14 21:41:00,2.4,0.48
6534,1,2020-08-14 22:40:00,147.6,29.52
6535,68,2020-08-14 22:53:00,20.6,4.12
6536,7,2020-08-15 10:37:00,82.6,16.52
6537,10,2020-08-15 10:55:00,2.4,0.48
6538,67,2020-08-15 10:55:00,74.2,14.84
6539,8,2020-08-15 11:18:00,24.7,4.94
6540,5,2020-08-15 11:36:00,5.0,1.0
6541,3,2020-08-15 11:45:00,18.6,3.72
6542,14,2020-08-15 11:52:00,164.2,32.84
6543,67,2020-08-15 12:08:00,129.2,25.84
6544,4,2020-08-15 12:25:00,44.0,8.8
6545,9,2020-08-15 12:33:00,10.6,2.12
6546,0,2020-08-15 12:44:00,10.6,2.12
6547,0,2020-08-15 13:00:00,23.1,4.62
6548,3,2020-08-15 13:12:00,50.2,10.04
6549,14,2020-08-15 13:21:00,131.3,26.26
6550,1,2020-08-15 13:31:00,35.7,7.14
6551,6,2020-08-15 13:46:00,12.7,2.54
6552,6,2020-08-15 14:16:00,90.4,18.08
6553,10,2020-08-15 14:46:00,5.6,1.12
6554,4,2020-08-15 14:52:00,21.8,4.36
6555,67,2020-08-15 15:03:00,50.9,10.18
6556,12,2020-08-15 15:05:00,48.6,9.72
6557,0,2020-08-15 15:06:00,203.0,40.6
6558,7,2020-08-15 15:34:00,127.9,25.58
6559,13,2020-08-15 15:54:00,116.7,23.34
6560,67,2020-08-15 16:12:00,4.2,0.84
6561,13,2020-08-15 16:18:00,26.6,5.32
6562,13,2020-08-15 16:30:00,46.1,9.22
6563,7,2020-08-15 16:50:00,74.7,14.94
6564,7,2020-08-15 16:59:00,68.8,13.76
6565,5,2020-08-15 17:29:00,22.8,4.56
6566,14,2020-08-15 17:49:00,70.1,14.02
6567,3,2020-08-15 18:16:00,45.5,9.1
6568,67,2020-08-15 18:29:00,140.1,28.02
6569,10,2020-08-15 18:48:00,4.6,0.92
6570,0,2020-08-15 18:52:00,13.1,2.62
6571,68,2020-08-15 18:53:00,67.7,13.54
6572,7,2020-08-15 19:21:00,62.8,12.56
6573,14,2020-08-15 19:35:00,8.0,1.6
6574,12,2020-08-15 19:39:00,308.4,61.68
6575,2,2020-08-15 19:49:00,19.9,3.98
6576,68,2020-08-15 19:56:00,4.5,0.9
6577,14,2020-08-15 20:18:00,13.8,2.76
6578,4,2020-08-15 20:40:00,17.5,3.5
6579,5,2020-08-15 21:00:00,64.2,12.84
6580,68,2020-08-15 21:09:00,13.8,2.76
6581,12,2020-08-15 21:09:00,159.2,31.84
6582,7,2020-08-15 21:32:00,2.6,0.52
6583,10,2020-08-15 21:32:00,124.8,24.96
6584,4,2020-08-15 21:58:00,47.9,9.58
6585,13,2020-08-15 22:15:00,12.2,2.44
6586,9,2020-08-15 22:32:00,50.1,10.02
6587,12,2020-08-15 22:47:00,2.1,0.42
6588,13,2020-08-16 11:20:00,14.8,2.96
6589,10,2020-08-16 11:47:00,11.4,2.28
6590,3,2020-08-16 12:33:00,119.2,23.84
6591,8,2020-08-16 12:55:00,5.4,1.08
6592,68,2020-08-16 13:21:00,2.4,0.48
6593,6,2020-08-16 14:02:00,24.6,4.92
6594,2,2020-08-16 14:51:00,45.8,9.16
6595,7,2020-08-16 14:51:00,375.4,75.08
6596,2,2020-08-16 14:51:00,17.0,3.4
6597,4,2020-08-16 15:49:00,104.4,20.88
6598,0,2020-08-16 16:37:00,24.8,4.96
6599,8,2020-08-16 17:23:00,2.1,0.42
6600,8,2020-08-16 17:24:00,8.7,1.74
6601,10,2020-08-16 17:53:00,255.8,51.16
6602,2,2020-08-16 18:15:00,10.6,2.12
6603,7,2020-08-16 18:55:00,57.2,11.44
6604,67,2020-08-16 18:58:00,15.7,3.14
6605,1,2020-08-16 19:23:00,174.1,34.82
6606,67,2020-08-16 19:24:00,4.2,0.84
6607,7,2020-08-16 19:41:00,2.2,0.44
6608,9,2020-08-16 20:38:00,9.6,1.92
6609,13,2020-08-16 20:49:00,4.3,0.86
6610,13,2020-08-16 21:22:00,54.1,10.82
6611,3,2020-08-16 21:35:00,136.3,27.26
6612,14,2020-08-16 21:41:00,57.5,11.5
6613,8,2020-08-16 22:02:00,14.3,2.86
6614,10,2020-08-16 22:55:00,2.4,0.48
6615,6,2020-08-16 22:57:00,8.5,1.7
6616,13,2020-08-16 22:59:00,2.2,0.44
6617,9,2020-08-17 10:21:00,2.6,0.52
6618,12,2020-08-17 10:40:00,32.7,6.54
6619,10,2020-08-17 11:08:00,4.3,0.86
6620,67,2020-08-17 11:49:00,13.9,2.78
6621,9,2020-08-17 12:15:00,72.1,14.42
6622,10,2020-08-17 12:56:00,119.1,23.82
6623,67,2020-08-17 13:50:00,23.8,4.76
6624,7,2020-08-17 14:01:00,200.9,40.18
6625,3,2020-08-17 14:22:00,46.1,9.22
6626,2,2020-08-17 15:02:00,30.5,6.1
6627,0,2020-08-17 15:10:00,29.1,5.82
6628,2,2020-08-17 15:53:00,123.4,24.68
6629,14,2020-08-17 15:56:00,10.0,2.0
6630,67,2020-08-17 16:48:00,166.3,33.26
6631,10,2020-08-17 16:50:00,156.8,31.36
6632,9,2020-08-17 17:00:00,2.4,0.48
6633,5,2020-08-17 17:09:00,29.0,5.8
6634,2,2020-08-17 17:57:00,26.5,5.3
6635,10,2020-08-17 18:38:00,2.1,0.42
6636,14,2020-08-17 19:23:00,10.8,2.16
6637,13,2020-08-17 19:23:00,109.9,21.98
6638,68,2020-08-17 19:24:00,28.6,5.72
6639,2,2020-08-17 20:00:00,7.1,1.42
6640,13,2020-08-17 20:34:00,62.9,12.58
6641,8,2020-08-17 21:01:00,2.4,0.48
6642,12,2020-08-17 21:51:00,12.7,2.54
6643,9,2020-08-17 22:43:00,2.6,0.52
6644,14,2020-08-17 22:57:00,30.2,6.04
6645,10,2020-08-18 10:35:00,29.5,5.9
6646,5,2020-08-18 10:44:00,25.8,5.16
6647,4,2020-08-18 10:47:00,21.4,4.28
6648,68,2020-08-18 10:47:00,50.9,10.18
6649,0,2020-08-18 10:47:00,7.8,1.56
6650,10,2020-08-18 11:02:00,56.4,11.28
6651,67,2020-08-18 11:13:00,8.5,1.7
6652,5,2020-08-18 11:20:00,144.5,28.9
6653,14,2020-08-18 11:37:00,11.6,2.32
6654,0,2020-08-18 12:11:00,20.9,4.18
6655,0,2020-08-18 12:56:00,46.6,9.32
6656,68,2020-08-18 13:18:00,15.4,3.08
6657,4,2020-08-18 14:13:00,14.7,2.94
6658,2,2020-08-18 14:42:00,14.3,2.86
6659,13,2020-08-18 14:58:00,24.1,4.82
6660,4,2020-08-18 15:27:00,47.7,9.54
6661,68,2020-08-18 15:45:00,61.0,12.2
6662,1,2020-08-18 15:58:00,44.0,8.8
6663,4,2020-08-18 16:13:00,4.5,0.9
6664,5,2020-08-18 16:50:00,10.0,2.0
6665,67,2020-08-18 17:07:00,21.7,4.34
6666,0,2020-08-18 17:46:00,26.1,5.22
6667,5,2020-08-18 17:47:00,68.3,13.66
6668,4,2020-08-18 18:41:00,292.7,58.54
6669,6,2020-08-18 19:10:00,62.7,12.54
6670,10,2020-08-18 19:11:00,25.2,5.04
6671,6,2020-08-18 19:38:00,53.1,10.62
6672,68,2020-08-18 20:28:00,13.3,2.66
6673,7,2020-08-18 20:54:00,10.1,2.02
6674,4,2020-08-18 21:24:00,38.3,7.66
6675,0,2020-08-18 22:24:00,146.6,29.32
6676,6,2020-08-19 10:52:00,2.1,0.42
6677,68,2020-08-19 11:35:00,124.5,24.9
6678,10,2020-08-19 11:38:00,36.5,7.3
6679,7,2020-08-19 11:48:00,120.4,24.08
6680,67,2020-08-19 12:40:00,151.5,30.3
6681,6,2020-08-19 13:40:00,28.5,5.7
6682,0,2020-08-19 13:57:00,10.8,2.16
6683,1,2020-08-19 14:15:00,56.7,11.34
6684,9,2020-08-19 15:11:00,131.7,26.34
6685,67,2020-08-19 16:10:00,81.6,16.32
6686,9,2020-08-19 16:12:00,54.5,10.9
6687,1,2020-08-19 16:43:00,143.0,28.6
6688,0,2020-08-19 17:29:00,18.6,3.72
6689,12,2020-08-19 17:53:00,18.3,3.66
6690,3,2020-08-19 18:07:00,38.4,7.68
6691,10,2020-08-19 19:04:00,2.1,0.42
6692,5,2020-08-19 19:51:00,44.0,8.8
6693,2,2020-08-19 20:25:00,45.5,9.1
6694,6,2020-08-19 20:26:00,24.0,4.8
6695,4,2020-08-19 21:09:00,2.4,0.48
6696,1,2020-08-19 21:48:00,44.0,8.8
6697,5,2020-08-19 22:31:00,8.7,1.74
6698,12,2020-08-19 22:32:00,48.6,9.72
6699,67,2020-08-20 10:50:00,15.6,3.12
6700,2,2020-08-20 10:58:00,142.3,28.46
6701,13,2020-08-20 10:58:00,10.6,2.12
6702,2,2020-08-20 11:07:00,63.9,12.78
6703,13,2020-08-20 11:21:00,46.1,9.22
6704,2,2020-08-20 11:31:00,4.5,0.9
6705,3,2020-08-20 11:37:00,169.4,33.88
6706,3,2020-08-20 11:41:00,18.4,3.68
6707,6,2020-08-20 11:54:00,12.5,2.5
6708,1,2020-08-20 12:07:00,5.4,1.08
6709,12,2020-08-20 12:22:00,42.9,8.58
6710,12,2020-08-20 12:30:00,24.3,4.86
6711,68,2020-08-20 12:31:00,74.5,14.9
6712,68,2020-08-20 12:38:00,103.3,20.66
6713,13,2020-08-20 12:52:00,168.0,33.6
6714,10,2020-08-20 13:05:00,4.6,0.92
6715,67,2020-08-20 13:07:00,14.7,2.94
6716,3,2020-08-20 13:12:00,25.0,5.0
6717,68,2020-08-20 13:18:00,109.9,21.98
6718,9,2020-08-20 13:25:00,23.9,4.78
6719,10,2020-08-20 13:35:00,22.3,4.46
6720,5,2020-08-20 13:47:00,25.4,5.08
6721,8,2020-08-20 14:02:00,32.8,6.56
6722,13,2020-08-20 14:07:00,109.1,21.82
6723,9,2020-08-20 14:09:00,149.7,29.94
6724,6,2020-08-20 14:14:00,24.9,4.98
6725,6,2020-08-20 14:15:00,47.1,9.42
6726,8,2020-08-20 14:25:00,15.1,3.02
6727,10,2020-08-20 14:31:00,402.4,80.48
6728,14,2020-08-20 14:35:00,5.6,1.12
6729,4,2020-08-20 14:42:00,165.2,33.04
6730,10,2020-08-20 14:43:00,13.8,2.76
6731,10,2020-08-20 14:57:00,57.3,11.46
6732,67,2020-08-20 15:03:00,37.4,7.48
6733,14,2020-08-20 15:10:00,16.5,3.3
6734,14,2020-08-20 15:10:00,68.0,13.6
6735,14,2020-08-20 15:20:00,26.3,5.26
6736,2,2020-08-20 15:20:00,113.1,22.62
6737,3,2020-08-20 15:21:00,147.5,29.5
6738,3,2020-08-20 15:33:00,273.1,54.62
6739,12,2020-08-20 15:35:00,16.2,3.24
6740,14,2020-08-20 15:37:00,8.5,1.7
6741,2,2020-08-20 15:44:00,65.2,13.04
6742,4,2020-08-20 15:48:00,28.9,5.78
6743,6,2020-08-20 15:48:00,48.3,9.66
6744,13,2020-08-20 15:59:00,48.4,9.68
6745,12,2020-08-20 16:09:00,25.7,5.14
6746,12,2020-08-20 16:16:00,2.2,0.44
6747,67,2020-08-20 16:26:00,12.5,2.5
6748,9,2020-08-20 16:35:00,4.8,0.96
6749,14,2020-08-20 16:48:00,70.6,14.12
6750,8,2020-08-20 16:52:00,221.3,44.26
6751,7,2020-08-20 16:54:00,145.2,29.04
6752,67,2020-08-20 17:06:00,5.0,1.0
6753,3,2020-08-20 17:11:00,29.1,5.82
6754,8,2020-08-20 17:21:00,2.4,0.48
6755,5,2020-08-20 17:32:00,26.7,5.34
6756,14,2020-08-20 17:37:00,2.2,0.44
6757,0,2020-08-20 17:42:00,116.3,23.26
6758,3,2020-08-20 17:46:00,123.9,24.78
6759,9,2020-08-20 17:59:00,23.8,4.76
6760,7,2020-08-20 18:07:00,74.6,14.92
6761,67,2020-08-20 18:22:00,56.5,11.3
6762,5,2020-08-20 18:30:00,21.7,4.34
6763,7,2020-08-20 18:32:00,231.9,46.38
6764,13,2020-08-20 18:40:00,23.9,4.78
6765,9,2020-08-20 18:54:00,21.3,4.26
6766,3,2020-08-20 18:58:00,274.5,54.9
6767,14,2020-08-20 19:06:00,57.2,11.44
6768,14,2020-08-20 19:13:00,14.9,2.98
6769,12,2020-08-20 19:26:00,13.2,2.64
6770,67,2020-08-20 19:30:00,21.6,4.32
6771,7,2020-08-20 19:35:00,12.2,2.44
6772,13,2020-08-20 19:36:00,138.5,27.7
6773,67,2020-08-20 19:43:00,10.7,2.14
6774,4,2020-08-20 19:50:00,23.7,4.74
6775,8,2020-08-20 20:03:00,127.2,25.44
6776,3,2020-08-20 20:07:00,23.4,4.68
6777,10,2020-08-20 20:12:00,67.4,13.48
6778,1,2020-08-20 20:16:00,170.5,34.1
6779,8,2020-08-20 20:25:00,12.5,2.5
6780,14,2020-08-20 20:27:00,118.4,23.68
6781,68,2020-08-20 20:28:00,132.1,26.42
6782,6,2020-08-20 20:43:00,66.8,13.36
6783,67,2020-08-20 20:49:00,32.8,6.56
6784,4,2020-08-20 21:01:00,26.7,5.34
6785,67,2020-08-20 21:12:00,12.5,2.5
6786,2,2020-08-20 21:12:00,49.4,9.88
6787,12,2020-08-20 21:12:00,110.7,22.14
6788,1,2020-08-20 21:25:00,269.2,53.84
6789,13,2020-08-20 21:37:00,73.4,14.68
6790,3,2020-08-20 21:48:00,277.7,55.54
6791,1,2020-08-20 22:03:00,113.1,22.62
6792,1,2020-08-20 22:10:00,113.7,22.74
6793,2,2020-08-20 22:16:00,5.6,1.12
6794,7,2020-08-20 22:30:00,108.1,21.62
6795,68,2020-08-20 22:42:00,45.5,9.1
6796,10,2020-08-20 22:47:00,23.3,4.66
6797,67,2020-08-20 22:50:00,128.2,25.64
6798,10,2020-08-20 22:50:00,6.9,1.38
6799,6,2020-08-20 22:59:00,10.8,2.16
6800,68,2020-08-21 10:12:00,50.0,10.0
6801,0,2020-08-21 10:22:00,284.7,56.94
6802,12,2020-08-21 11:22:00,18.0,3.6
6803,0,2020-08-21 12:14:00,2.1,0.42
6804,67,2020-08-21 12:56:00,44.0,8.8
6805,5,2020-08-21 13:12:00,24.4,4.88
6806,10,2020-08-21 13:30:00,2.1,0.42
6807,4,2020-08-21 13:46:00,4.3,0.86
6808,1,2020-08-21 13:55:00,168.6,33.72
6809,12,2020-08-21 14:11:00,44.0,8.8
6810,2,2020-08-21 15:11:00,34.2,6.84
6811,4,2020-08-21 15:46:00,15.2,3.04
6812,67,2020-08-21 15:50:00,2.1,0.42
6813,12,2020-08-21 16:30:00,47.0,9.4
6814,2,2020-08-21 16:55:00,225.1,45.02
6815,7,2020-08-21 16:56:00,22.6,4.52
6816,4,2020-08-21 17:50:00,27.9,5.58
6817,68,2020-08-21 18:21:00,8.5,1.7
6818,7,2020-08-21 19:20:00,2.4,0.48
6819,4,2020-08-21 19:53:00,75.1,15.02
6820,14,2020-08-21 19:53:00,128.2,25.64
6821,7,2020-08-21 20:53:00,58.0,11.6
6822,1,2020-08-21 21:49:00,15.9,3.18
6823,13,2020-08-21 21:50:00,13.0,2.6
6824,0,2020-08-21 22:21:00,202.6,40.52
6825,3,2020-08-21 22:21:00,391.9,78.38
6826,12,2020-08-21 22:45:00,123.3,24.66
6827,6,2020-08-22 10:58:00,118.8,23.76
6828,8,2020-08-22 11:03:00,154.5,30.9
6829,6,2020-08-22 11:29:00,24.4,4.88
6830,1,2020-08-22 11:43:00,10.8,2.16
6831,10,2020-08-22 11:53:00,189.4,37.88
6832,13,2020-08-22 11:56:00,46.1,9.22
6833,68,2020-08-22 12:11:00,90.1,18.02
6834,8,2020-08-22 12:22:00,40.9,8.18
6835,4,2020-08-22 12:23:00,105.1,21.02
6836,67,2020-08-22 12:40:00,53.0,10.6
6837,1,2020-08-22 12:44:00,24.8,4.96
6838,0,2020-08-22 13:07:00,19.6,3.92
6839,6,2020-08-22 13:35:00,135.4,27.08
6840,9,2020-08-22 13:43:00,174.7,34.94
6841,13,2020-08-22 13:55:00,97.0,19.4
6842,14,2020-08-22 14:14:00,8.5,1.7
6843,8,2020-08-22 14:18:00,18.5,3.7
6844,6,2020-08-22 14:29:00,124.7,24.94
6845,9,2020-08-22 14:59:00,62.3,12.46
6846,3,2020-08-22 15:08:00,160.1,32.02
6847,2,2020-08-22 15:15:00,10.6,2.12
6848,4,2020-08-22 15:18:00,17.7,3.54
6849,1,2020-08-22 15:24:00,2.2,0.44
6850,6,2020-08-22 15:26:00,11.6,2.32
6851,4,2020-08-22 15:43:00,8.5,1.7
6852,5,2020-08-22 15:51:00,9.4,1.88
6853,14,2020-08-22 16:02:00,17.9,3.58
6854,12,2020-08-22 16:12:00,79.4,15.88
6855,9,2020-08-22 16:29:00,10.9,2.18
6856,8,2020-08-22 16:55:00,61.8,12.36
6857,12,2020-08-22 16:59:00,62.9,12.58
6858,0,2020-08-22 17:23:00,47.1,9.42
6859,1,2020-08-22 17:49:00,8.5,1.7
6860,14,2020-08-22 18:13:00,10.0,2.0
6861,4,2020-08-22 18:16:00,56.9,11.38
6862,3,2020-08-22 18:27:00,288.5,57.7
6863,1,2020-08-22 18:38:00,13.8,2.76
6864,4,2020-08-22 19:05:00,74.7,14.94
6865,67,2020-08-22 19:15:00,418.4,83.68
6866,67,2020-08-22 19:16:00,2.4,0.48
6867,3,2020-08-22 19:43:00,211.1,42.22
6868,1,2020-08-22 19:56:00,4.5,0.9
6869,12,2020-08-22 20:22:00,108.0,21.6
6870,13,2020-08-22 20:36:00,149.1,29.82
6871,10,2020-08-22 21:05:00,208.1,41.62
6872,4,2020-08-22 21:09:00,15.9,3.18
6873,3,2020-08-22 21:17:00,4.5,0.9
6874,6,2020-08-22 21:34:00,12.7,2.54
6875,0,2020-08-22 21:48:00,197.6,39.52
6876,6,2020-08-22 21:55:00,208.1,41.62
6877,3,2020-08-22 22:23:00,44.4,8.88
6878,4,2020-08-22 22:48:00,24.1,4.82
6879,5,2020-08-22 22:57:00,17.4,3.48
6880,68,2020-08-23 11:11:00,16.5,3.3
6881,68,2020-08-23 11:43:00,331.6,66.32
6882,8,2020-08-23 11:59:00,7.1,1.42
6883,67,2020-08-23 12:33:00,4.5,0.9
6884,1,2020-08-23 13:27:00,128.6,25.72
6885,3,2020-08-23 13:48:00,14.3,2.86
6886,1,2020-08-23 14:14:00,67.2,13.44
6887,9,2020-08-23 14:45:00,2.1,0.42
6888,7,2020-08-23 15:33:00,145.1,29.02
6889,2,2020-08-23 16:29:00,24.5,4.9
6890,14,2020-08-23 16:45:00,71.9,14.38
6891,0,2020-08-23 17:45:00,66.9,13.38
6892,5,2020-08-23 18:10:00,32.7,6.54
6893,0,2020-08-23 18:56:00,44.0,8.8
6894,10,2020-08-23 19:45:00,23.0,4.6
6895,14,2020-08-23 19:52:00,14.5,2.9
6896,14,2020-08-23 20:01:00,10.6,2.12
6897,1,2020-08-23 20:10:00,5.4,1.08
6898,8,2020-08-23 20:47:00,113.3,22.66
6899,12,2020-08-23 21:28:00,9.4,1.88
6900,10,2020-08-23 22:03:00,44.0,8.8
6901,7,2020-08-23 22:30:00,151.2,30.24
6902,12,2020-08-24 10:54:00,58.0,11.6
6903,0,2020-08-24 11:22:00,2.2,0.44
6904,2,2020-08-24 12:13:00,19.4,3.88
6905,68,2020-08-24 12:22:00,55.7,11.14
6906,7,2020-08-24 12:44:00,58.6,11.72
6907,67,2020-08-24 13:13:00,36.3,7.26
6908,6,2020-08-24 13:39:00,20.2,4.04
6909,4,2020-08-24 14:00:00,112.9,22.58
6910,1,2020-08-24 14:26:00,2.1,0.42
6911,9,2020-08-24 14:41:00,20.3,4.06
6912,10,2020-08-24 14:53:00,12.7,2.54
6913,12,2020-08-24 15:17:00,145.4,29.08
6914,68,2020-08-24 16:11:00,19.7,3.94
6915,14,2020-08-24 17:00:00,2.4,0.48
6916,5,2020-08-24 17:16:00,54.1,10.82
6917,68,2020-08-24 17:28:00,112.7,22.54
6918,67,2020-08-24 17:58:00,25.9,5.18
6919,1,2020-08-24 18:25:00,2.4,0.48
6920,5,2020-08-24 19:04:00,20.4,4.08
6921,10,2020-08-24 19:47:00,2.1,0.42
6922,1,2020-08-24 20:03:00,18.4,3.68
6923,12,2020-08-24 20:46:00,15.7,3.14
6924,0,2020-08-24 21:15:00,62.1,12.42
6925,10,2020-08-24 21:31:00,135.4,27.08
6926,10,2020-08-24 21:33:00,432.9,86.58
6927,10,2020-08-24 21:46:00,24.2,4.84
6928,68,2020-08-24 21:59:00,23.3,4.66
6929,3,2020-08-24 22:48:00,66.6,13.32
6930,67,2020-08-25 10:13:00,35.4,7.08
6931,12,2020-08-25 10:25:00,55.1,11.02
6932,9,2020-08-25 10:28:00,64.9,12.98
6933,7,2020-08-25 10:39:00,44.0,8.8
6934,13,2020-08-25 11:30:00,10.1,2.02
6935,14,2020-08-25 11:44:00,51.7,10.34
6936,9,2020-08-25 12:03:00,4.2,0.84
6937,13,2020-08-25 12:38:00,125.4,25.08
6938,4,2020-08-25 13:27:00,24.1,4.82
6939,67,2020-08-25 14:11:00,29.9,5.98
6940,6,2020-08-25 14:30:00,26.1,5.22
6941,1,2020-08-25 15:02:00,25.5,5.1
6942,5,2020-08-25 15:30:00,11.7,2.34
6943,6,2020-08-25 16:14:00,5.0,1.0
6944,12,2020-08-25 16:24:00,23.1,4.62
6945,7,2020-08-25 17:23:00,255.1,51.02
6946,4,2020-08-25 18:22:00,13.2,2.64
6947,12,2020-08-25 18:40:00,2.1,0.42
6948,9,2020-08-25 19:11:00,12.3,2.46
6949,5,2020-08-25 19:43:00,62.9,12.58
6950,8,2020-08-25 20:01:00,167.7,33.54
6951,5,2020-08-25 20:07:00,8.7,1.74
6952,8,2020-08-25 21:05:00,84.6,16.92
6953,0,2020-08-25 21:58:00,2.1,0.42
6954,8,2020-08-25 22:43:00,14.0,2.8
6955,4,2020-08-25 22:43:00,62.5,12.5
6956,12,2020-08-26 11:00:00,27.1,5.42
6957,1,2020-08-26 11:08:00,41.0,8.2
6958,10,2020-08-26 11:21:00,43.3,8.66
6959,7,2020-08-26 11:31:00,223.2,44.64
6960,7,2020-08-26 12:05:00,22.6,4.52
6961,7,2020-08-26 13:05:00,2.4,0.48
6962,2,2020-08-26 13:41:00,135.2,27.04
6963,5,2020-08-26 14:06:00,82.7,16.54
6964,14,2020-08-26 14:24:00,123.1,24.62
6965,68,2020-08-26 14:43:00,406.4,81.28
6966,3,2020-08-26 15:41:00,126.1,25.22
6967,4,2020-08-26 16:19:00,29.1,5.82
6968,10,2020-08-26 16:27:00,34.7,6.94
6969,13,2020-08-26 17:08:00,59.4,11.88
6970,14,2020-08-26 18:06:00,148.2,29.64
6971,4,2020-08-26 18:06:00,6.6,1.32
6972,1,2020-08-26 18:18:00,129.3,25.86
6973,0,2020-08-26 18:51:00,17.0,3.4
6974,13,2020-08-26 19:22:00,23.1,4.62
6975,13,2020-08-26 19:57:00,26.7,5.34
6976,4,2020-08-26 20:29:00,44.0,8.8
6977,6,2020-08-26 21:03:00,2.6,0.52
6978,12,2020-08-26 21:08:00,20.2,4.04
6979,3,2020-08-26 21:18:00,68.0,13.6
6980,5,2020-08-26 21:21:00,26.2,5.24
6981,67,2020-08-26 21:26:00,22.2,4.44
6982,2,2020-08-26 21:51:00,70.3,14.06
6983,14,2020-08-26 22:47:00,2.4,0.48
6984,3,2020-08-27 10:45:00,144.5,28.9
6985,14,2020-08-27 11:34:00,107.3,21.46
6986,13,2020-08-27 11:52:00,125.3,25.06
6987,9,2020-08-27 12:51:00,109.1,21.82
6988,0,2020-08-27 13:40:00,230.4,46.08
6989,2,2020-08-27 13:49:00,109.1,21.82
6990,0,2020-08-27 14:03:00,14.5,2.9
6991,1,2020-08-27 14:42:00,9.1,1.82
6992,1,2020-08-27 15:34:00,20.1,4.02
6993,7,2020-08-27 16:26:00,20.7,4.14
6994,6,2020-08-27 16:45:00,27.2,5.44
6995,67,2020-08-27 17:32:00,74.1,14.82
6996,68,2020-08-27 18:30:00,199.2,39.84
6997,2,2020-08-27 19:05:00,129.9,25.98
6998,7,2020-08-27 20:03:00,67.2,13.44
6999,67,2020-08-27 20:08:00,4.6,0.92
7000,0,2020-08-27 20:27:00,4.5,0.9
7001,1,2020-08-27 21:13:00,16.5,3.3
7002,10,2020-08-27 21:18:00,211.9,42.38
7003,14,2020-08-27 22:14:00,146.9,29.38
7004,14,2020-08-28 10:55:00,8.7,1.74
7005,1,2020-08-28 11:41:00,46.1,9.22
7006,13,2020-08-28 11:52:00,157.7,31.54
7007,2,2020-08-28 12:17:00,111.2,22.24
7008,68,2020-08-28 12:18:00,50.5,10.1
7009,0,2020-08-28 12:18:00,8.0,1.6
7010,2,2020-08-28 12:27:00,12.6,2.52
7011,3,2020-08-28 13:02:00,2.1,0.42
7012,0,2020-08-28 13:58:00,62.6,12.52
7013,0,2020-08-28 14:33:00,2.4,0.48
7014,13,2020-08-28 15:10:00,2.1,0.42
7015,12,2020-08-28 15:11:00,15.0,3.0
7016,67,2020-08-28 15:45:00,68.3,13.66
7017,68,2020-08-28 16:43:00,59.2,11.84
7018,67,2020-08-28 16:52:00,11.7,2.34
7019,6,2020-08-28 17:50:00,163.1,32.62
7020,2,2020-08-28 18:06:00,48.9,9.78
7021,68,2020-08-28 18:36:00,59.2,11.84
7022,4,2020-08-28 19:13:00,2.6,0.52
7023,68,2020-08-28 19:26:00,298.9,59.78
7024,3,2020-08-28 19:50:00,51.4,10.28
7025,68,2020-08-28 20:39:00,11.6,2.32
7026,5,2020-08-28 21:35:00,24.6,4.92
7027,6,2020-08-28 21:42:00,53.4,10.68
7028,68,2020-08-28 21:44:00,4.6,0.92
7029,68,2020-08-28 22:10:00,117.1,23.42
7030,3,2020-08-29 10:54:00,212.1,42.42
7031,13,2020-08-29 11:24:00,70.0,14.0
7032,68,2020-08-29 11:39:00,4.6,0.92
7033,68,2020-08-29 11:45:00,7.2,1.44
7034,5,2020-08-29 11:50:00,12.5,2.5
7035,13,2020-08-29 11:59:00,135.6,27.12
7036,12,2020-08-29 12:08:00,25.9,5.18
7037,10,2020-08-29 12:14:00,122.0,24.4
7038,8,2020-08-29 12:43:00,131.3,26.26
7039,0,2020-08-29 12:43:00,19.8,3.96
7040,8,2020-08-29 12:52:00,126.1,25.22
7041,1,2020-08-29 13:04:00,10.6,2.12
7042,4,2020-08-29 13:19:00,255.2,51.04
7043,6,2020-08-29 13:46:00,63.5,12.7
7044,13,2020-08-29 13:54:00,2.4,0.48
7045,1,2020-08-29 14:11:00,45.5,9.1
7046,9,2020-08-29 14:23:00,128.6,25.72
7047,68,2020-08-29 14:25:00,67.7,13.54
7048,9,2020-08-29 14:50:00,15.5,3.1
7049,0,2020-08-29 14:51:00,16.6,3.32
7050,14,2020-08-29 14:54:00,50.7,10.14
7051,8,2020-08-29 15:14:00,4.5,0.9
7052,67,2020-08-29 15:18:00,6.9,1.38
7053,5,2020-08-29 15:35:00,46.2,9.24
7054,10,2020-08-29 15:54:00,15.6,3.12
7055,10,2020-08-29 16:04:00,17.2,3.44
7056,4,2020-08-29 16:30:00,2.4,0.48
7057,12,2020-08-29 16:51:00,10.1,2.02
7058,2,2020-08-29 17:13:00,7.7,1.54
7059,9,2020-08-29 17:21:00,2.1,0.42
7060,3,2020-08-29 17:44:00,31.4,6.28
7061,1,2020-08-29 17:49:00,16.5,3.3
7062,68,2020-08-29 18:04:00,12.2,2.44
7063,2,2020-08-29 18:06:00,14.0,2.8
7064,3,2020-08-29 18:14:00,16.4,3.28
7065,68,2020-08-29 18:31:00,123.3,24.66
7066,9,2020-08-29 18:50:00,97.7,19.54
7067,9,2020-08-29 19:01:00,12.2,2.44
7068,5,2020-08-29 19:26:00,4.5,0.9
7069,0,2020-08-29 19:53:00,40.0,8.0
7070,10,2020-08-29 20:23:00,18.6,3.72
7071,12,2020-08-29 20:23:00,56.3,11.26
7072,14,2020-08-29 20:53:00,13.1,2.62
7073,14,2020-08-29 21:10:00,143.0,28.6
7074,9,2020-08-29 21:38:00,12.4,2.48
7075,9,2020-08-29 21:38:00,8.7,1.74
7076,13,2020-08-29 22:04:00,22.4,4.48
7077,8,2020-08-29 22:29:00,16.8,3.36
7078,1,2020-08-29 22:53:00,34.1,6.82
7079,67,2020-08-30 11:25:00,12.5,2.5
7080,0,2020-08-30 11:41:00,10.9,2.18
7081,4,2020-08-30 11:52:00,201.2,40.24
7082,14,2020-08-30 12:49:00,8.5,1.7
7083,1,2020-08-30 13:16:00,39.0,7.8
7084,68,2020-08-30 13:34:00,18.3,3.66
7085,2,2020-08-30 14:27:00,25.3,5.06
7086,14,2020-08-30 14:44:00,58.1,11.62
7087,10,2020-08-30 15:33:00,12.3,2.46
7088,5,2020-08-30 15:58:00,149.6,29.92
7089,7,2020-08-30 16:01:00,287.5,57.5
7090,0,2020-08-30 16:08:00,25.5,5.1
7091,12,2020-08-30 16:39:00,24.2,4.84
7092,3,2020-08-30 16:48:00,13.2,2.64
7093,9,2020-08-30 17:14:00,33.7,6.74
7094,2,2020-08-30 17:17:00,18.5,3.7
7095,6,2020-08-30 18:16:00,14.1,2.82
7096,12,2020-08-30 19:07:00,101.1,20.22
7097,4,2020-08-30 19:48:00,112.8,22.56
7098,14,2020-08-30 20:33:00,167.7,33.54
7099,67,2020-08-30 21:03:00,8.5,1.7
7100,5,2020-08-30 21:06:00,73.4,14.68
7101,3,2020-08-30 21:52:00,67.6,13.52
7102,8,2020-08-30 22:49:00,379.6,75.92
7103,2,2020-08-31 10:55:00,94.8,18.96
7104,12,2020-08-31 11:40:00,164.9,32.98
7105,5,2020-08-31 11:56:00,10.1,2.02
7106,67,2020-08-31 12:11:00,141.6,28.32
7107,6,2020-08-31 12:24:00,237.3,47.46
7108,67,2020-08-31 13:13:00,28.0,5.6
7109,67,2020-08-31 13:45:00,31.8,6.36
7110,1,2020-08-31 14:28:00,32.1,6.42
7111,8,2020-08-31 14:59:00,2.4,0.48
7112,68,2020-08-31 15:08:00,88.0,17.6
7113,6,2020-08-31 16:02:00,2.4,0.48
7114,9,2020-08-31 16:48:00,169.2,33.84
7115,4,2020-08-31 16:57:00,153.1,30.62
7116,7,2020-08-31 17:03:00,29.5,5.9
7117,5,2020-08-31 17:04:00,143.0,28.6
7118,13,2020-08-31 17:22:00,21.5,4.3
7119,10,2020-08-31 18:09:00,17.7,3.54
7120,10,2020-08-31 18:37:00,128.5,25.7
7121,6,2020-08-31 19:28:00,48.5,9.7
7122,12,2020-08-31 20:16:00,159.9,31.98
7123,6,2020-08-31 20:51:00,195.0,39.0
7124,0,2020-08-31 21:19:00,8.7,1.74
7125,6,2020-08-31 22:10:00,8.5,1.7
7126,1,2020-08-31 22:19:00,116.7,23.34
7127,14,2020-09-01 10:51:00,21.6,4.32
7128,13,2020-09-01 11:27:00,7.4,1.48
7129,5,2020-09-01 12:13:00,8.9,1.78
7130,6,2020-09-01 13:13:00,46.1,9.22
7131,0,2020-09-01 14:12:00,61.3,12.26
7132,10,2020-09-01 14:14:00,2.1,0.42
7133,3,2020-09-01 14:27:00,10.1,2.02
7134,14,2020-09-01 14:43:00,12.7,2.54
7135,3,2020-09-01 14:51:00,168.7,33.74
7136,67,2020-09-01 15:37:00,5.6,1.12
7137,8,2020-09-01 16:10:00,57.9,11.58
7138,67,2020-09-01 17:00:00,16.2,3.24
7139,67,2020-09-01 17:28:00,137.8,27.56
7140,1,2020-09-01 18:19:00,30.2,6.04
7141,7,2020-09-01 18:50:00,47.6,9.52
7142,8,2020-09-01 18:56:00,2.4,0.48
7143,7,2020-09-01 18:59:00,2.6,0.52
7144,8,2020-09-01 19:37:00,21.2,4.24
7145,68,2020-09-01 20:30:00,92.5,18.5
7146,5,2020-09-01 20:31:00,13.8,2.76
7147,5,2020-09-01 21:21:00,11.7,2.34
7148,5,2020-09-01 21:56:00,4.6,0.92
7149,3,2020-09-01 22:19:00,37.9,7.58
7150,9,2020-09-01 22:29:00,4.6,0.92
7151,0,2020-09-02 10:43:00,4.8,0.96
7152,14,2020-09-02 11:36:00,8.5,1.7
7153,12,2020-09-02 11:52:00,130.9,26.18
7154,10,2020-09-02 12:24:00,39.7,7.94
7155,13,2020-09-02 12:48:00,71.3,14.26
7156,3,2020-09-02 13:20:00,26.2,5.24
7157,8,2020-09-02 14:02:00,193.3,38.66
7158,12,2020-09-02 14:55:00,124.7,24.94
7159,9,2020-09-02 15:32:00,14.6,2.92
7160,4,2020-09-02 16:17:00,2.4,0.48
7161,67,2020-09-02 16:24:00,86.0,17.2
7162,10,2020-09-02 17:21:00,60.9,12.18
7163,7,2020-09-02 18:15:00,52.0,10.4
7164,67,2020-09-02 18:31:00,48.2,9.64
7165,7,2020-09-02 18:31:00,2.4,0.48
7166,68,2020-09-02 18:44:00,22.3,4.46
7167,4,2020-09-02 19:20:00,7.6,1.52
7168,12,2020-09-02 19:26:00,13.0,2.6
7169,7,2020-09-02 19:31:00,25.1,5.02
7170,3,2020-09-02 20:12:00,2.4,0.48
7171,12,2020-09-02 20:13:00,18.2,3.64
7172,13,2020-09-02 20:39:00,15.9,3.18
7173,10,2020-09-02 20:46:00,13.2,2.64
7174,5,2020-09-02 20:50:00,31.6,6.32
7175,0,2020-09-02 20:53:00,170.9,34.18
7176,7,2020-09-02 21:51:00,164.8,32.96
7177,9,2020-09-02 22:34:00,266.2,53.24
7178,2,2020-09-02 22:57:00,24.2,4.84
7179,68,2020-09-03 10:12:00,130.7,26.14
7180,9,2020-09-03 10:58:00,24.0,4.8
7181,12,2020-09-03 11:50:00,55.6,11.12
7182,8,2020-09-03 12:11:00,28.7,5.74
7183,2,2020-09-03 12:48:00,113.7,22.74
7184,68,2020-09-03 13:13:00,13.0,2.6
7185,7,2020-09-03 13:27:00,2.1,0.42
7186,5,2020-09-03 13:55:00,30.5,6.1
7187,7,2020-09-03 14:28:00,191.5,38.3
7188,67,2020-09-03 14:57:00,11.6,2.32
7189,7,2020-09-03 15:35:00,7.5,1.5
7190,9,2020-09-03 16:01:00,2.2,0.44
7191,5,2020-09-03 16:23:00,24.2,4.84
7192,9,2020-09-03 16:42:00,377.1,75.42
7193,5,2020-09-03 17:12:00,308.1,61.62
7194,8,2020-09-03 17:20:00,67.7,13.54
7195,8,2020-09-03 17:53:00,300.2,60.04
7196,1,2020-09-03 18:27:00,4.5,0.9
7197,8,2020-09-03 18:31:00,64.2,12.84
7198,6,2020-09-03 19:04:00,43.1,8.62
7199,67,2020-09-03 19:19:00,30.2,6.04
7200,13,2020-09-03 20:08:00,17.4,3.48
7201,0,2020-09-03 21:05:00,75.8,15.16
7202,9,2020-09-03 21:39:00,2.4,0.48
7203,13,2020-09-03 21:59:00,12.5,2.5
7204,10,2020-09-03 22:17:00,228.1,45.62
7205,5,2020-09-04 10:48:00,105.3,21.06
7206,67,2020-09-04 11:11:00,209.0,41.8
7207,9,2020-09-04 11:19:00,12.2,2.44
7208,12,2020-09-04 11:56:00,2.2,0.44
7209,7,2020-09-04 12:24:00,138.7,27.74
7210,14,2020-09-04 13:00:00,4.6,0.92
7211,12,2020-09-04 13:11:00,134.3,26.86
7212,67,2020-09-04 13:56:00,75.2,15.04
7213,5,2020-09-04 14:49:00,7.4,1.48
7214,14,2020-09-04 15:32:00,123.9,24.78
7215,2,2020-09-04 16:29:00,6.8,1.36
7216,2,2020-09-04 16:32:00,119.0,23.8
7217,3,2020-09-04 17:11:00,10.1,2.02
7218,68,2020-09-04 17:20:00,81.2,16.24
7219,14,2020-09-04 18:10:00,2.1,0.42
7220,67,2020-09-04 18:39:00,2.6,0.52
7221,7,2020-09-04 19:01:00,66.7,13.34
7222,8,2020-09-04 19:29:00,107.5,21.5
7223,9,2020-09-04 19:45:00,25.8,5.16
7224,2,2020-09-04 20:13:00,159.7,31.94
7225,10,2020-09-04 20:55:00,9.7,1.94
7226,13,2020-09-04 20:56:00,33.3,6.66
7227,67,2020-09-04 21:23:00,13.8,2.76
7228,67,2020-09-04 21:43:00,8.5,1.7
7229,10,2020-09-04 21:53:00,158.9,31.78
7230,5,2020-09-04 22:45:00,284.0,56.8
7231,0,2020-09-05 10:52:00,18.5,3.7
7232,3,2020-09-05 11:19:00,187.0,37.4
7233,5,2020-09-05 11:47:00,8.5,1.7
7234,1,2020-09-05 11:53:00,158.6,31.72
7235,68,2020-09-05 12:02:00,17.0,3.4
7236,0,2020-09-05 12:08:00,2.1,0.42
7237,14,2020-09-05 12:22:00,144.5,28.9
7238,4,2020-09-05 12:23:00,40.8,8.16
7239,3,2020-09-05 12:27:00,123.8,24.76
7240,9,2020-09-05 12:48:00,113.1,22.62
7241,12,2020-09-05 12:52:00,167.1,33.42
7242,10,2020-09-05 13:17:00,27.3,5.46
7243,10,2020-09-05 13:26:00,108.7,21.74
7244,14,2020-09-05 13:44:00,112.2,22.44
7245,8,2020-09-05 14:00:00,64.6,12.92
7246,1,2020-09-05 14:08:00,13.5,2.7
7247,9,2020-09-05 14:37:00,10.1,2.02
7248,3,2020-09-05 15:04:00,13.2,2.64
7249,0,2020-09-05 15:13:00,2.1,0.42
7250,0,2020-09-05 15:19:00,258.5,51.7
7251,13,2020-09-05 15:44:00,157.4,31.48
7252,3,2020-09-05 15:50:00,4.5,0.9
7253,2,2020-09-05 15:51:00,22.6,4.52
7254,8,2020-09-05 16:12:00,11.0,2.2
7255,5,2020-09-05 16:17:00,28.7,5.74
7256,67,2020-09-05 16:43:00,13.8,2.76
7257,13,2020-09-05 17:00:00,27.4,5.48
7258,9,2020-09-05 17:08:00,2.4,0.48
7259,7,2020-09-05 17:32:00,2.4,0.48
7260,10,2020-09-05 17:41:00,120.2,24.04
7261,1,2020-09-05 17:44:00,143.0,28.6
7262,10,2020-09-05 18:01:00,48.6,9.72
7263,68,2020-09-05 18:25:00,124.7,24.94
7264,3,2020-09-05 18:34:00,59.3,11.86
7265,4,2020-09-05 18:49:00,2.4,0.48
7266,2,2020-09-05 18:58:00,49.4,9.88
7267,10,2020-09-05 19:10:00,24.9,4.98
7268,14,2020-09-05 19:34:00,21.3,4.26
7269,3,2020-09-05 20:04:00,13.8,2.76
7270,5,2020-09-05 20:18:00,60.2,12.04
7271,8,2020-09-05 20:18:00,16.5,3.3
7272,6,2020-09-05 20:47:00,121.6,24.32
7273,4,2020-09-05 21:10:00,2.1,0.42
7274,68,2020-09-05 21:38:00,111.2,22.24
7275,8,2020-09-05 21:55:00,54.0,10.8
7276,4,2020-09-05 22:14:00,47.6,9.52
7277,12,2020-09-05 22:18:00,8.5,1.7
7278,3,2020-09-05 22:33:00,2.4,0.48
7279,3,2020-09-05 22:33:00,15.7,3.14
7280,4,2020-09-06 11:30:00,10.9,2.18
7281,8,2020-09-06 12:15:00,28.9,5.78
7282,4,2020-09-06 12:24:00,164.7,32.94
7283,6,2020-09-06 13:07:00,10.7,2.14
7284,68,2020-09-06 13:27:00,71.5,14.3
7285,0,2020-09-06 14:12:00,15.6,3.12
7286,67,2020-09-06 15:04:00,44.0,8.8
7287,5,2020-09-06 15:32:00,15.3,3.06
7288,10,2020-09-06 15:58:00,72.4,14.48
7289,5,2020-09-06 16:26:00,168.6,33.72
7290,14,2020-09-06 17:00:00,50.2,10.04
7291,13,2020-09-06 17:27:00,21.8,4.36
7292,67,2020-09-06 17:57:00,9.6,1.92
7293,0,2020-09-06 18:33:00,20.7,4.14
7294,13,2020-09-06 19:32:00,263.7,52.74
7295,67,2020-09-06 20:00:00,2.4,0.48
7296,0,2020-09-06 20:36:00,2.4,0.48
7297,6,2020-09-06 20:46:00,2.4,0.48
7298,9,2020-09-06 20:59:00,45.7,9.14
7299,1,2020-09-06 21:20:00,103.7,20.74
7300,4,2020-09-06 21:27:00,109.1,21.82
7301,10,2020-09-06 22:21:00,187.0,37.4
7302,12,2020-09-06 22:31:00,41.1,8.22
7303,6,2020-09-07 10:33:00,21.7,4.34
7304,67,2020-09-07 11:18:00,48.2,9.64
7305,12,2020-09-07 11:38:00,45.5,9.1
7306,9,2020-09-07 11:44:00,44.0,8.8
7307,68,2020-09-07 12:15:00,2.1,0.42
7308,1,2020-09-07 12:27:00,13.3,2.66
7309,9,2020-09-07 12:27:00,11.5,2.3
7310,7,2020-09-07 12:33:00,21.1,4.22
7311,5,2020-09-07 12:46:00,99.4,19.88
7312,5,2020-09-07 13:36:00,130.7,26.14
7313,3,2020-09-07 14:34:00,4.6,0.92
7314,2,2020-09-07 15:21:00,167.8,33.56
7315,4,2020-09-07 15:23:00,109.9,21.98
7316,10,2020-09-07 16:16:00,37.8,7.56
7317,5,2020-09-07 16:40:00,29.7,5.94
7318,10,2020-09-07 16:40:00,167.1,33.42
7319,8,2020-09-07 17:29:00,29.7,5.94
7320,6,2020-09-07 17:57:00,68.7,13.74
7321,67,2020-09-07 17:57:00,6.9,1.38
7322,12,2020-09-07 18:14:00,151.0,30.2
7323,14,2020-09-07 18:38:00,73.9,14.78
7324,4,2020-09-07 19:12:00,65.9,13.18
7325,13,2020-09-07 20:07:00,4.6,0.92
7326,2,2020-09-07 20:55:00,165.2,33.04
7327,67,2020-09-07 21:08:00,10.1,2.02
7328,7,2020-09-07 21:35:00,71.9,14.38
7329,10,2020-09-07 22:33:00,7.5,1.5
7330,6,2020-09-07 22:35:00,64.9,12.98
7331,5,2020-09-08 10:29:00,115.2,23.04
7332,4,2020-09-08 10:56:00,124.0,24.8
7333,12,2020-09-08 11:03:00,137.8,27.56
7334,1,2020-09-08 11:23:00,52.7,10.54
7335,13,2020-09-08 12:04:00,153.1,30.62
7336,9,2020-09-08 12:20:00,4.7,0.94
7337,3,2020-09-08 13:10:00,160.7,32.14
7338,67,2020-09-08 13:21:00,15.3,3.06
7339,1,2020-09-08 14:12:00,37.3,7.46
7340,6,2020-09-08 14:38:00,4.8,0.96
7341,14,2020-09-08 15:26:00,68.8,13.76
7342,68,2020-09-08 15:56:00,57.0,11.4
7343,0,2020-09-08 16:13:00,159.7,31.94
7344,7,2020-09-08 16:43:00,74.2,14.84
7345,10,2020-09-08 17:04:00,162.4,32.48
7346,5,2020-09-08 17:44:00,60.5,12.1
7347,6,2020-09-08 18:34:00,56.6,11.32
7348,4,2020-09-08 18:34:00,48.5,9.7
7349,3,2020-09-08 19:23:00,70.2,14.04
7350,0,2020-09-08 19:40:00,17.5,3.5
7351,13,2020-09-08 20:20:00,30.3,6.06
7352,10,2020-09-08 20:46:00,129.1,25.82
7353,12,2020-09-08 21:05:00,46.6,9.32
7354,67,2020-09-08 21:45:00,23.4,4.68
7355,2,2020-09-08 22:19:00,23.4,4.68
7356,3,2020-09-08 22:47:00,4.5,0.9
7357,7,2020-09-08 22:57:00,26.5,5.3
7358,1,2020-09-09 10:58:00,25.4,5.08
7359,67,2020-09-09 11:02:00,6.6,1.32
7360,7,2020-09-09 11:29:00,229.0,45.8
7361,6,2020-09-09 12:20:00,13.8,2.76
7362,5,2020-09-09 13:13:00,265.1,53.02
7363,7,2020-09-09 14:09:00,141.7,28.34
7364,7,2020-09-09 14:20:00,68.7,13.74
7365,68,2020-09-09 14:57:00,110.7,22.14
7366,6,2020-09-09 15:37:00,2.1,0.42
7367,3,2020-09-09 15:55:00,14.7,2.94
7368,67,2020-09-09 16:42:00,19.5,3.9
7369,0,2020-09-09 17:07:00,2.1,0.42
7370,9,2020-09-09 17:34:00,2.1,0.42
7371,1,2020-09-09 18:20:00,55.1,11.02
7372,13,2020-09-09 19:18:00,7.5,1.5
7373,67,2020-09-09 19:21:00,13.2,2.64
7374,4,2020-09-09 19:58:00,2.4,0.48
7375,1,2020-09-09 20:05:00,283.0,56.6
7376,68,2020-09-09 20:54:00,137.0,27.4
7377,12,2020-09-09 21:43:00,45.8,9.16
7378,10,2020-09-09 22:42:00,2.4,0.48
7379,8,2020-09-10 10:48:00,58.0,11.6
7380,2,2020-09-10 10:50:00,45.0,9.0
7381,3,2020-09-10 11:47:00,81.3,16.26
7382,1,2020-09-10 11:47:00,2.4,0.48
7383,8,2020-09-10 12:28:00,4.6,0.92
7384,3,2020-09-10 12:58:00,16.8,3.36
7385,2,2020-09-10 13:06:00,29.1,5.82
7386,10,2020-09-10 14:01:00,15.6,3.12
7387,68,2020-09-10 14:08:00,120.7,24.14
7388,6,2020-09-10 14:49:00,109.9,21.98
7389,9,2020-09-10 15:09:00,15.0,3.0
7390,8,2020-09-10 15:39:00,25.7,5.14
7391,5,2020-09-10 16:16:00,139.6,27.92
7392,2,2020-09-10 16:57:00,10.1,2.02
7393,4,2020-09-10 17:21:00,46.4,9.28
7394,68,2020-09-10 17:33:00,13.9,2.78
7395,7,2020-09-10 18:09:00,13.8,2.76
7396,67,2020-09-10 18:56:00,17.0,3.4
7397,10,2020-09-10 19:05:00,11.4,2.28
7398,0,2020-09-10 19:37:00,108.7,21.74
7399,6,2020-09-10 20:11:00,30.0,6.0
7400,2,2020-09-10 20:11:00,112.2,22.44
7401,1,2020-09-10 20:28:00,44.0,8.8
7402,1,2020-09-10 20:32:00,15.7,3.14
7403,8,2020-09-10 20:58:00,113.1,22.62
7404,12,2020-09-10 21:17:00,103.2,20.64
7405,2,2020-09-10 21:36:00,69.6,13.92
7406,8,2020-09-10 22:20:00,151.5,30.3
7407,9,2020-09-10 22:42:00,2.1,0.42
7408,14,2020-09-11 10:52:00,137.1,27.42
7409,8,2020-09-11 10:55:00,8.5,1.7
7410,5,2020-09-11 11:00:00,161.0,32.2
7411,67,2020-09-11 11:14:00,4.2,0.84
7412,13,2020-09-11 11:21:00,5.4,1.08
7413,14,2020-09-11 11:23:00,124.8,24.96
7414,13,2020-09-11 11:45:00,10.8,2.16
7415,12,2020-09-11 11:46:00,253.6,50.72
7416,1,2020-09-11 12:03:00,21.3,4.26
7417,6,2020-09-11 12:24:00,13.5,2.7
7418,7,2020-09-11 13:00:00,7.8,1.56
7419,67,2020-09-11 13:34:00,7.1,1.42
7420,5,2020-09-11 13:53:00,35.0,7.0
7421,7,2020-09-11 14:01:00,20.3,4.06
7422,8,2020-09-11 14:21:00,13.0,2.6
7423,12,2020-09-11 15:06:00,68.1,13.62
7424,9,2020-09-11 15:06:00,174.1,34.82
7425,14,2020-09-11 15:17:00,16.7,3.34
7426,3,2020-09-11 15:28:00,118.9,23.78
7427,68,2020-09-11 16:24:00,8.5,1.7
7428,6,2020-09-11 17:17:00,145.1,29.02
7429,9,2020-09-11 17:39:00,2.4,0.48
7430,2,2020-09-11 18:39:00,73.2,14.64
7431,68,2020-09-11 19:34:00,26.6,5.32
7432,3,2020-09-11 20:34:00,5.0,1.0
7433,8,2020-09-11 21:13:00,11.7,2.34
7434,12,2020-09-11 21:20:00,230.7,46.14
7435,68,2020-09-11 22:09:00,47.4,9.48
7436,10,2020-09-11 22:34:00,114.6,22.92
7437,1,2020-09-11 22:45:00,15.7,3.14
7438,7,2020-09-12 10:41:00,62.6,12.52
7439,9,2020-09-12 11:10:00,145.4,29.08
7440,5,2020-09-12 11:33:00,11.7,2.34
7441,2,2020-09-12 11:33:00,39.3,7.86
7442,8,2020-09-12 11:50:00,16.7,3.34
7443,8,2020-09-12 12:03:00,4.5,0.9
7444,14,2020-09-12 12:13:00,12.5,2.5
7445,67,2020-09-12 12:32:00,21.3,4.26
7446,5,2020-09-12 12:45:00,45.5,9.1
7447,7,2020-09-12 13:14:00,153.0,30.6
7448,10,2020-09-12 13:19:00,48.5,9.7
7449,14,2020-09-12 13:40:00,56.1,11.22
7450,4,2020-09-12 13:47:00,54.8,10.96
7451,14,2020-09-12 14:05:00,2.1,0.42
7452,6,2020-09-12 14:20:00,4.7,0.94
7453,2,2020-09-12 14:50:00,23.2,4.64
7454,13,2020-09-12 15:15:00,131.6,26.32
7455,9,2020-09-12 15:26:00,15.8,3.16
7456,10,2020-09-12 15:46:00,31.5,6.3
7457,7,2020-09-12 16:03:00,67.0,13.4
7458,3,2020-09-12 16:22:00,33.8,6.76
7459,1,2020-09-12 16:31:00,25.5,5.1
7460,6,2020-09-12 16:45:00,48.8,9.76
7461,1,2020-09-12 16:54:00,57.2,11.44
7462,10,2020-09-12 16:55:00,127.7,25.54
7463,6,2020-09-12 17:02:00,98.0,19.6
7464,9,2020-09-12 17:23:00,233.6,46.72
7465,14,2020-09-12 17:37:00,164.0,32.8
7466,1,2020-09-12 17:44:00,50.6,10.12
7467,13,2020-09-12 17:50:00,53.9,10.78
7468,10,2020-09-12 18:12:00,50.1,10.02
7469,0,2020-09-12 18:13:00,13.0,2.6
7470,13,2020-09-12 18:22:00,2.4,0.48
7471,3,2020-09-12 18:22:00,25.8,5.16
7472,9,2020-09-12 18:25:00,110.7,22.14
7473,13,2020-09-12 18:35:00,4.5,0.9
7474,12,2020-09-12 18:38:00,61.7,12.34
7475,10,2020-09-12 18:57:00,11.6,2.32
7476,2,2020-09-12 19:09:00,14.0,2.8
7477,8,2020-09-12 19:19:00,20.3,4.06
7478,68,2020-09-12 19:49:00,71.0,14.2
7479,14,2020-09-12 19:51:00,159.6,31.92
7480,6,2020-09-12 20:03:00,58.3,11.66
7481,12,2020-09-12 20:16:00,26.2,5.24
7482,2,2020-09-12 20:37:00,166.3,33.26
7483,8,2020-09-12 20:37:00,28.6,5.72
7484,3,2020-09-12 20:38:00,18.6,3.72
7485,6,2020-09-12 20:41:00,12.7,2.54
7486,6,2020-09-12 21:02:00,14.9,2.98
7487,3,2020-09-12 21:28:00,173.0,34.6
7488,0,2020-09-12 21:35:00,2.4,0.48
7489,13,2020-09-12 21:48:00,14.0,2.8
7490,4,2020-09-12 21:48:00,2.2,0.44
7491,12,2020-09-12 22:01:00,144.5,28.9
7492,10,2020-09-12 22:12:00,15.7,3.14
7493,4,2020-09-12 22:30:00,46.4,9.28
7494,13,2020-09-12 22:47:00,49.4,9.88
7495,8,2020-09-13 11:13:00,21.8,4.36
7496,0,2020-09-13 11:34:00,27.3,5.46
7497,67,2020-09-13 12:22:00,15.4,3.08
7498,1,2020-09-13 12:28:00,179.5,35.9
7499,3,2020-09-13 13:02:00,65.2,13.04
7500,4,2020-09-13 13:13:00,2.2,0.44
7501,13,2020-09-13 13:21:00,7.4,1.48
7502,68,2020-09-13 14:02:00,70.6,14.12
7503,13,2020-09-13 14:25:00,11.6,2.32
7504,6,2020-09-13 14:27:00,61.6,12.32
7505,68,2020-09-13 15:04:00,4.8,0.96
7506,12,2020-09-13 15:52:00,8.5,1.7
7507,14,2020-09-13 16:14:00,61.7,12.34
7508,10,2020-09-13 16:31:00,19.4,3.88
7509,67,2020-09-13 16:56:00,125.0,25.0
7510,12,2020-09-13 17:03:00,20.2,4.04
7511,14,2020-09-13 17:07:00,30.9,6.18
7512,8,2020-09-13 17:40:00,162.8,32.56
7513,4,2020-09-13 18:19:00,10.8,2.16
7514,7,2020-09-13 18:27:00,155.2,31.04
7515,10,2020-09-13 19:25:00,257.9,51.58
7516,5,2020-09-13 19:33:00,124.2,24.84
7517,4,2020-09-13 19:34:00,16.5,3.3
7518,13,2020-09-13 20:15:00,23.3,4.66
7519,7,2020-09-13 21:01:00,189.1,37.82
7520,12,2020-09-13 21:34:00,4.8,0.96
7521,6,2020-09-13 22:12:00,70.7,14.14
7522,13,2020-09-13 22:30:00,58.9,11.78
7523,10,2020-09-14 10:52:00,122.0,24.4
7524,3,2020-09-14 11:33:00,58.8,11.76
7525,1,2020-09-14 12:15:00,17.6,3.52
7526,14,2020-09-14 12:58:00,134.8,26.96
7527,7,2020-09-14 13:41:00,204.7,40.94
7528,9,2020-09-14 14:07:00,44.0,8.8
7529,7,2020-09-14 15:03:00,265.8,53.16
7530,12,2020-09-14 16:00:00,16.9,3.38
7531,8,2020-09-14 16:11:00,2.6,0.52
7532,3,2020-09-14 16:31:00,12.2,2.44
7533,12,2020-09-14 17:31:00,21.2,4.24
7534,8,2020-09-14 18:25:00,10.6,2.12
7535,2,2020-09-14 18:38:00,44.4,8.88
7536,13,2020-09-14 19:01:00,45.5,9.1
7537,67,2020-09-14 19:32:00,228.1,45.62
7538,14,2020-09-14 19:45:00,32.7,6.54
7539,7,2020-09-14 20:22:00,66.8,13.36
7540,13,2020-09-14 21:04:00,132.4,26.48
7541,4,2020-09-14 21:37:00,4.5,0.9
7542,3,2020-09-14 22:31:00,60.8,12.16
7543,5,2020-09-15 10:56:00,111.7,22.34
7544,5,2020-09-15 11:17:00,114.8,22.96
7545,67,2020-09-15 11:54:00,10.1,2.02
7546,67,2020-09-15 12:51:00,54.1,10.82
7547,14,2020-09-15 12:53:00,8.7,1.74
7548,12,2020-09-15 12:58:00,26.1,5.22
7549,4,2020-09-15 13:15:00,16.5,3.3
7550,10,2020-09-15 13:43:00,11.1,2.22
7551,68,2020-09-15 13:44:00,15.5,3.1
7552,5,2020-09-15 14:17:00,143.0,28.6
7553,12,2020-09-15 14:38:00,32.4,6.48
7554,13,2020-09-15 14:50:00,24.6,4.92
7555,5,2020-09-15 14:58:00,4.6,0.92
7556,8,2020-09-15 15:08:00,132.2,26.44
7557,2,2020-09-15 15:32:00,132.4,26.48
7558,0,2020-09-15 16:12:00,22.5,4.5
7559,7,2020-09-15 16:49:00,2.1,0.42
7560,67,2020-09-15 17:18:00,163.2,32.64
7561,12,2020-09-15 17:35:00,8.9,1.78
7562,2,2020-09-15 17:54:00,12.5,2.5
7563,14,2020-09-15 18:41:00,150.8,30.16
7564,0,2020-09-15 19:41:00,289.7,57.94
7565,0,2020-09-15 20:40:00,2.6,0.52
7566,6,2020-09-15 20:53:00,48.5,9.7
7567,6,2020-09-15 21:09:00,54.6,10.92
7568,3,2020-09-15 21:32:00,132.5,26.5
7569,0,2020-09-15 21:51:00,38.7,7.74
7570,7,2020-09-15 22:06:00,2.4,0.48
7571,14,2020-09-15 22:46:00,9.5,1.9
7572,2,2020-09-16 10:26:00,287.5,57.5
7573,3,2020-09-16 11:11:00,13.8,2.76
7574,8,2020-09-16 11:59:00,137.4,27.48
7575,6,2020-09-16 12:16:00,21.7,4.34
7576,10,2020-09-16 12:45:00,61.7,12.34
7577,6,2020-09-16 13:08:00,7.5,1.5
7578,14,2020-09-16 13:26:00,301.7,60.34
7579,5,2020-09-16 14:11:00,71.7,14.34
7580,5,2020-09-16 14:54:00,22.8,4.56
7581,7,2020-09-16 15:39:00,118.9,23.78
7582,6,2020-09-16 16:24:00,13.2,2.64
7583,12,2020-09-16 17:04:00,10.0,2.0
7584,14,2020-09-16 17:17:00,135.5,27.1
7585,7,2020-09-16 17:27:00,122.3,24.46
7586,14,2020-09-16 17:51:00,76.0,15.2
7587,14,2020-09-16 18:15:00,126.5,25.3
7588,12,2020-09-16 18:29:00,34.9,6.98
7589,6,2020-09-16 19:20:00,54.1,10.82
7590,12,2020-09-16 19:44:00,146.1,29.22
7591,12,2020-09-16 20:37:00,5.0,1.0
7592,3,2020-09-16 21:32:00,15.4,3.08
7593,2,2020-09-16 21:49:00,32.8,6.56
7594,68,2020-09-16 22:38:00,14.0,2.8
7595,0,2020-09-16 22:42:00,17.0,3.4
7596,4,2020-09-17 10:24:00,157.6,31.52
7597,14,2020-09-17 11:09:00,23.1,4.62
7598,13,2020-09-17 11:53:00,13.1,2.62
7599,13,2020-09-17 12:26:00,24.2,4.84
7600,8,2020-09-17 12:53:00,12.5,2.5
7601,67,2020-09-17 13:21:00,30.9,6.18
7602,1,2020-09-17 14:05:00,17.7,3.54
7603,10,2020-09-17 14:29:00,14.1,2.82
7604,10,2020-09-17 14:55:00,22.7,4.54
7605,3,2020-09-17 15:25:00,49.2,9.84
7606,12,2020-09-17 15:44:00,4.8,0.96
7607,14,2020-09-17 16:24:00,370.4,74.08
7608,14,2020-09-17 17:14:00,57.5,11.5
7609,6,2020-09-17 17:45:00,182.5,36.5
7610,14,2020-09-17 18:19:00,10.1,2.02
7611,8,2020-09-17 19:00:00,130.4,26.08
7612,7,2020-09-17 19:35:00,55.6,11.12
7613,10,2020-09-17 20:20:00,132.2,26.44
7614,3,2020-09-17 21:18:00,47.2,9.44
7615,68,2020-09-17 21:54:00,9.3,1.86
7616,12,2020-09-17 22:49:00,14.2,2.84
7617,8,2020-09-18 10:45:00,13.1,2.62
7618,9,2020-09-18 10:49:00,279.0,55.8
7619,2,2020-09-18 11:28:00,31.1,6.22
7620,6,2020-09-18 11:52:00,263.7,52.74
7621,8,2020-09-18 12:47:00,50.3,10.06
7622,8,2020-09-18 13:33:00,143.0,28.6
7623,6,2020-09-18 13:46:00,129.3,25.86
7624,9,2020-09-18 13:48:00,8.2,1.64
7625,13,2020-09-18 14:39:00,67.1,13.42
7626,9,2020-09-18 15:24:00,17.0,3.4
7627,68,2020-09-18 15:48:00,30.7,6.14
7628,67,2020-09-18 15:49:00,10.9,2.18
7629,1,2020-09-18 16:15:00,128.3,25.66
7630,7,2020-09-18 16:30:00,4.5,0.9
7631,9,2020-09-18 17:04:00,4.6,0.92
7632,14,2020-09-18 17:59:00,62.7,12.54
7633,3,2020-09-18 18:34:00,22.3,4.46
7634,2,2020-09-18 19:23:00,8.5,1.7
7635,7,2020-09-18 19:38:00,118.6,23.72
7636,0,2020-09-18 20:16:00,8.5,1.7
7637,3,2020-09-18 20:21:00,179.4,35.88
7638,0,2020-09-18 20:33:00,11.0,2.2
7639,10,2020-09-18 21:30:00,60.0,12.0
7640,4,2020-09-18 22:05:00,120.7,24.14
7641,9,2020-09-18 22:25:00,25.7,5.14
7642,10,2020-09-18 22:55:00,24.1,4.82
7643,6,2020-09-19 10:24:00,19.1,3.82
7644,9,2020-09-19 10:46:00,48.6,9.72
7645,67,2020-09-19 10:48:00,8.5,1.7
7646,9,2020-09-19 10:51:00,10.1,2.02
7647,7,2020-09-19 10:53:00,7.8,1.56
7648,7,2020-09-19 11:04:00,47.9,9.58
7649,10,2020-09-19 11:23:00,24.9,4.98
7650,4,2020-09-19 11:32:00,70.4,14.08
7651,4,2020-09-19 11:59:00,4.8,0.96
7652,8,2020-09-19 12:08:00,5.0,1.0
7653,1,2020-09-19 12:10:00,88.7,17.74
7654,0,2020-09-19 12:29:00,38.3,7.66
7655,13,2020-09-19 12:52:00,42.4,8.48
7656,10,2020-09-19 13:11:00,22.2,4.44
7657,2,2020-09-19 13:24:00,156.9,31.38
7658,5,2020-09-19 13:46:00,220.3,44.06
7659,12,2020-09-19 14:07:00,78.9,15.78
7660,3,2020-09-19 14:15:00,19.7,3.94
7661,5,2020-09-19 14:20:00,21.0,4.2
7662,10,2020-09-19 14:45:00,64.1,12.82
7663,10,2020-09-19 15:14:00,2.1,0.42
7664,7,2020-09-19 15:43:00,17.2,3.44
7665,5,2020-09-19 15:51:00,15.9,3.18
7666,5,2020-09-19 16:09:00,2.1,0.42
7667,2,2020-09-19 16:20:00,167.1,33.42
7668,12,2020-09-19 16:31:00,67.4,13.48
7669,0,2020-09-19 16:41:00,136.6,27.32
7670,9,2020-09-19 17:10:00,146.6,29.32
7671,7,2020-09-19 17:31:00,37.6,7.52
7672,1,2020-09-19 17:44:00,74.3,14.86
7673,13,2020-09-19 18:08:00,2.4,0.48
7674,7,2020-09-19 18:27:00,2.6,0.52
7675,9,2020-09-19 18:56:00,13.2,2.64
7676,4,2020-09-19 18:59:00,398.6,79.72
7677,9,2020-09-19 19:27:00,251.1,50.22
7678,7,2020-09-19 19:41:00,56.7,11.34
7679,4,2020-09-19 19:54:00,2.4,0.48
7680,5,2020-09-19 20:18:00,33.7,6.74
7681,0,2020-09-19 20:28:00,11.6,2.32
7682,67,2020-09-19 20:41:00,56.4,11.28
7683,12,2020-09-19 21:07:00,159.5,31.9
7684,8,2020-09-19 21:23:00,13.1,2.62
7685,4,2020-09-19 21:50:00,192.2,38.44
7686,3,2020-09-19 22:12:00,22.6,4.52
7687,2,2020-09-19 22:37:00,8.5,1.7
7688,8,2020-09-19 22:41:00,113.1,22.62
7689,2,2020-09-20 11:24:00,48.5,9.7
7690,13,2020-09-20 12:23:00,7.2,1.44
7691,1,2020-09-20 13:01:00,119.2,23.84
7692,6,2020-09-20 13:36:00,59.5,11.9
7693,14,2020-09-20 14:24:00,11.7,2.34
7694,9,2020-09-20 14:28:00,54.4,10.88
7695,9,2020-09-20 14:34:00,50.7,10.14
7696,6,2020-09-20 15:15:00,10.1,2.02
7697,3,2020-09-20 15:58:00,165.5,33.1
7698,3,2020-09-20 16:21:00,76.4,15.28
7699,1,2020-09-20 17:11:00,2.6,0.52
7700,68,2020-09-20 17:20:00,65.0,13.0
7701,4,2020-09-20 17:24:00,8.5,1.7
7702,7,2020-09-20 17:41:00,126.1,25.22
7703,13,2020-09-20 17:50:00,24.9,4.98
7704,1,2020-09-20 18:10:00,114.4,22.88
7705,68,2020-09-20 19:00:00,9.5,1.9
7706,3,2020-09-20 19:35:00,79.7,15.94
7707,0,2020-09-20 20:34:00,126.0,25.2
7708,12,2020-09-20 21:20:00,156.0,31.2
7709,10,2020-09-20 22:07:00,28.5,5.7
7710,0,2020-09-20 22:12:00,18.8,3.76
7711,9,2020-09-20 22:56:00,12.5,2.5
7712,4,2020-09-21 10:50:00,406.0,81.2
7713,8,2020-09-21 11:15:00,10.3,2.06
7714,12,2020-09-21 11:43:00,209.2,41.84
7715,8,2020-09-21 12:31:00,72.6,14.52
7716,67,2020-09-21 13:29:00,5.0,1.0
7717,10,2020-09-21 14:08:00,24.8,4.96
7718,4,2020-09-21 14:42:00,24.1,4.82
7719,6,2020-09-21 14:54:00,18.6,3.72
7720,14,2020-09-21 15:00:00,8.0,1.6
7721,8,2020-09-21 15:57:00,32.0,6.4
7722,68,2020-09-21 16:37:00,52.7,10.54
7723,7,2020-09-21 17:32:00,25.9,5.18
7724,13,2020-09-21 18:21:00,70.5,14.1
7725,7,2020-09-21 19:08:00,5.4,1.08
7726,8,2020-09-21 19:53:00,8.4,1.68
7727,68,2020-09-21 20:27:00,47.7,9.54
7728,3,2020-09-21 21:24:00,55.6,11.12
7729,2,2020-09-21 22:20:00,2.1,0.42
7730,6,2020-09-21 22:21:00,125.7,25.14
7731,7,2020-09-22 10:54:00,12.5,2.5
7732,9,2020-09-22 11:53:00,110.7,22.14
7733,2,2020-09-22 12:41:00,2.4,0.48
7734,6,2020-09-22 13:32:00,120.8,24.16
7735,14,2020-09-22 14:16:00,25.4,5.08
7736,12,2020-09-22 14:31:00,61.3,12.26
7737,67,2020-09-22 15:10:00,42.2,8.44
7738,6,2020-09-22 16:06:00,131.3,26.26
7739,4,2020-09-22 16:35:00,25.7,5.14
7740,4,2020-09-22 16:35:00,12.5,2.5
7741,14,2020-09-22 17:04:00,26.0,5.2
7742,8,2020-09-22 17:58:00,55.1,11.02
7743,4,2020-09-22 18:11:00,8.5,1.7
7744,8,2020-09-22 19:11:00,12.5,2.5
7745,7,2020-09-22 19:44:00,12.5,2.5
7746,13,2020-09-22 19:59:00,17.7,3.54
7747,8,2020-09-22 20:53:00,179.0,35.8
7748,0,2020-09-22 21:46:00,14.6,2.92
7749,9,2020-09-22 22:06:00,44.0,8.8
7750,4,2020-09-22 22:17:00,131.3,26.26
7751,10,2020-09-23 10:45:00,44.0,8.8
7752,12,2020-09-23 10:53:00,67.9,13.58
7753,3,2020-09-23 11:43:00,2.4,0.48
7754,9,2020-09-23 12:20:00,90.4,18.08
7755,12,2020-09-23 12:50:00,135.9,27.18
7756,5,2020-09-23 13:01:00,127.2,25.44
7757,4,2020-09-23 13:13:00,11.7,2.34
7758,9,2020-09-23 13:47:00,6.9,1.38
7759,7,2020-09-23 14:41:00,33.6,6.72
7760,9,2020-09-23 14:44:00,211.4,42.28
7761,6,2020-09-23 14:59:00,13.2,2.64
7762,0,2020-09-23 15:06:00,2.1,0.42
7763,68,2020-09-23 15:33:00,44.0,8.8
7764,10,2020-09-23 16:16:00,12.7,2.54
7765,68,2020-09-23 16:37:00,44.0,8.8
7766,9,2020-09-23 17:16:00,10.1,2.02
7767,12,2020-09-23 17:48:00,34.2,6.84
7768,2,2020-09-23 18:00:00,24.1,4.82
7769,0,2020-09-23 18:40:00,78.2,15.64
7770,5,2020-09-23 19:39:00,32.9,6.58
7771,14,2020-09-23 20:12:00,65.6,13.12
7772,68,2020-09-23 20:55:00,146.0,29.2
7773,68,2020-09-23 21:17:00,24.7,4.94
7774,1,2020-09-23 21:59:00,122.3,24.46
7775,1,2020-09-23 22:40:00,156.7,31.34
7776,9,2020-09-24 10:43:00,112.2,22.44
7777,3,2020-09-24 11:17:00,32.6,6.52
7778,0,2020-09-24 11:22:00,46.1,9.22
7779,6,2020-09-24 11:39:00,24.8,4.96
7780,0,2020-09-24 12:16:00,14.6,2.92
7781,1,2020-09-24 13:04:00,107.5,21.5
7782,6,2020-09-24 13:22:00,59.3,11.86
7783,0,2020-09-24 13:48:00,125.1,25.02
7784,1,2020-09-24 14:03:00,13.2,2.64
7785,8,2020-09-24 14:32:00,12.5,2.5
7786,7,2020-09-24 14:54:00,44.3,8.86
7787,4,2020-09-24 15:02:00,6.4,1.28
7788,13,2020-09-24 15:47:00,21.7,4.34
7789,0,2020-09-24 16:28:00,122.3,24.46
7790,9,2020-09-24 17:25:00,132.4,26.48
7791,12,2020-09-24 18:01:00,13.6,2.72
7792,9,2020-09-24 18:22:00,32.4,6.48
7793,2,2020-09-24 19:13:00,23.4,4.68
7794,4,2020-09-24 19:31:00,67.0,13.4
7795,0,2020-09-24 20:28:00,11.7,2.34
7796,6,2020-09-24 20:52:00,48.6,9.72
7797,4,2020-09-24 21:25:00,298.7,59.74
7798,9,2020-09-24 21:50:00,13.2,2.64
7799,2,2020-09-24 22:50:00,27.5,5.5
7800,7,2020-09-25 10:36:00,10.1,2.02
7801,2,2020-09-25 11:15:00,11.7,2.34
7802,8,2020-09-25 11:29:00,276.4,55.28
7803,6,2020-09-25 11:36:00,24.4,4.88
7804,14,2020-09-25 12:26:00,143.0,28.6
7805,9,2020-09-25 13:03:00,2.6,0.52
7806,2,2020-09-25 13:11:00,102.7,20.54
7807,8,2020-09-25 13:53:00,6.5,1.3
7808,2,2020-09-25 13:55:00,8.7,1.74
7809,4,2020-09-25 14:22:00,10.9,2.18
7810,7,2020-09-25 15:01:00,31.4,6.28
7811,10,2020-09-25 15:41:00,163.8,32.76
7812,1,2020-09-25 16:24:00,18.2,3.64
7813,14,2020-09-25 16:26:00,72.2,14.44
7814,68,2020-09-25 17:08:00,279.5,55.9
7815,8,2020-09-25 17:14:00,77.9,15.58
7816,4,2020-09-25 17:21:00,145.4,29.08
7817,14,2020-09-25 17:38:00,28.6,5.72
7818,10,2020-09-25 18:05:00,2.1,0.42
7819,67,2020-09-25 18:55:00,26.0,5.2
7820,3,2020-09-25 19:54:00,147.5,29.5
7821,9,2020-09-25 20:32:00,48.5,9.7
7822,4,2020-09-25 21:04:00,14.1,2.82
7823,0,2020-09-25 21:41:00,10.8,2.16
7824,0,2020-09-25 22:33:00,6.4,1.28
7825,68,2020-09-26 10:46:00,4.5,0.9
7826,3,2020-09-26 11:05:00,13.3,2.66
7827,2,2020-09-26 11:13:00,38.1,7.62
7828,6,2020-09-26 11:15:00,109.1,21.82
7829,12,2020-09-26 11:31:00,37.7,7.54
7830,5,2020-09-26 11:37:00,9.3,1.86
7831,13,2020-09-26 11:40:00,18.5,3.7
7832,1,2020-09-26 11:48:00,2.4,0.48
7833,9,2020-09-26 12:05:00,177.0,35.4
7834,5,2020-09-26 12:28:00,49.4,9.88
7835,7,2020-09-26 12:39:00,153.0,30.6
7836,0,2020-09-26 13:09:00,46.1,9.22
7837,13,2020-09-26 13:12:00,14.0,2.8
7838,8,2020-09-26 13:14:00,20.8,4.16
7839,2,2020-09-26 13:26:00,4.6,0.92
7840,9,2020-09-26 13:28:00,24.0,4.8
7841,12,2020-09-26 13:40:00,78.0,15.6
7842,5,2020-09-26 13:57:00,156.2,31.24
7843,9,2020-09-26 14:16:00,190.0,38.0
7844,9,2020-09-26 14:40:00,23.2,4.64
7845,2,2020-09-26 14:58:00,102.5,20.5
7846,7,2020-09-26 15:23:00,136.8,27.36
7847,68,2020-09-26 15:33:00,167.5,33.5
7848,1,2020-09-26 15:52:00,10.1,2.02
7849,68,2020-09-26 16:07:00,22.3,4.46
7850,2,2020-09-26 16:30:00,36.4,7.28
7851,14,2020-09-26 16:46:00,52.5,10.5
7852,5,2020-09-26 17:12:00,177.0,35.4
7853,67,2020-09-26 17:39:00,120.7,24.14
7854,3,2020-09-26 18:07:00,84.2,16.84
7855,7,2020-09-26 18:16:00,156.8,31.36
7856,9,2020-09-26 18:19:00,45.4,9.08
7857,1,2020-09-26 18:37:00,166.1,33.22
7858,13,2020-09-26 19:04:00,29.0,5.8
7859,2,2020-09-26 19:21:00,19.5,3.9
7860,4,2020-09-26 19:41:00,133.1,26.62
7861,67,2020-09-26 19:41:00,22.5,4.5
7862,3,2020-09-26 19:47:00,141.3,28.26
7863,0,2020-09-26 19:53:00,140.5,28.1
7864,6,2020-09-26 20:11:00,163.1,32.62
7865,9,2020-09-26 20:11:00,46.1,9.22
7866,6,2020-09-26 20:15:00,33.4,6.68
7867,9,2020-09-26 20:23:00,93.4,18.68
7868,7,2020-09-26 20:26:00,6.9,1.38
7869,10,2020-09-26 20:41:00,5.0,1.0
7870,9,2020-09-26 20:43:00,36.5,7.3
7871,67,2020-09-26 21:09:00,34.5,6.9
7872,68,2020-09-26 21:28:00,10.7,2.14
7873,67,2020-09-26 21:37:00,80.3,16.06
7874,68,2020-09-26 21:51:00,233.5,46.7
7875,68,2020-09-26 22:16:00,133.9,26.78
7876,8,2020-09-26 22:45:00,103.3,20.66
7877,4,2020-09-26 22:56:00,28.7,5.74
7878,5,2020-09-27 11:07:00,24.8,4.96
7879,67,2020-09-27 11:25:00,19.2,3.84
7880,10,2020-09-27 11:55:00,21.0,4.2
7881,14,2020-09-27 12:42:00,14.0,2.8
7882,10,2020-09-27 12:55:00,17.2,3.44
7883,6,2020-09-27 13:25:00,75.2,15.04
7884,13,2020-09-27 14:02:00,10.1,2.02
7885,3,2020-09-27 14:18:00,10.1,2.02
7886,7,2020-09-27 14:57:00,12.3,2.46
7887,14,2020-09-27 15:52:00,35.7,7.14
7888,3,2020-09-27 16:37:00,170.2,34.04
7889,3,2020-09-27 17:11:00,8.7,1.74
7890,9,2020-09-27 17:28:00,54.2,10.84
7891,4,2020-09-27 18:06:00,270.5,54.1
7892,5,2020-09-27 18:08:00,13.9,2.78
7893,12,2020-09-27 18:53:00,94.1,18.82
7894,2,2020-09-27 19:13:00,18.0,3.6
7895,68,2020-09-27 19:40:00,60.0,12.0
7896,4,2020-09-27 19:46:00,10.1,2.02
7897,67,2020-09-27 20:05:00,10.0,2.0
7898,67,2020-09-27 21:00:00,8.5,1.7
7899,2,2020-09-27 21:24:00,24.1,4.82
7900,13,2020-09-27 22:17:00,12.2,2.44
7901,2,2020-09-27 22:59:00,14.8,2.96
7902,14,2020-09-28 10:58:00,10.9,2.18
7903,1,2020-09-28 11:20:00,4.6,0.92
7904,10,2020-09-28 11:38:00,2.1,0.42
7905,68,2020-09-28 12:31:00,19.4,3.88
7906,0,2020-09-28 13:11:00,2.4,0.48
7907,6,2020-09-28 14:09:00,95.6,19.12
7908,1,2020-09-28 14:58:00,46.1,9.22
7909,14,2020-09-28 15:15:00,63.4,12.68
7910,0,2020-09-28 16:02:00,2.4,0.48
7911,0,2020-09-28 16:09:00,265.8,53.16
7912,68,2020-09-28 17:01:00,12.2,2.44
7913,3,2020-09-28 17:23:00,155.4,31.08
7914,1,2020-09-28 18:19:00,59.9,11.98
7915,1,2020-09-28 18:40:00,2.4,0.48
7916,5,2020-09-28 18:50:00,17.1,3.42
7917,14,2020-09-28 18:59:00,54.8,10.96
7918,1,2020-09-28 19:33:00,19.9,3.98
7919,6,2020-09-28 20:17:00,4.6,0.92
7920,1,2020-09-28 20:38:00,154.7,30.94
7921,8,2020-09-28 21:35:00,2.4,0.48
7922,9,2020-09-28 22:16:00,105.9,21.18
7923,14,2020-09-28 22:20:00,9.4,1.88
7924,2,2020-09-28 22:55:00,91.6,18.32
7925,67,2020-09-29 10:37:00,10.1,2.02
7926,4,2020-09-29 11:06:00,212.1,42.42
7927,3,2020-09-29 11:29:00,8.7,1.74
7928,2,2020-09-29 11:34:00,235.9,47.18
7929,2,2020-09-29 11:50:00,5.0,1.0
7930,13,2020-09-29 11:58:00,60.0,12.0
7931,10,2020-09-29 12:32:00,164.8,32.96
7932,9,2020-09-29 13:14:00,67.0,13.4
7933,1,2020-09-29 13:38:00,120.6,24.12
7934,5,2020-09-29 14:09:00,141.0,28.2
7935,12,2020-09-29 14:58:00,2.6,0.52
7936,9,2020-09-29 15:42:00,130.9,26.18
7937,13,2020-09-29 15:54:00,16.4,3.28
7938,4,2020-09-29 16:39:00,68.2,13.64
7939,14,2020-09-29 17:34:00,101.8,20.36
7940,2,2020-09-29 17:41:00,37.1,7.42
7941,67,2020-09-29 17:54:00,34.8,6.96
7942,68,2020-09-29 17:55:00,125.8,25.16
7943,67,2020-09-29 18:03:00,168.8,33.76
7944,10,2020-09-29 18:14:00,54.1,10.82
7945,0,2020-09-29 18:45:00,156.5,31.3
7946,14,2020-09-29 19:44:00,4.8,0.96
7947,3,2020-09-29 19:55:00,181.7,36.34
7948,5,2020-09-29 20:43:00,60.0,12.0
7949,68,2020-09-29 21:22:00,26.9,5.38
7950,7,2020-09-29 22:09:00,13.0,2.6
7951,10,2020-09-30 10:54:00,12.4,2.48
7952,5,2020-09-30 10:56:00,11.3,2.26
7953,5,2020-09-30 11:34:00,68.3,13.66
7954,3,2020-09-30 12:07:00,12.5,2.5
7955,8,2020-09-30 12:13:00,193.7,38.74
7956,13,2020-09-30 12:25:00,2.4,0.48
7957,9,2020-09-30 12:38:00,161.6,32.32
7958,5,2020-09-30 12:57:00,311.7,62.34
7959,12,2020-09-30 13:51:00,9.6,1.92
7960,1,2020-09-30 14:29:00,78.8,15.76
7961,67,2020-09-30 14:42:00,110.7,22.14
7962,67,2020-09-30 14:56:00,17.7,3.54
7963,13,2020-09-30 15:05:00,31.2,6.24
7964,8,2020-09-30 15:23:00,33.8,6.76
7965,5,2020-09-30 15:42:00,50.0,10.0
7966,6,2020-09-30 16:42:00,133.3,26.66
7967,68,2020-09-30 17:13:00,37.2,7.44
7968,9,2020-09-30 17:58:00,66.6,13.32
7969,67,2020-09-30 18:22:00,209.7,41.94
7970,8,2020-09-30 19:09:00,8.5,1.7
7971,7,2020-09-30 20:00:00,15.4,3.08
7972,14,2020-09-30 20:36:00,22.2,4.44
7973,12,2020-09-30 21:28:00,15.6,3.12
7974,0,2020-09-30 21:56:00,14.1,2.82
7975,2,2020-09-30 21:56:00,209.2,41.84
7976,68,2020-09-30 22:15:00,20.2,4.04
7977,0,2020-10-01 10:57:00,243.1,48.62
7978,14,2020-10-01 11:41:00,114.3,22.86
7979,0,2020-10-01 11:41:00,110.7,22.14
7980,0,2020-10-01 11:58:00,14.1,2.82
7981,8,2020-10-01 12:00:00,10.9,2.18
7982,9,2020-10-01 12:09:00,28.5,5.7
7983,4,2020-10-01 12:41:00,34.2,6.84
7984,10,2020-10-01 12:43:00,13.2,2.64
7985,1,2020-10-01 12:58:00,10.9,2.18
7986,7,2020-10-01 13:41:00,16.1,3.22
7987,68,2020-10-01 14:22:00,20.8,4.16
7988,0,2020-10-01 14:54:00,94.7,18.94
7989,67,2020-10-01 15:28:00,11.7,2.34
7990,14,2020-10-01 16:25:00,30.8,6.16
7991,9,2020-10-01 16:27:00,17.0,3.4
7992,4,2020-10-01 16:27:00,134.6,26.92
7993,2,2020-10-01 17:16:00,132.4,26.48
7994,4,2020-10-01 18:12:00,13.0,2.6
7995,68,2020-10-01 19:06:00,119.2,23.84
7996,67,2020-10-01 19:49:00,16.9,3.38
7997,14,2020-10-01 20:48:00,54.0,10.8
7998,4,2020-10-01 21:41:00,34.9,6.98
7999,0,2020-10-01 22:28:00,59.0,11.8
8000,9,2020-10-02 10:57:00,56.4,11.28
8001,10,2020-10-02 10:57:00,44.0,8.8
8002,14,2020-10-02 11:02:00,74.4,14.88
8003,12,2020-10-02 11:41:00,134.2,26.84
8004,67,2020-10-02 11:55:00,71.3,14.26
8005,7,2020-10-02 12:02:00,162.6,32.52
8006,7,2020-10-02 12:50:00,61.2,12.24
8007,2,2020-10-02 13:35:00,21.4,4.28
8008,6,2020-10-02 14:18:00,145.1,29.02
8009,6,2020-10-02 14:35:00,36.2,7.24
8010,0,2020-10-02 14:44:00,359.7,71.94
8011,67,2020-10-02 15:36:00,30.8,6.16
8012,9,2020-10-02 16:12:00,44.0,8.8
8013,6,2020-10-02 17:11:00,2.6,0.52
8014,8,2020-10-02 17:57:00,18.6,3.72
8015,1,2020-10-02 18:45:00,122.3,24.46
8016,12,2020-10-02 19:24:00,11.6,2.32
8017,10,2020-10-02 19:27:00,15.4,3.08
8018,68,2020-10-02 20:21:00,10.1,2.02
8019,67,2020-10-02 20:51:00,29.1,5.82
8020,12,2020-10-02 20:55:00,129.4,25.88
8021,3,2020-10-02 21:15:00,8.5,1.7
8022,14,2020-10-02 21:58:00,80.2,16.04
8023,10,2020-10-02 22:01:00,223.4,44.68
8024,1,2020-10-02 22:55:00,84.4,16.88
8025,2,2020-10-03 11:00:00,19.6,3.92
8026,7,2020-10-03 11:02:00,8.5,1.7
8027,0,2020-10-03 11:13:00,212.8,42.56
8028,9,2020-10-03 11:41:00,119.2,23.84
8029,68,2020-10-03 11:43:00,32.7,6.54
8030,14,2020-10-03 12:09:00,111.2,22.24
8031,7,2020-10-03 12:23:00,56.3,11.26
8032,68,2020-10-03 12:47:00,120.0,24.0
8033,12,2020-10-03 12:48:00,72.0,14.4
8034,7,2020-10-03 12:56:00,66.2,13.24
8035,0,2020-10-03 13:16:00,191.6,38.32
8036,8,2020-10-03 13:25:00,11.7,2.34
8037,7,2020-10-03 13:28:00,25.2,5.04
8038,1,2020-10-03 13:51:00,84.4,16.88
8039,5,2020-10-03 14:15:00,123.1,24.62
8040,12,2020-10-03 14:19:00,26.6,5.32
8041,12,2020-10-03 14:37:00,44.0,8.8
8042,8,2020-10-03 14:51:00,11.7,2.34
8043,68,2020-10-03 15:03:00,2.2,0.44
8044,12,2020-10-03 15:31:00,4.8,0.96
8045,8,2020-10-03 15:42:00,11.4,2.28
8046,12,2020-10-03 15:55:00,51.2,10.24
8047,8,2020-10-03 16:04:00,23.9,4.78
8048,2,2020-10-03 16:12:00,223.7,44.74
8049,14,2020-10-03 16:30:00,102.0,20.4
8050,12,2020-10-03 16:54:00,153.9,30.78
8051,67,2020-10-03 17:12:00,178.5,35.7
8052,10,2020-10-03 17:23:00,4.5,0.9
8053,7,2020-10-03 17:53:00,22.5,4.5
8054,68,2020-10-03 18:16:00,6.9,1.38
8055,14,2020-10-03 18:46:00,2.1,0.42
8056,5,2020-10-03 18:50:00,2.4,0.48
8057,13,2020-10-03 19:07:00,60.3,12.06
8058,2,2020-10-03 19:32:00,16.2,3.24
8059,14,2020-10-03 19:37:00,27.8,5.56
8060,2,2020-10-03 20:02:00,169.2,33.84
8061,5,2020-10-03 20:19:00,117.0,23.4
8062,5,2020-10-03 20:41:00,35.9,7.18
8063,5,2020-10-03 20:55:00,2.4,0.48
8064,6,2020-10-03 21:06:00,10.9,2.18
8065,7,2020-10-03 21:30:00,2.4,0.48
8066,13,2020-10-03 21:41:00,76.1,15.22
8067,3,2020-10-03 21:54:00,125.5,25.1
8068,2,2020-10-03 22:11:00,133.6,26.72
8069,9,2020-10-03 22:27:00,11.4,2.28
8070,68,2020-10-03 22:44:00,4.5,0.9
8071,14,2020-10-04 11:30:00,20.2,4.04
8072,12,2020-10-04 11:51:00,10.9,2.18
8073,9,2020-10-04 12:29:00,2.4,0.48
8074,7,2020-10-04 12:42:00,2.4,0.48
8075,7,2020-10-04 13:24:00,149.9,29.98
8076,3,2020-10-04 13:35:00,10.0,2.0
8077,5,2020-10-04 14:20:00,4.2,0.84
8078,12,2020-10-04 15:02:00,163.2,32.64
8079,12,2020-10-04 15:28:00,52.7,10.54
8080,13,2020-10-04 16:06:00,2.4,0.48
8081,4,2020-10-04 16:25:00,52.7,10.54
8082,13,2020-10-04 16:31:00,13.8,2.76
8083,10,2020-10-04 17:21:00,61.0,12.2
8084,2,2020-10-04 18:05:00,15.4,3.08
8085,9,2020-10-04 18:09:00,11.2,2.24
8086,2,2020-10-04 18:58:00,137.9,27.58
8087,10,2020-10-04 19:00:00,25.3,5.06
8088,9,2020-10-04 19:33:00,126.1,25.22
8089,10,2020-10-04 19:40:00,9.0,1.8
8090,8,2020-10-04 19:59:00,13.2,2.64
8091,68,2020-10-04 20:47:00,67.9,13.58
8092,10,2020-10-04 21:12:00,11.1,2.22
8093,68,2020-10-04 21:56:00,91.8,18.36
8094,14,2020-10-04 22:36:00,48.5,9.7
8095,0,2020-10-05 10:53:00,65.0,13.0
8096,1,2020-10-05 11:20:00,165.4,33.08
8097,1,2020-10-05 12:16:00,10.9,2.18
8098,10,2020-10-05 12:33:00,2.1,0.42
8099,5,2020-10-05 13:05:00,18.8,3.76
8100,12,2020-10-05 13:40:00,30.3,6.06
8101,1,2020-10-05 13:40:00,8.5,1.7
8102,7,2020-10-05 14:37:00,2.4,0.48
8103,0,2020-10-05 14:39:00,125.3,25.06
8104,7,2020-10-05 15:24:00,73.4,14.68
8105,6,2020-10-05 15:46:00,2.1,0.42
8106,7,2020-10-05 15:46:00,13.8,2.76
8107,67,2020-10-05 16:30:00,116.0,23.2
8108,68,2020-10-05 16:55:00,16.2,3.24
8109,0,2020-10-05 17:48:00,52.5,10.5
8110,3,2020-10-05 18:31:00,33.4,6.68
8111,6,2020-10-05 19:24:00,14.6,2.92
8112,12,2020-10-05 19:49:00,150.5,30.1
8113,13,2020-10-05 20:13:00,65.0,13.0
8114,0,2020-10-05 20:13:00,13.0,2.6
8115,12,2020-10-05 20:53:00,71.9,14.38
8116,10,2020-10-05 21:10:00,56.6,11.32
8117,6,2020-10-05 22:05:00,10.9,2.18
8118,14,2020-10-06 10:58:00,35.5,7.1
8119,6,2020-10-06 11:31:00,4.5,0.9
8120,6,2020-10-06 11:53:00,2.4,0.48
8121,5,2020-10-06 12:24:00,14.6,2.92
8122,4,2020-10-06 12:47:00,22.0,4.4
8123,68,2020-10-06 13:18:00,2.6,0.52
8124,0,2020-10-06 14:01:00,127.5,25.5
8125,10,2020-10-06 14:02:00,2.4,0.48
8126,8,2020-10-06 14:58:00,20.7,4.14
8127,5,2020-10-06 15:55:00,133.3,26.66
8128,12,2020-10-06 16:24:00,61.5,12.3
8129,5,2020-10-06 16:58:00,120.7,24.14
8130,13,2020-10-06 17:52:00,52.5,10.5
8131,3,2020-10-06 18:16:00,13.1,2.62
8132,7,2020-10-06 18:54:00,108.0,21.6
8133,8,2020-10-06 19:36:00,8.5,1.7
8134,1,2020-10-06 20:36:00,26.4,5.28
8135,5,2020-10-06 21:06:00,27.1,5.42
8136,5,2020-10-06 21:39:00,120.4,24.08
8137,13,2020-10-06 21:55:00,22.1,4.42
8138,5,2020-10-06 22:54:00,24.1,4.82
8139,12,2020-10-07 10:20:00,18.6,3.72
8140,5,2020-10-07 10:48:00,135.0,27.0
8141,9,2020-10-07 11:48:00,161.2,32.24
8142,2,2020-10-07 12:36:00,13.9,2.78
8143,1,2020-10-07 13:15:00,8.5,1.7
8144,4,2020-10-07 13:27:00,4.6,0.92
8145,8,2020-10-07 14:08:00,7.5,1.5
8146,2,2020-10-07 14:13:00,30.9,6.18
8147,6,2020-10-07 15:05:00,2.1,0.42
8148,68,2020-10-07 15:33:00,28.6,5.72
8149,7,2020-10-07 15:55:00,24.4,4.88
8150,6,2020-10-07 16:43:00,64.2,12.84
8151,1,2020-10-07 17:09:00,114.6,22.92
8152,12,2020-10-07 17:40:00,15.8,3.16
8153,14,2020-10-07 18:07:00,22.6,4.52
8154,7,2020-10-07 18:53:00,156.0,31.2
8155,7,2020-10-07 19:15:00,266.2,53.24
8156,6,2020-10-07 20:11:00,2.2,0.44
8157,8,2020-10-07 20:52:00,22.6,4.52
8158,1,2020-10-07 21:25:00,143.0,28.6
8159,0,2020-10-07 21:41:00,166.0,33.2
8160,2,2020-10-07 22:17:00,135.9,27.18
8161,8,2020-10-07 22:48:00,109.1,21.82
8162,8,2020-10-07 22:53:00,28.6,5.72
8163,7,2020-10-08 10:57:00,130.1,26.02
8164,4,2020-10-08 11:45:00,47.6,9.52
8165,7,2020-10-08 12:41:00,62.6,12.52
8166,67,2020-10-08 13:19:00,62.6,12.52
8167,12,2020-10-08 14:14:00,58.8,11.76
8168,67,2020-10-08 14:32:00,56.7,11.34
8169,67,2020-10-08 15:19:00,72.1,14.42
8170,68,2020-10-08 16:16:00,10.6,2.12
8171,10,2020-10-08 16:35:00,10.1,2.02
8172,8,2020-10-08 16:48:00,2.4,0.48
8173,14,2020-10-08 17:17:00,66.3,13.26
8174,5,2020-10-08 18:06:00,2.4,0.48
8175,14,2020-10-08 18:57:00,20.8,4.16
8176,8,2020-10-08 19:23:00,19.7,3.94
8177,13,2020-10-08 20:07:00,8.5,1.7
8178,14,2020-10-08 20:26:00,12.5,2.5
8179,7,2020-10-08 21:02:00,10.2,2.04
8180,12,2020-10-08 21:15:00,65.3,13.06
8181,2,2020-10-08 21:21:00,7.2,1.44
8182,14,2020-10-08 21:52:00,128.5,25.7
8183,5,2020-10-08 22:41:00,84.6,16.92
8184,3,2020-10-08 22:53:00,24.8,4.96
8185,8,2020-10-09 10:58:00,35.0,7.0
8186,8,2020-10-09 11:48:00,9.7,1.94
8187,68,2020-10-09 12:26:00,22.4,4.48
8188,13,2020-10-09 13:03:00,31.7,6.34
8189,2,2020-10-09 13:56:00,11.3,2.26
8190,4,2020-10-09 14:13:00,70.9,14.18
8191,5,2020-10-09 15:10:00,17.4,3.48
8192,0,2020-10-09 15:57:00,35.1,7.02
8193,6,2020-10-09 16:29:00,9.9,1.98
8194,67,2020-10-09 16:48:00,343.9,68.78
8195,6,2020-10-09 17:20:00,72.4,14.48
8196,10,2020-10-09 18:04:00,77.8,15.56
8197,9,2020-10-09 18:10:00,52.9,10.58
8198,12,2020-10-09 18:33:00,121.8,24.36
8199,68,2020-10-09 19:30:00,13.2,2.64
8200,1,2020-10-09 20:21:00,21.7,4.34
8201,67,2020-10-09 20:31:00,44.0,8.8
8202,3,2020-10-09 20:38:00,147.8,29.56
8203,10,2020-10-09 20:52:00,272.5,54.5
8204,67,2020-10-09 20:56:00,58.2,11.64
8205,8,2020-10-09 20:57:00,111.2,22.24
8206,7,2020-10-09 21:00:00,112.2,22.44
8207,68,2020-10-09 21:13:00,10.4,2.08
8208,67,2020-10-09 22:01:00,143.0,28.6
8209,13,2020-10-09 22:22:00,127.3,25.46
8210,3,2020-10-09 22:56:00,86.7,17.34
8211,6,2020-10-10 10:26:00,59.2,11.84
8212,4,2020-10-10 10:40:00,54.9,10.98
8213,67,2020-10-10 10:46:00,166.8,33.36
8214,0,2020-10-10 10:47:00,28.1,5.62
8215,2,2020-10-10 11:13:00,7.1,1.42
8216,12,2020-10-10 11:24:00,147.9,29.58
8217,4,2020-10-10 11:42:00,147.8,29.56
8218,4,2020-10-10 11:54:00,48.8,9.76
8219,12,2020-10-10 12:12:00,123.1,24.62
8220,2,2020-10-10 12:38:00,115.5,23.1
8221,10,2020-10-10 12:44:00,62.6,12.52
8222,6,2020-10-10 13:10:00,65.7,13.14
8223,0,2020-10-10 13:26:00,120.8,24.16
8224,14,2020-10-10 13:50:00,46.1,9.22
8225,68,2020-10-10 14:12:00,36.5,7.3
8226,10,2020-10-10 14:24:00,14.6,2.92
8227,67,2020-10-10 14:37:00,24.9,4.98
8228,2,2020-10-10 14:54:00,11.4,2.28
8229,4,2020-10-10 15:04:00,55.1,11.02
8230,0,2020-10-10 15:11:00,6.3,1.26
8231,14,2020-10-10 15:31:00,44.0,8.8
8232,2,2020-10-10 15:51:00,14.9,2.98
8233,0,2020-10-10 16:00:00,8.0,1.6
8234,68,2020-10-10 16:30:00,8.5,1.7
8235,6,2020-10-10 16:36:00,9.0,1.8
8236,10,2020-10-10 16:41:00,18.7,3.74
8237,9,2020-10-10 17:04:00,8.5,1.7
8238,3,2020-10-10 17:29:00,163.4,32.68
8239,7,2020-10-10 17:44:00,219.7,43.94
8240,0,2020-10-10 17:48:00,7.2,1.44
8241,0,2020-10-10 18:05:00,44.0,8.8
8242,2,2020-10-10 18:25:00,54.7,10.94
8243,13,2020-10-10 18:44:00,8.5,1.7
8244,68,2020-10-10 18:54:00,170.6,34.12
8245,0,2020-10-10 19:01:00,11.7,2.34
8246,5,2020-10-10 19:11:00,19.7,3.94
8247,0,2020-10-10 19:40:00,46.4,9.28
8248,13,2020-10-10 19:55:00,54.0,10.8
8249,8,2020-10-10 19:57:00,28.1,5.62
8250,8,2020-10-10 20:27:00,134.1,26.82
8251,13,2020-10-10 20:52:00,4.8,0.96
8252,67,2020-10-10 21:17:00,35.7,7.14
8253,0,2020-10-10 21:47:00,24.0,4.8
8254,7,2020-10-10 22:10:00,28.4,5.68
8255,5,2020-10-10 22:36:00,4.5,0.9
8256,13,2020-10-10 22:40:00,37.7,7.54
8257,3,2020-10-10 22:49:00,167.0,33.4
8258,4,2020-10-11 11:15:00,101.9,20.38
8259,13,2020-10-11 11:57:00,28.7,5.74
8260,7,2020-10-11 12:02:00,60.4,12.08
8261,13,2020-10-11 12:02:00,148.4,29.68
8262,0,2020-10-11 12:59:00,308.3,61.66
8263,8,2020-10-11 13:41:00,13.8,2.76
8264,68,2020-10-11 14:14:00,4.8,0.96
8265,0,2020-10-11 14:24:00,37.1,7.42
8266,7,2020-10-11 14:48:00,15.1,3.02
8267,9,2020-10-11 15:41:00,21.7,4.34
8268,1,2020-10-11 15:41:00,114.8,22.96
8269,8,2020-10-11 15:47:00,100.6,20.12
8270,7,2020-10-11 16:36:00,17.2,3.44
8271,13,2020-10-11 17:25:00,2.4,0.48
8272,9,2020-10-11 17:34:00,137.1,27.42
8273,12,2020-10-11 17:39:00,10.1,2.02
8274,13,2020-10-11 18:12:00,335.9,67.18
8275,12,2020-10-11 18:41:00,10.1,2.02
8276,2,2020-10-11 19:15:00,167.6,33.52
8277,67,2020-10-11 19:47:00,49.0,9.8
8278,8,2020-10-11 20:44:00,149.0,29.8
8279,0,2020-10-11 20:47:00,29.4,5.88
8280,14,2020-10-11 20:47:00,71.6,14.32
8281,8,2020-10-11 21:25:00,31.2,6.24
8282,7,2020-10-11 22:22:00,60.5,12.1
8283,68,2020-10-11 22:57:00,51.7,10.34
8284,14,2020-10-12 10:39:00,70.6,14.12
8285,67,2020-10-12 10:53:00,45.5,9.1
8286,14,2020-10-12 11:49:00,59.6,11.92
8287,6,2020-10-12 12:24:00,67.7,13.54
8288,67,2020-10-12 12:57:00,12.8,2.56
8289,67,2020-10-12 13:46:00,12.2,2.44
8290,4,2020-10-12 14:21:00,47.0,9.4
8291,68,2020-10-12 14:34:00,61.4,12.28
8292,14,2020-10-12 15:20:00,5.4,1.08
8293,9,2020-10-12 16:17:00,54.0,10.8
8294,6,2020-10-12 16:36:00,8.5,1.7
8295,7,2020-10-12 17:11:00,8.0,1.6
8296,1,2020-10-12 18:04:00,39.8,7.96
8297,6,2020-10-12 18:24:00,8.5,1.7
8298,2,2020-10-12 18:54:00,8.5,1.7
8299,10,2020-10-12 19:43:00,337.0,67.4
8300,4,2020-10-12 19:53:00,4.6,0.92
8301,10,2020-10-12 20:18:00,10.1,2.02
8302,13,2020-10-12 21:05:00,74.2,14.84
8303,1,2020-10-12 21:58:00,110.7,22.14
8304,1,2020-10-12 22:13:00,2.1,0.42
8305,13,2020-10-12 22:51:00,4.5,0.9
8306,68,2020-10-13 10:20:00,14.9,2.98
8307,4,2020-10-13 10:33:00,135.9,27.18
8308,0,2020-10-13 11:23:00,21.7,4.34
8309,9,2020-10-13 12:07:00,4.5,0.9
8310,1,2020-10-13 12:13:00,153.1,30.62
8311,1,2020-10-13 12:59:00,15.6,3.12
8312,8,2020-10-13 13:01:00,70.0,14.0
8313,14,2020-10-13 13:02:00,2.1,0.42
8314,14,2020-10-13 13:59:00,8.7,1.74
8315,5,2020-10-13 14:08:00,130.2,26.04
8316,14,2020-10-13 14:51:00,157.3,31.46
8317,12,2020-10-13 15:43:00,20.0,4.0
8318,14,2020-10-13 16:40:00,10.1,2.02
8319,12,2020-10-13 17:22:00,26.9,5.38
8320,3,2020-10-13 18:01:00,38.6,7.72
8321,68,2020-10-13 18:05:00,23.3,4.66
8322,7,2020-10-13 18:08:00,15.0,3.0
8323,3,2020-10-13 19:02:00,52.4,10.48
8324,5,2020-10-13 19:36:00,18.8,3.76
8325,2,2020-10-13 20:09:00,54.1,10.82
8326,0,2020-10-13 20:33:00,48.5,9.7
8327,8,2020-10-13 21:11:00,14.7,2.94
8328,0,2020-10-13 21:57:00,49.6,9.92
8329,12,2020-10-13 22:39:00,35.7,7.14
8330,6,2020-10-14 10:38:00,370.5,74.1
8331,9,2020-10-14 11:32:00,102.8,20.56
8332,9,2020-10-14 12:07:00,69.4,13.88
8333,7,2020-10-14 12:37:00,24.8,4.96
8334,8,2020-10-14 13:27:00,49.7,9.94
8335,5,2020-10-14 13:43:00,90.4,18.08
8336,5,2020-10-14 13:48:00,37.2,7.44
8337,68,2020-10-14 13:54:00,65.9,13.18
8338,3,2020-10-14 14:16:00,28.4,5.68
8339,8,2020-10-14 14:25:00,15.9,3.18
8340,3,2020-10-14 15:10:00,11.7,2.34
8341,7,2020-10-14 15:57:00,21.7,4.34
8342,9,2020-10-14 16:33:00,2.4,0.48
8343,9,2020-10-14 17:00:00,28.6,5.72
8344,68,2020-10-14 17:24:00,14.1,2.82
8345,12,2020-10-14 18:03:00,66.3,13.26
8346,1,2020-10-14 18:09:00,26.8,5.36
8347,0,2020-10-14 18:20:00,8.5,1.7
8348,5,2020-10-14 19:06:00,24.0,4.8
8349,10,2020-10-14 20:06:00,5.4,1.08
8350,12,2020-10-14 20:58:00,22.9,4.58
8351,2,2020-10-14 21:46:00,59.3,11.86
8352,4,2020-10-14 21:46:00,55.4,11.08
8353,67,2020-10-14 21:59:00,35.8,7.16
8354,67,2020-10-14 22:21:00,218.0,43.6
8355,6,2020-10-14 22:57:00,7.2,1.44
8356,0,2020-10-15 10:48:00,10.1,2.02
8357,5,2020-10-15 10:55:00,2.2,0.44
8358,6,2020-10-15 11:46:00,9.1,1.82
8359,6,2020-10-15 12:16:00,109.1,21.82
8360,2,2020-10-15 13:08:00,19.4,3.88
8361,1,2020-10-15 13:22:00,27.3,5.46
8362,3,2020-10-15 13:42:00,72.0,14.4
8363,12,2020-10-15 14:12:00,17.0,3.4
8364,14,2020-10-15 15:11:00,32.7,6.54
8365,5,2020-10-15 15:57:00,13.2,2.64
8366,0,2020-10-15 16:04:00,289.6,57.92
8367,7,2020-10-15 17:03:00,8.0,1.6
8368,9,2020-10-15 17:07:00,110.7,22.14
8369,13,2020-10-15 17:23:00,2.4,0.48
8370,12,2020-10-15 17:54:00,28.4,5.68
8371,10,2020-10-15 18:31:00,33.4,6.68
8372,3,2020-10-15 18:56:00,23.4,4.68
8373,12,2020-10-15 19:17:00,27.7,5.54
8374,0,2020-10-15 19:55:00,14.7,2.94
8375,6,2020-10-15 20:27:00,2.4,0.48
8376,4,2020-10-15 20:52:00,12.2,2.44
8377,5,2020-10-15 21:33:00,14.9,2.98
8378,14,2020-10-15 22:03:00,75.0,15.0
8379,6,2020-10-15 22:28:00,56.9,11.38
8380,10,2020-10-15 22:52:00,14.1,2.82
8381,8,2020-10-15 22:54:00,105.4,21.08
8382,5,2020-10-16 10:14:00,26.3,5.26
8383,13,2020-10-16 10:25:00,11.3,2.26
8384,7,2020-10-16 10:29:00,11.1,2.22
8385,0,2020-10-16 11:25:00,2.4,0.48
8386,10,2020-10-16 11:30:00,19.3,3.86
8387,7,2020-10-16 11:55:00,210.2,42.04
8388,6,2020-10-16 12:55:00,11.3,2.26
8389,13,2020-10-16 13:43:00,178.3,35.66
8390,67,2020-10-16 14:42:00,116.2,23.24
8391,13,2020-10-16 14:44:00,21.0,4.2
8392,14,2020-10-16 14:48:00,13.2,2.64
8393,68,2020-10-16 15:18:00,162.1,32.42
8394,8,2020-10-16 16:08:00,177.3,35.46
8395,4,2020-10-16 16:36:00,230.9,46.18
8396,68,2020-10-16 16:41:00,61.8,12.36
8397,10,2020-10-16 16:54:00,139.0,27.8
8398,2,2020-10-16 17:02:00,46.2,9.24
8399,68,2020-10-16 17:28:00,48.3,9.66
8400,0,2020-10-16 17:28:00,11.7,2.34
8401,6,2020-10-16 17:51:00,150.8,30.16
8402,5,2020-10-16 17:52:00,2.6,0.52
8403,67,2020-10-16 17:57:00,129.5,25.9
8404,6,2020-10-16 18:00:00,19.6,3.92
8405,13,2020-10-16 18:29:00,135.1,27.02
8406,0,2020-10-16 19:02:00,34.9,6.98
8407,14,2020-10-16 19:10:00,88.5,17.7
8408,0,2020-10-16 19:28:00,2.1,0.42
8409,7,2020-10-16 19:53:00,109.1,21.82
8410,2,2020-10-16 20:20:00,54.1,10.82
8411,0,2020-10-16 21:12:00,15.4,3.08
8412,2,2020-10-16 21:35:00,32.6,6.52
8413,7,2020-10-16 22:13:00,34.4,6.88
8414,67,2020-10-17 10:58:00,11.7,2.34
8415,67,2020-10-17 11:11:00,29.5,5.9
8416,5,2020-10-17 11:24:00,58.5,11.7
8417,8,2020-10-17 11:50:00,119.4,23.88
8418,14,2020-10-17 12:17:00,14.9,2.98
8419,13,2020-10-17 12:20:00,8.5,1.7
8420,12,2020-10-17 12:43:00,60.9,12.18
8421,13,2020-10-17 12:44:00,2.6,0.52
8422,14,2020-10-17 12:46:00,67.1,13.42
8423,67,2020-10-17 13:00:00,37.7,7.54
8424,3,2020-10-17 13:06:00,13.2,2.64
8425,5,2020-10-17 13:18:00,11.6,2.32
8426,12,2020-10-17 13:20:00,161.7,32.34
8427,9,2020-10-17 13:35:00,12.5,2.5
8428,12,2020-10-17 13:42:00,4.6,0.92
8429,6,2020-10-17 13:50:00,21.5,4.3
8430,14,2020-10-17 14:11:00,26.7,5.34
8431,10,2020-10-17 14:32:00,11.6,2.32
8432,6,2020-10-17 14:51:00,18.1,3.62
8433,13,2020-10-17 15:18:00,18.5,3.7
8434,68,2020-10-17 15:42:00,10.9,2.18
8435,9,2020-10-17 15:49:00,16.4,3.28
8436,10,2020-10-17 16:11:00,44.0,8.8
8437,1,2020-10-17 16:13:00,273.1,54.62
8438,4,2020-10-17 16:37:00,11.7,2.34
8439,5,2020-10-17 16:53:00,23.9,4.78
8440,7,2020-10-17 17:03:00,12.2,2.44
8441,3,2020-10-17 17:25:00,59.9,11.98
8442,67,2020-10-17 17:43:00,65.4,13.08
8443,10,2020-10-17 17:50:00,22.6,4.52
8444,12,2020-10-17 18:01:00,10.9,2.18
8445,8,2020-10-17 18:09:00,75.3,15.06
8446,8,2020-10-17 18:33:00,32.1,6.42
8447,12,2020-10-17 18:40:00,8.0,1.6
8448,68,2020-10-17 18:44:00,209.7,41.94
8449,4,2020-10-17 19:12:00,128.7,25.74
8450,9,2020-10-17 19:34:00,110.1,22.02
8451,2,2020-10-17 19:43:00,45.5,9.1
8452,10,2020-10-17 19:52:00,12.2,2.44
8453,3,2020-10-17 19:54:00,99.6,19.92
8454,6,2020-10-17 19:54:00,23.1,4.62
8455,68,2020-10-17 20:02:00,61.8,12.36
8456,7,2020-10-17 20:12:00,47.9,9.58
8457,1,2020-10-17 20:30:00,57.2,11.44
8458,2,2020-10-17 20:47:00,292.3,58.46
8459,9,2020-10-17 20:57:00,275.9,55.18
8460,67,2020-10-17 21:19:00,11.6,2.32
8461,10,2020-10-17 21:49:00,189.4,37.88
8462,7,2020-10-17 22:15:00,5.4,1.08
8463,4,2020-10-17 22:31:00,19.8,3.96
8464,67,2020-10-17 22:53:00,123.9,24.78
8465,1,2020-10-18 11:10:00,28.0,5.6
8466,4,2020-10-18 11:47:00,2.4,0.48
8467,67,2020-10-18 12:26:00,26.2,5.24
8468,68,2020-10-18 13:07:00,10.1,2.02
8469,5,2020-10-18 14:03:00,103.2,20.64
8470,0,2020-10-18 14:21:00,25.5,5.1
8471,7,2020-10-18 14:41:00,5.0,1.0
8472,5,2020-10-18 14:46:00,61.4,12.28
8473,14,2020-10-18 15:36:00,70.0,14.0
8474,3,2020-10-18 16:32:00,10.0,2.0
8475,12,2020-10-18 16:37:00,195.2,39.04
8476,9,2020-10-18 16:56:00,13.5,2.7
8477,9,2020-10-18 17:39:00,124.9,24.98
8478,10,2020-10-18 18:22:00,143.0,28.6
8479,10,2020-10-18 19:19:00,183.4,36.68
8480,8,2020-10-18 20:06:00,17.4,3.48
8481,2,2020-10-18 20:06:00,173.6,34.72
8482,14,2020-10-18 20:14:00,76.6,15.32
8483,68,2020-10-18 20:55:00,12.2,2.44
8484,0,2020-10-18 21:12:00,14.9,2.98
8485,3,2020-10-18 21:12:00,4.6,0.92
8486,10,2020-10-18 21:31:00,2.1,0.42
8487,1,2020-10-18 22:18:00,14.0,2.8
8488,12,2020-10-19 10:59:00,115.2,23.04
8489,3,2020-10-19 11:31:00,62.5,12.5
8490,7,2020-10-19 12:12:00,21.8,4.36
8491,4,2020-10-19 12:39:00,69.8,13.96
8492,5,2020-10-19 12:40:00,102.1,20.42
8493,67,2020-10-19 13:22:00,11.1,2.22
8494,68,2020-10-19 13:54:00,4.6,0.92
8495,2,2020-10-19 14:42:00,2.1,0.42
8496,14,2020-10-19 15:19:00,32.0,6.4
8497,67,2020-10-19 15:39:00,4.2,0.84
8498,14,2020-10-19 16:19:00,112.9,22.58
8499,9,2020-10-19 16:21:00,144.5,28.9
8500,1,2020-10-19 16:46:00,115.2,23.04
8501,12,2020-10-19 17:27:00,20.2,4.04
8502,10,2020-10-19 18:14:00,23.4,4.68
8503,0,2020-10-19 18:48:00,147.5,29.5
8504,6,2020-10-19 19:30:00,38.1,7.62
8505,0,2020-10-19 19:58:00,17.7,3.54
8506,2,2020-10-19 20:03:00,4.5,0.9
8507,6,2020-10-19 20:53:00,4.8,0.96
8508,13,2020-10-19 20:57:00,4.2,0.84
8509,13,2020-10-19 21:33:00,106.0,21.2
8510,9,2020-10-19 22:31:00,78.3,15.66
8511,2,2020-10-20 10:55:00,29.8,5.96
8512,6,2020-10-20 11:09:00,15.9,3.18
8513,8,2020-10-20 11:24:00,30.6,6.12
8514,10,2020-10-20 11:49:00,51.8,10.36
8515,1,2020-10-20 12:33:00,113.1,22.62
8516,13,2020-10-20 12:37:00,2.1,0.42
8517,5,2020-10-20 13:07:00,10.6,2.12
8518,6,2020-10-20 13:34:00,23.3,4.66
8519,1,2020-10-20 14:19:00,119.7,23.94
8520,9,2020-10-20 14:51:00,93.1,18.62
8521,0,2020-10-20 15:00:00,49.6,9.92
8522,67,2020-10-20 15:27:00,157.5,31.5
8523,3,2020-10-20 15:57:00,51.2,10.24
8524,8,2020-10-20 16:18:00,14.1,2.82
8525,5,2020-10-20 16:20:00,58.1,11.62
8526,9,2020-10-20 16:50:00,2.1,0.42
8527,5,2020-10-20 17:50:00,62.6,12.52
8528,9,2020-10-20 18:19:00,59.9,11.98
8529,68,2020-10-20 18:40:00,14.7,2.94
8530,5,2020-10-20 19:37:00,21.7,4.34
8531,4,2020-10-20 19:50:00,129.3,25.86
8532,5,2020-10-20 20:37:00,20.2,4.04
8533,2,2020-10-20 20:39:00,16.9,3.38
8534,1,2020-10-20 21:20:00,2.1,0.42
8535,6,2020-10-20 21:24:00,10.1,2.02
8536,3,2020-10-20 22:16:00,45.5,9.1
8537,1,2020-10-21 10:59:00,20.1,4.02
8538,14,2020-10-21 11:29:00,63.1,12.62
8539,1,2020-10-21 12:14:00,16.4,3.28
8540,3,2020-10-21 12:55:00,112.2,22.44
8541,9,2020-10-21 13:08:00,16.3,3.26
8542,0,2020-10-21 13:34:00,42.0,8.4
8543,0,2020-10-21 14:23:00,2.4,0.48
8544,0,2020-10-21 15:02:00,20.1,4.02
8545,12,2020-10-21 15:33:00,176.8,35.36
8546,0,2020-10-21 16:01:00,31.2,6.24
8547,68,2020-10-21 16:13:00,214.1,42.82
8548,0,2020-10-21 16:39:00,19.6,3.92
8549,0,2020-10-21 17:23:00,5.4,1.08
8550,67,2020-10-21 18:15:00,134.8,26.96
8551,3,2020-10-21 18:51:00,44.0,8.8
8552,0,2020-10-21 19:23:00,113.9,22.78
8553,3,2020-10-21 19:52:00,48.7,9.74
8554,1,2020-10-21 19:57:00,157.1,31.42
8555,4,2020-10-21 20:19:00,110.6,22.12
8556,6,2020-10-21 20:27:00,8.4,1.68
8557,3,2020-10-21 20:40:00,248.4,49.68
8558,3,2020-10-21 21:05:00,67.4,13.48
8559,8,2020-10-21 21:36:00,15.3,3.06
8560,7,2020-10-21 21:41:00,18.6,3.72
8561,8,2020-10-21 22:18:00,82.5,16.5
8562,9,2020-10-22 10:47:00,8.7,1.74
8563,9,2020-10-22 11:01:00,27.1,5.42
8564,6,2020-10-22 11:50:00,36.5,7.3
8565,4,2020-10-22 12:24:00,164.0,32.8
8566,67,2020-10-22 12:52:00,24.9,4.98
8567,68,2020-10-22 13:35:00,2.4,0.48
8568,7,2020-10-22 13:52:00,14.4,2.88
8569,2,2020-10-22 14:30:00,76.6,15.32
8570,0,2020-10-22 15:11:00,227.5,45.5
8571,8,2020-10-22 15:20:00,146.9,29.38
8572,2,2020-10-22 15:52:00,2.4,0.48
8573,1,2020-10-22 15:55:00,168.3,33.66
8574,5,2020-10-22 16:01:00,128.3,25.66
8575,7,2020-10-22 16:22:00,13.8,2.76
8576,8,2020-10-22 16:27:00,5.6,1.12
8577,8,2020-10-22 17:09:00,137.7,27.54
8578,1,2020-10-22 18:04:00,176.4,35.28
8579,68,2020-10-22 18:40:00,24.1,4.82
8580,12,2020-10-22 19:31:00,13.5,2.7
8581,14,2020-10-22 20:17:00,2.1,0.42
8582,7,2020-10-22 20:24:00,22.6,4.52
8583,5,2020-10-22 20:56:00,126.5,25.3
8584,8,2020-10-22 21:31:00,46.4,9.28
8585,6,2020-10-22 21:37:00,154.1,30.82
8586,3,2020-10-22 21:43:00,113.3,22.66
8587,3,2020-10-22 22:41:00,26.0,5.2
8588,68,2020-10-23 10:29:00,124.8,24.96
8589,2,2020-10-23 11:29:00,64.1,12.82
8590,12,2020-10-23 11:40:00,10.7,2.14
8591,14,2020-10-23 12:04:00,4.8,0.96
8592,0,2020-10-23 12:52:00,31.1,6.22
8593,4,2020-10-23 13:19:00,164.8,32.96
8594,13,2020-10-23 14:11:00,121.6,24.32
8595,8,2020-10-23 14:49:00,242.0,48.4
8596,68,2020-10-23 15:06:00,73.5,14.7
8597,68,2020-10-23 15:18:00,62.7,12.54
8598,67,2020-10-23 16:17:00,13.2,2.64
8599,4,2020-10-23 17:13:00,13.8,2.76
8600,4,2020-10-23 17:20:00,34.4,6.88
8601,1,2020-10-23 18:01:00,303.1,60.62
8602,0,2020-10-23 18:55:00,34.4,6.88
8603,7,2020-10-23 19:53:00,18.1,3.62
8604,3,2020-10-23 20:30:00,56.5,11.3
8605,8,2020-10-23 20:32:00,2.1,0.42
8606,67,2020-10-23 20:34:00,6.7,1.34
8607,6,2020-10-23 20:44:00,52.8,10.56
8608,4,2020-10-23 21:30:00,74.2,14.84
8609,8,2020-10-23 21:36:00,10.9,2.18
8610,67,2020-10-23 22:14:00,99.4,19.88
8611,68,2020-10-24 10:56:00,135.1,27.02
8612,13,2020-10-24 11:21:00,2.6,0.52
8613,7,2020-10-24 11:29:00,126.0,25.2
8614,67,2020-10-24 11:53:00,10.9,2.18
8615,1,2020-10-24 12:19:00,57.7,11.54
8616,14,2020-10-24 12:35:00,147.6,29.52
8617,5,2020-10-24 12:37:00,172.8,34.56
8618,2,2020-10-24 13:00:00,146.4,29.28
8619,5,2020-10-24 13:06:00,2.4,0.48
8620,2,2020-10-24 13:09:00,2.1,0.42
8621,2,2020-10-24 13:28:00,4.5,0.9
8622,6,2020-10-24 13:37:00,125.4,25.08
8623,4,2020-10-24 13:51:00,12.2,2.44
8624,6,2020-10-24 14:18:00,67.1,13.42
8625,68,2020-10-24 14:34:00,50.7,10.14
8626,10,2020-10-24 14:47:00,14.0,2.8
8627,4,2020-10-24 15:03:00,147.7,29.54
8628,14,2020-10-24 15:08:00,173.3,34.66
8629,3,2020-10-24 15:34:00,176.5,35.3
8630,5,2020-10-24 16:00:00,66.6,13.32
8631,6,2020-10-24 16:25:00,66.9,13.38
8632,7,2020-10-24 16:31:00,17.2,3.44
8633,10,2020-10-24 16:55:00,113.4,22.68
8634,9,2020-10-24 17:08:00,2.4,0.48
8635,9,2020-10-24 17:24:00,12.2,2.44
8636,68,2020-10-24 17:27:00,8.5,1.7
8637,4,2020-10-24 17:40:00,140.0,28.0
8638,68,2020-10-24 18:04:00,54.1,10.82
8639,12,2020-10-24 18:32:00,120.7,24.14
8640,13,2020-10-24 18:35:00,29.0,5.8
8641,12,2020-10-24 18:55:00,4.7,0.94
8642,2,2020-10-24 19:21:00,133.2,26.64
8643,2,2020-10-24 19:33:00,5.6,1.12
8644,3,2020-10-24 19:49:00,2.4,0.48
8645,8,2020-10-24 20:02:00,20.2,4.04
8646,6,2020-10-24 20:23:00,65.4,13.08
8647,6,2020-10-24 20:34:00,110.4,22.08
8648,8,2020-10-24 20:34:00,47.9,9.58
8649,6,2020-10-24 20:47:00,60.1,12.02
8650,67,2020-10-24 21:17:00,172.3,34.46
8651,4,2020-10-24 21:17:00,4.6,0.92
8652,13,2020-10-24 21:34:00,54.9,10.98
8653,13,2020-10-24 21:38:00,8.7,1.74
8654,7,2020-10-24 21:38:00,29.7,5.94
8655,67,2020-10-24 21:46:00,90.4,18.08
8656,2,2020-10-24 22:06:00,275.4,55.08
8657,4,2020-10-24 22:09:00,26.7,5.34
8658,0,2020-10-24 22:10:00,233.9,46.78
8659,5,2020-10-24 22:11:00,15.7,3.14
8660,0,2020-10-24 22:23:00,20.2,4.04
8661,8,2020-10-24 22:37:00,31.7,6.34
8662,3,2020-10-25 11:27:00,14.4,2.88
8663,6,2020-10-25 11:40:00,229.1,45.82
8664,9,2020-10-25 12:31:00,176.4,35.28
8665,12,2020-10-25 13:09:00,14.9,2.98
8666,7,2020-10-25 13:42:00,55.4,11.08
8667,9,2020-10-25 13:46:00,240.0,48.0
8668,7,2020-10-25 14:43:00,31.2,6.24
8669,5,2020-10-25 14:44:00,184.1,36.82
8670,13,2020-10-25 15:29:00,14.1,2.82
8671,5,2020-10-25 16:28:00,38.7,7.74
8672,68,2020-10-25 16:58:00,10.1,2.02
8673,6,2020-10-25 17:25:00,145.2,29.04
8674,68,2020-10-25 17:26:00,230.0,46.0
8675,6,2020-10-25 17:49:00,14.2,2.84
8676,10,2020-10-25 18:26:00,2.1,0.42
8677,1,2020-10-25 19:23:00,29.4,5.88
8678,2,2020-10-25 19:24:00,217.3,43.46
8679,9,2020-10-25 19:39:00,59.3,11.86
8680,14,2020-10-25 20:20:00,71.9,14.38
8681,13,2020-10-25 21:16:00,49.0,9.8
8682,67,2020-10-25 21:54:00,2.4,0.48
8683,1,2020-10-25 22:12:00,73.8,14.76
8684,10,2020-10-25 22:53:00,10.1,2.02
8685,12,2020-10-26 10:30:00,32.7,6.54
8686,2,2020-10-26 10:31:00,14.7,2.94
8687,0,2020-10-26 10:49:00,28.7,5.74
8688,8,2020-10-26 11:40:00,75.1,15.02
8689,67,2020-10-26 11:53:00,4.6,0.92
8690,1,2020-10-26 12:04:00,127.6,25.52
8691,12,2020-10-26 12:46:00,7.8,1.56
8692,2,2020-10-26 13:45:00,60.1,12.02
8693,8,2020-10-26 14:19:00,109.1,21.82
8694,3,2020-10-26 14:19:00,155.8,31.16
8695,6,2020-10-26 14:57:00,46.1,9.22
8696,12,2020-10-26 15:09:00,2.4,0.48
8697,5,2020-10-26 16:02:00,48.5,9.7
8698,14,2020-10-26 16:02:00,6.9,1.38
8699,9,2020-10-26 16:31:00,15.5,3.1
8700,0,2020-10-26 17:08:00,30.1,6.02
8701,4,2020-10-26 18:01:00,10.1,2.02
8702,3,2020-10-26 18:41:00,242.0,48.4
8703,8,2020-10-26 19:21:00,34.2,6.84
8704,12,2020-10-26 19:58:00,76.7,15.34
8705,5,2020-10-26 20:11:00,22.4,4.48
8706,3,2020-10-26 20:49:00,16.3,3.26
8707,5,2020-10-26 21:44:00,24.6,4.92
8708,14,2020-10-26 22:24:00,37.6,7.52
8709,7,2020-10-26 22:45:00,84.4,16.88
8710,14,2020-10-26 22:48:00,47.9,9.58
8711,1,2020-10-27 10:39:00,124.7,24.94
8712,4,2020-10-27 10:58:00,204.0,40.8
8713,68,2020-10-27 11:10:00,27.5,5.5
8714,8,2020-10-27 11:12:00,12.7,2.54
8715,68,2020-10-27 12:12:00,50.2,10.04
8716,67,2020-10-27 13:06:00,20.2,4.04
8717,67,2020-10-27 14:01:00,11.7,2.34
8718,4,2020-10-27 14:38:00,63.7,12.74
8719,9,2020-10-27 15:32:00,17.2,3.44
8720,6,2020-10-27 16:13:00,172.2,34.44
8721,14,2020-10-27 16:36:00,13.0,2.6
8722,7,2020-10-27 17:23:00,33.1,6.62
8723,4,2020-10-27 18:15:00,13.2,2.64
8724,12,2020-10-27 18:58:00,2.1,0.42
8725,2,2020-10-27 19:55:00,6.9,1.38
8726,8,2020-10-27 20:01:00,155.5,31.1
8727,13,2020-10-27 20:25:00,65.6,13.12
8728,68,2020-10-27 20:41:00,56.4,11.28
8729,68,2020-10-27 21:18:00,2.1,0.42
8730,3,2020-10-27 21:41:00,2.1,0.42
8731,0,2020-10-27 22:33:00,27.2,5.44
8732,10,2020-10-27 22:58:00,15.6,3.12
8733,12,2020-10-28 10:14:00,22.3,4.46
8734,67,2020-10-28 10:58:00,20.8,4.16
8735,68,2020-10-28 11:22:00,143.3,28.66
8736,0,2020-10-28 11:23:00,112.2,22.44
8737,7,2020-10-28 11:39:00,13.0,2.6
8738,12,2020-10-28 12:26:00,120.7,24.14
8739,13,2020-10-28 12:59:00,55.5,11.1
8740,2,2020-10-28 13:07:00,22.6,4.52
8741,0,2020-10-28 13:23:00,18.3,3.66
8742,12,2020-10-28 14:09:00,15.3,3.06
8743,4,2020-10-28 14:41:00,80.8,16.16
8744,6,2020-10-28 15:41:00,224.7,44.94
8745,67,2020-10-28 16:20:00,17.1,3.42
8746,14,2020-10-28 16:37:00,12.7,2.54
8747,2,2020-10-28 16:46:00,11.7,2.34
8748,2,2020-10-28 17:39:00,66.5,13.3
8749,14,2020-10-28 18:04:00,246.8,49.36
8750,2,2020-10-28 18:21:00,27.4,5.48
8751,0,2020-10-28 18:29:00,2.2,0.44
8752,3,2020-10-28 18:52:00,26.0,5.2
8753,13,2020-10-28 18:58:00,55.6,11.12
8754,0,2020-10-28 19:09:00,24.8,4.96
8755,14,2020-10-28 19:48:00,52.7,10.54
8756,7,2020-10-28 20:11:00,31.7,6.34
8757,12,2020-10-28 20:14:00,4.8,0.96
8758,14,2020-10-28 20:18:00,47.0,9.4
8759,7,2020-10-28 21:03:00,2.2,0.44
8760,1,2020-10-28 21:34:00,15.5,3.1
8761,4,2020-10-28 21:45:00,105.9,21.18
8762,1,2020-10-28 22:32:00,2.1,0.42
8763,2,2020-10-28 22:55:00,183.5,36.7
8764,5,2020-10-29 10:39:00,13.4,2.68
8765,14,2020-10-29 11:23:00,21.7,4.34
8766,2,2020-10-29 12:13:00,151.1,30.22
8767,14,2020-10-29 12:44:00,21.3,4.26
8768,1,2020-10-29 12:54:00,59.2,11.84
8769,6,2020-10-29 13:03:00,12.2,2.44
8770,10,2020-10-29 13:33:00,17.7,3.54
8771,8,2020-10-29 13:57:00,156.2,31.24
8772,5,2020-10-29 14:39:00,256.1,51.22
8773,68,2020-10-29 15:03:00,44.0,8.8
8774,1,2020-10-29 15:38:00,59.7,11.94
8775,3,2020-10-29 16:22:00,52.5,10.5
8776,8,2020-10-29 17:19:00,28.0,5.6
8777,4,2020-10-29 17:40:00,38.8,7.76
8778,1,2020-10-29 17:53:00,24.6,4.92
8779,2,2020-10-29 17:57:00,139.6,27.92
8780,9,2020-10-29 18:05:00,22.3,4.46
8781,13,2020-10-29 18:33:00,143.0,28.6
8782,2,2020-10-29 19:07:00,255.8,51.16
8783,3,2020-10-29 19:14:00,5.0,1.0
8784,67,2020-10-29 20:08:00,50.3,10.06
8785,7,2020-10-29 20:28:00,58.9,11.78
8786,7,2020-10-29 21:19:00,110.1,22.02
8787,13,2020-10-29 22:16:00,29.2,5.84
8788,1,2020-10-29 22:48:00,68.4,13.68
8789,9,2020-10-30 10:51:00,154.6,30.92
8790,68,2020-10-30 11:07:00,68.2,13.64
8791,12,2020-10-30 11:44:00,4.2,0.84
8792,13,2020-10-30 12:07:00,2.4,0.48
8793,8,2020-10-30 12:32:00,44.0,8.8
8794,6,2020-10-30 13:10:00,59.9,11.98
8795,8,2020-10-30 13:32:00,63.9,12.78
8796,10,2020-10-30 13:36:00,52.5,10.5
8797,6,2020-10-30 14:17:00,31.0,6.2
8798,13,2020-10-30 14:57:00,164.5,32.9
8799,2,2020-10-30 15:54:00,4.6,0.92
8800,14,2020-10-30 16:14:00,20.5,4.1
8801,67,2020-10-30 16:21:00,26.6,5.32
8802,10,2020-10-30 16:31:00,24.2,4.84
8803,0,2020-10-30 17:19:00,14.1,2.82
8804,14,2020-10-30 18:18:00,25.9,5.18
8805,10,2020-10-30 18:31:00,28.7,5.74
8806,1,2020-10-30 19:00:00,107.5,21.5
8807,4,2020-10-30 19:21:00,8.5,1.7
8808,10,2020-10-30 19:26:00,124.0,24.8
8809,4,2020-10-30 20:19:00,31.8,6.36
8810,0,2020-10-30 20:43:00,32.7,6.54
8811,14,2020-10-30 21:37:00,44.0,8.8
8812,10,2020-10-30 22:22:00,6.9,1.38
8813,0,2020-10-30 22:59:00,54.5,10.9
8814,68,2020-10-31 10:55:00,14.7,2.94
8815,68,2020-10-31 11:20:00,8.5,1.7
8816,67,2020-10-31 11:20:00,31.3,6.26
8817,12,2020-10-31 11:37:00,12.5,2.5
8818,67,2020-10-31 11:39:00,17.2,3.44
8819,4,2020-10-31 11:42:00,51.2,10.24
8820,3,2020-10-31 12:01:00,8.5,1.7
8821,13,2020-10-31 12:23:00,107.5,21.5
8822,10,2020-10-31 12:41:00,4.6,0.92
8823,0,2020-10-31 12:53:00,13.3,2.66
8824,5,2020-10-31 13:01:00,24.9,4.98
8825,6,2020-10-31 13:28:00,2.4,0.48
8826,8,2020-10-31 13:57:00,11.6,2.32
8827,8,2020-10-31 14:12:00,116.1,23.22
8828,1,2020-10-31 14:38:00,171.1,34.22
8829,6,2020-10-31 14:41:00,8.5,1.7
8830,67,2020-10-31 15:10:00,42.7,8.54
8831,9,2020-10-31 15:36:00,66.4,13.28
8832,7,2020-10-31 15:38:00,4.6,0.92
8833,8,2020-10-31 15:47:00,46.6,9.32
8834,3,2020-10-31 15:50:00,61.6,12.32
8835,67,2020-10-31 16:03:00,45.5,9.1
8836,67,2020-10-31 16:08:00,8.5,1.7
8837,13,2020-10-31 16:27:00,244.2,48.84
8838,8,2020-10-31 16:31:00,2.4,0.48
8839,1,2020-10-31 16:41:00,275.9,55.18
8840,3,2020-10-31 16:42:00,6.8,1.36
8841,6,2020-10-31 17:03:00,255.2,51.04
8842,9,2020-10-31 17:28:00,114.9,22.98
8843,14,2020-10-31 17:56:00,13.7,2.74
8844,12,2020-10-31 18:16:00,41.1,8.22
8845,2,2020-10-31 18:36:00,44.0,8.8
8846,1,2020-10-31 18:59:00,48.8,9.76
8847,68,2020-10-31 19:24:00,55.3,11.06
8848,1,2020-10-31 19:27:00,60.7,12.14
8849,0,2020-10-31 19:51:00,20.2,4.04
8850,4,2020-10-31 20:17:00,119.8,23.96
8851,9,2020-10-31 20:38:00,12.5,2.5
8852,9,2020-10-31 20:47:00,70.6,14.12
8853,1,2020-10-31 20:59:00,14.7,2.94
8854,5,2020-10-31 21:06:00,58.1,11.62
8855,67,2020-10-31 21:11:00,2.2,0.44
8856,4,2020-10-31 21:13:00,5.4,1.08
8857,14,2020-10-31 21:26:00,44.0,8.8
8858,4,2020-10-31 21:55:00,28.6,5.72
8859,10,2020-10-31 22:14:00,125.9,25.18
8860,12,2020-10-31 22:42:00,11.7,2.34
8861,3,2020-10-31 22:42:00,12.7,2.54
8862,67,2020-11-01 11:30:00,24.7,4.94
8863,9,2020-11-01 11:38:00,57.4,11.48
8864,13,2020-11-01 11:43:00,15.6,3.12
8865,14,2020-11-01 12:40:00,15.1,3.02
8866,3,2020-11-01 12:45:00,6.6,1.32
8867,1,2020-11-01 13:21:00,195.7,39.14
8868,8,2020-11-01 13:42:00,12.1,2.42
8869,68,2020-11-01 14:20:00,22.2,4.44
8870,13,2020-11-01 14:24:00,24.3,4.86
8871,5,2020-11-01 15:19:00,59.0,11.8
8872,68,2020-11-01 16:09:00,12.3,2.46
8873,3,2020-11-01 16:34:00,33.6,6.72
8874,4,2020-11-01 16:48:00,11.6,2.32
8875,68,2020-11-01 17:02:00,64.9,12.98
8876,6,2020-11-01 18:01:00,57.7,11.54
8877,7,2020-11-01 18:25:00,115.7,23.14
8878,0,2020-11-01 18:49:00,49.1,9.82
8879,12,2020-11-01 19:45:00,167.3,33.46
8880,10,2020-11-01 20:04:00,199.6,39.92
8881,3,2020-11-01 20:50:00,81.2,16.24
8882,10,2020-11-01 21:46:00,242.0,48.4
8883,3,2020-11-01 22:44:00,18.8,3.76
8884,9,2020-11-01 22:50:00,26.0,5.2
8885,12,2020-11-01 22:54:00,377.1,75.42
8886,3,2020-11-02 10:28:00,13.6,2.72
8887,4,2020-11-02 10:39:00,18.1,3.62
8888,13,2020-11-02 10:47:00,143.0,28.6
8889,2,2020-11-02 10:56:00,121.2,24.24
8890,9,2020-11-02 11:28:00,4.8,0.96
8891,5,2020-11-02 12:28:00,2.4,0.48
8892,5,2020-11-02 12:55:00,4.8,0.96
8893,2,2020-11-02 13:16:00,110.5,22.1
8894,68,2020-11-02 14:06:00,38.7,7.74
8895,6,2020-11-02 14:22:00,10.1,2.02
8896,5,2020-11-02 15:07:00,44.0,8.8
8897,13,2020-11-02 15:20:00,34.9,6.98
8898,7,2020-11-02 15:22:00,7.8,1.56
8899,12,2020-11-02 15:23:00,68.9,13.78
8900,14,2020-11-02 16:00:00,140.9,28.18
8901,8,2020-11-02 16:34:00,20.5,4.1
8902,6,2020-11-02 17:28:00,167.5,33.5
8903,7,2020-11-02 17:35:00,58.5,11.7
8904,8,2020-11-02 17:48:00,13.1,2.62
8905,67,2020-11-02 18:24:00,172.2,34.44
8906,1,2020-11-02 19:23:00,224.0,44.8
8907,0,2020-11-02 20:19:00,13.1,2.62
8908,9,2020-11-02 20:19:00,2.2,0.44
8909,4,2020-11-02 20:51:00,6.7,1.34
8910,4,2020-11-02 20:56:00,35.0,7.0
8911,0,2020-11-02 21:41:00,47.9,9.58
8912,12,2020-11-02 21:45:00,61.4,12.28
8913,1,2020-11-02 22:16:00,112.2,22.44
8914,9,2020-11-03 10:45:00,11.7,2.34
8915,9,2020-11-03 11:12:00,50.9,10.18
8916,12,2020-11-03 12:03:00,46.4,9.28
8917,7,2020-11-03 12:27:00,16.2,3.24
8918,14,2020-11-03 13:25:00,21.0,4.2
8919,8,2020-11-03 14:25:00,13.8,2.76
8920,6,2020-11-03 14:59:00,8.5,1.7
8921,68,2020-11-03 15:35:00,12.8,2.56
8922,9,2020-11-03 16:23:00,110.7,22.14
8923,8,2020-11-03 16:42:00,110.6,22.12
8924,13,2020-11-03 17:17:00,110.7,22.14
8925,12,2020-11-03 17:27:00,2.4,0.48
8926,2,2020-11-03 18:08:00,92.0,18.4
8927,4,2020-11-03 18:29:00,147.8,29.56
8928,3,2020-11-03 18:44:00,52.5,10.5
8929,2,2020-11-03 19:08:00,174.0,34.8
8930,9,2020-11-03 19:17:00,56.3,11.26
8931,1,2020-11-03 19:22:00,12.2,2.44
8932,9,2020-11-03 19:38:00,145.2,29.04
8933,1,2020-11-03 19:59:00,14.3,2.86
8934,68,2020-11-03 20:57:00,169.7,33.94
8935,2,2020-11-03 21:47:00,29.7,5.94
8936,4,2020-11-03 21:49:00,67.9,13.58
8937,7,2020-11-03 21:50:00,166.8,33.36
8938,13,2020-11-03 22:17:00,30.7,6.14
8939,67,2020-11-03 22:18:00,27.1,5.42
8940,4,2020-11-03 22:47:00,93.2,18.64
8941,3,2020-11-03 22:50:00,17.2,3.44
8942,0,2020-11-04 10:44:00,22.6,4.52
8943,6,2020-11-04 11:03:00,50.1,10.02
8944,13,2020-11-04 11:15:00,144.0,28.8
8945,6,2020-11-04 11:36:00,110.7,22.14
8946,9,2020-11-04 12:22:00,29.2,5.84
8947,10,2020-11-04 12:33:00,7.8,1.56
8948,7,2020-11-04 12:40:00,20.8,4.16
8949,1,2020-11-04 13:21:00,48.2,9.64
8950,1,2020-11-04 14:19:00,159.7,31.94
8951,0,2020-11-04 15:08:00,26.9,5.38
8952,10,2020-11-04 15:17:00,177.9,35.58
8953,5,2020-11-04 15:19:00,18.8,3.76
8954,6,2020-11-04 15:55:00,56.7,11.34
8955,1,2020-11-04 16:17:00,109.1,21.82
8956,12,2020-11-04 17:17:00,2.4,0.48
8957,1,2020-11-04 17:34:00,110.6,22.12
8958,6,2020-11-04 18:12:00,28.6,5.72
8959,2,2020-11-04 19:02:00,47.9,9.58
8960,14,2020-11-04 20:00:00,123.5,24.7
8961,7,2020-11-04 20:57:00,64.9,12.98
8962,0,2020-11-04 21:07:00,48.2,9.64
8963,13,2020-11-04 21:22:00,36.6,7.32
8964,14,2020-11-04 21:42:00,11.4,2.28
8965,8,2020-11-04 22:11:00,31.7,6.34
8966,1,2020-11-04 22:42:00,111.2,22.24
8967,7,2020-11-05 10:39:00,17.0,3.4
8968,7,2020-11-05 11:03:00,81.9,16.38
8969,67,2020-11-05 11:17:00,2.1,0.42
8970,12,2020-11-05 11:46:00,123.0,24.6
8971,5,2020-11-05 12:06:00,20.2,4.04
8972,5,2020-11-05 12:16:00,62.8,12.56
8973,3,2020-11-05 12:55:00,52.3,10.46
8974,1,2020-11-05 12:58:00,42.4,8.48
8975,7,2020-11-05 13:44:00,50.3,10.06
8976,5,2020-11-05 14:07:00,16.8,3.36
8977,2,2020-11-05 15:07:00,70.4,14.08
8978,9,2020-11-05 15:54:00,15.1,3.02
8979,7,2020-11-05 15:58:00,22.6,4.52
8980,3,2020-11-05 16:27:00,7.8,1.56
8981,5,2020-11-05 17:14:00,21.7,4.34
8982,13,2020-11-05 17:39:00,43.5,8.7
8983,8,2020-11-05 18:20:00,257.6,51.52
8984,68,2020-11-05 18:26:00,12.4,2.48
8985,4,2020-11-05 18:46:00,113.1,22.62
8986,12,2020-11-05 19:08:00,19.4,3.88
8987,12,2020-11-05 19:46:00,78.0,15.6
8988,12,2020-11-05 20:21:00,116.0,23.2
8989,12,2020-11-05 21:06:00,47.9,9.58
8990,7,2020-11-05 21:34:00,153.0,30.6
8991,8,2020-11-05 22:01:00,60.1,12.02
8992,2,2020-11-05 22:21:00,74.7,14.94
8993,13,2020-11-06 10:45:00,181.8,36.36
8994,10,2020-11-06 11:07:00,24.2,4.84
8995,9,2020-11-06 11:52:00,77.7,15.54
8996,8,2020-11-06 12:17:00,20.4,4.08
8997,67,2020-11-06 13:13:00,128.5,25.7
8998,1,2020-11-06 13:32:00,2.1,0.42
8999,0,2020-11-06 14:04:00,31.4,6.28
9000,14,2020-11-06 14:10:00,188.5,37.7
9001,13,2020-11-06 14:32:00,8.5,1.7
9002,68,2020-11-06 15:26:00,2.1,0.42
9003,13,2020-11-06 16:15:00,32.6,6.52
9004,10,2020-11-06 16:33:00,66.3,13.26
9005,8,2020-11-06 17:07:00,82.3,16.46
9006,12,2020-11-06 17:47:00,132.6,26.52
9007,68,2020-11-06 18:22:00,77.0,15.4
9008,8,2020-11-06 19:07:00,55.8,11.16
9009,13,2020-11-06 19:09:00,102.6,20.52
9010,1,2020-11-06 19:46:00,6.6,1.32
9011,13,2020-11-06 20:26:00,2.1,0.42
9012,12,2020-11-06 21:24:00,170.7,34.14
9013,14,2020-11-06 22:04:00,13.5,2.7
9014,3,2020-11-06 22:17:00,188.5,37.7
9015,12,2020-11-06 22:45:00,47.9,9.58
9016,68,2020-11-07 10:26:00,12.5,2.5
9017,6,2020-11-07 10:28:00,100.5,20.1
9018,8,2020-11-07 10:32:00,96.1,19.22
9019,13,2020-11-07 10:51:00,49.6,9.92
9020,13,2020-11-07 11:11:00,162.3,32.46
9021,6,2020-11-07 11:21:00,144.0,28.8
9022,68,2020-11-07 11:43:00,2.1,0.42
9023,10,2020-11-07 11:52:00,47.9,9.58
9024,14,2020-11-07 11:52:00,227.2,45.44
9025,3,2020-11-07 11:53:00,98.2,19.64
9026,8,2020-11-07 11:54:00,197.9,39.58
9027,12,2020-11-07 11:58:00,55.1,11.02
9028,68,2020-11-07 12:16:00,223.5,44.7
9029,68,2020-11-07 12:45:00,21.8,4.36
9030,13,2020-11-07 13:13:00,17.0,3.4
9031,12,2020-11-07 13:29:00,26.4,5.28
9032,0,2020-11-07 13:53:00,68.0,13.6
9033,67,2020-11-07 14:19:00,123.2,24.64
9034,3,2020-11-07 14:36:00,28.5,5.7
9035,9,2020-11-07 14:51:00,20.8,4.16
9036,67,2020-11-07 15:04:00,2.4,0.48
9037,4,2020-11-07 15:26:00,130.6,26.12
9038,6,2020-11-07 15:30:00,26.3,5.26
9039,2,2020-11-07 15:33:00,23.3,4.66
9040,67,2020-11-07 16:00:00,84.0,16.8
9041,5,2020-11-07 16:16:00,10.9,2.18
9042,6,2020-11-07 16:39:00,11.7,2.34
9043,7,2020-11-07 17:02:00,99.4,19.88
9044,1,2020-11-07 17:10:00,29.7,5.94
9045,5,2020-11-07 17:32:00,300.6,60.12
9046,12,2020-11-07 17:47:00,60.3,12.06
9047,3,2020-11-07 18:02:00,65.6,13.12
9048,3,2020-11-07 18:22:00,67.7,13.54
9049,10,2020-11-07 18:35:00,21.2,4.24
9050,2,2020-11-07 18:40:00,27.2,5.44
9051,67,2020-11-07 18:51:00,16.1,3.22
9052,4,2020-11-07 19:07:00,2.1,0.42
9053,9,2020-11-07 19:18:00,8.5,1.7
9054,68,2020-11-07 19:41:00,125.2,25.04
9055,4,2020-11-07 19:59:00,17.9,3.58
9056,67,2020-11-07 20:16:00,44.0,8.8
9057,12,2020-11-07 20:42:00,36.6,7.32
9058,67,2020-11-07 21:07:00,56.8,11.36
9059,2,2020-11-07 21:12:00,4.6,0.92
9060,10,2020-11-07 21:39:00,166.4,33.28
9061,14,2020-11-07 21:44:00,10.1,2.02
9062,14,2020-11-07 22:08:00,67.9,13.58
9063,8,2020-11-07 22:23:00,26.9,5.38
9064,5,2020-11-07 22:30:00,64.8,12.96
9065,6,2020-11-07 22:37:00,5.0,1.0
9066,10,2020-11-07 22:59:00,17.2,3.44
9067,7,2020-11-08 11:29:00,54.9,10.98
9068,4,2020-11-08 11:58:00,10.6,2.12
9069,5,2020-11-08 12:16:00,151.5,30.3
9070,9,2020-11-08 13:12:00,25.5,5.1
9071,1,2020-11-08 14:03:00,11.7,2.34
9072,0,2020-11-08 14:19:00,32.5,6.5
9073,68,2020-11-08 14:50:00,2.4,0.48
9074,10,2020-11-08 15:39:00,2.1,0.42
9075,7,2020-11-08 16:04:00,272.7,54.54
9076,9,2020-11-08 16:10:00,113.1,22.62
9077,14,2020-11-08 16:13:00,130.8,26.16
9078,5,2020-11-08 16:52:00,37.3,7.46
9079,3,2020-11-08 17:03:00,2.1,0.42
9080,7,2020-11-08 17:55:00,47.7,9.54
9081,9,2020-11-08 18:33:00,2.1,0.42
9082,9,2020-11-08 19:18:00,4.5,0.9
9083,9,2020-11-08 19:44:00,165.6,33.12
9084,10,2020-11-08 19:50:00,187.7,37.54
9085,8,2020-11-08 20:26:00,2.6,0.52
9086,10,2020-11-08 20:36:00,14.6,2.92
9087,14,2020-11-08 20:55:00,4.8,0.96
9088,13,2020-11-08 21:08:00,10.8,2.16
9089,5,2020-11-08 21:12:00,16.1,3.22
9090,14,2020-11-08 21:47:00,5.6,1.12
9091,10,2020-11-08 22:46:00,24.9,4.98
9092,67,2020-11-09 10:23:00,201.5,40.3
9093,10,2020-11-09 10:56:00,232.7,46.54
9094,12,2020-11-09 11:12:00,109.7,21.94
9095,14,2020-11-09 11:57:00,122.2,24.44
9096,7,2020-11-09 12:56:00,15.2,3.04
9097,10,2020-11-09 13:56:00,13.8,2.76
9098,14,2020-11-09 14:03:00,61.2,12.24
9099,0,2020-11-09 14:07:00,8.4,1.68
9100,13,2020-11-09 14:44:00,78.1,15.62
9101,5,2020-11-09 15:01:00,66.2,13.24
9102,9,2020-11-09 15:27:00,10.0,2.0
9103,4,2020-11-09 16:18:00,23.0,4.6
9104,13,2020-11-09 17:01:00,5.0,1.0
9105,13,2020-11-09 17:16:00,145.4,29.08
9106,5,2020-11-09 17:37:00,11.4,2.28
9107,13,2020-11-09 18:00:00,69.8,13.96
9108,7,2020-11-09 18:20:00,20.8,4.16
9109,4,2020-11-09 18:55:00,4.5,0.9
9110,9,2020-11-09 19:44:00,8.5,1.7
9111,3,2020-11-09 20:15:00,44.0,8.8
9112,13,2020-11-09 20:26:00,16.3,3.26
9113,14,2020-11-09 21:12:00,53.3,10.66
9114,10,2020-11-09 21:56:00,74.9,14.98
9115,2,2020-11-09 22:08:00,239.5,47.9
9116,12,2020-11-09 22:48:00,90.1,18.02
9117,9,2020-11-10 10:33:00,47.7,9.54
9118,5,2020-11-10 11:13:00,20.0,4.0
9119,8,2020-11-10 11:16:00,113.3,22.66
9120,9,2020-11-10 12:13:00,52.7,10.54
9121,12,2020-11-10 12:50:00,19.5,3.9
9122,12,2020-11-10 13:50:00,10.6,2.12
9123,6,2020-11-10 14:42:00,2.1,0.42
9124,12,2020-11-10 15:12:00,5.4,1.08
9125,13,2020-11-10 15:37:00,8.5,1.7
9126,2,2020-11-10 16:20:00,148.0,29.6
9127,4,2020-11-10 17:02:00,19.1,3.82
9128,5,2020-11-10 17:02:00,25.5,5.1
9129,7,2020-11-10 18:02:00,130.0,26.0
9130,8,2020-11-10 18:11:00,20.2,4.04
9131,2,2020-11-10 18:19:00,56.5,11.3
9132,8,2020-11-10 18:40:00,182.6,36.52
9133,1,2020-11-10 19:10:00,2.4,0.48
9134,10,2020-11-10 19:56:00,49.0,9.8
9135,13,2020-11-10 20:28:00,10.6,2.12
9136,67,2020-11-10 21:04:00,51.1,10.22
9137,5,2020-11-10 21:19:00,10.6,2.12
9138,7,2020-11-10 21:37:00,11.6,2.32
9139,6,2020-11-10 21:43:00,73.8,14.76
9140,1,2020-11-10 22:34:00,18.8,3.76
9141,14,2020-11-11 10:34:00,20.2,4.04
9142,8,2020-11-11 10:58:00,122.7,24.54
9143,8,2020-11-11 11:55:00,29.9,5.98
9144,3,2020-11-11 12:50:00,44.0,8.8
9145,8,2020-11-11 13:22:00,20.8,4.16
9146,67,2020-11-11 14:02:00,19.3,3.86
9147,68,2020-11-11 14:27:00,25.9,5.18
9148,2,2020-11-11 14:47:00,15.9,3.18
9149,68,2020-11-11 15:29:00,16.9,3.38
9150,9,2020-11-11 16:05:00,73.5,14.7
9151,9,2020-11-11 16:13:00,35.8,7.16
9152,8,2020-11-11 16:38:00,6.6,1.32
9153,1,2020-11-11 16:45:00,126.9,25.38
9154,2,2020-11-11 17:23:00,130.4,26.08
9155,67,2020-11-11 17:44:00,180.1,36.02
9156,0,2020-11-11 18:44:00,156.2,31.24
9157,1,2020-11-11 19:08:00,8.7,1.74
9158,6,2020-11-11 19:17:00,152.1,30.42
9159,5,2020-11-11 20:05:00,62.1,12.42
9160,2,2020-11-11 20:38:00,25.7,5.14
9161,6,2020-11-11 21:00:00,5.0,1.0
9162,3,2020-11-11 21:18:00,171.1,34.22
9163,9,2020-11-11 21:26:00,23.1,4.62
9164,10,2020-11-11 21:48:00,46.6,9.32
9165,0,2020-11-11 22:21:00,376.5,75.3
9166,2,2020-11-11 22:52:00,14.7,2.94
9167,5,2020-11-12 10:53:00,23.9,4.78
9168,6,2020-11-12 11:09:00,201.8,40.36
9169,12,2020-11-12 11:13:00,9.6,1.92
9170,5,2020-11-12 11:41:00,68.4,13.68
9171,7,2020-11-12 12:16:00,68.7,13.74
9172,8,2020-11-12 12:52:00,17.0,3.4
9173,8,2020-11-12 13:02:00,64.2,12.84
9174,8,2020-11-12 13:02:00,25.2,5.04
9175,8,2020-11-12 13:11:00,183.6,36.72
9176,6,2020-11-12 14:08:00,72.9,14.58
9177,5,2020-11-12 14:49:00,33.1,6.62
9178,5,2020-11-12 15:45:00,2.4,0.48
9179,1,2020-11-12 16:36:00,28.9,5.78
9180,4,2020-11-12 17:14:00,35.5,7.1
9181,14,2020-11-12 17:36:00,17.6,3.52
9182,9,2020-11-12 17:48:00,140.3,28.06
9183,2,2020-11-12 18:02:00,26.7,5.34
9184,0,2020-11-12 18:29:00,35.5,7.1
9185,8,2020-11-12 18:29:00,5.4,1.08
9186,0,2020-11-12 18:31:00,168.7,33.74
9187,68,2020-11-12 18:54:00,62.0,12.4
9188,3,2020-11-12 19:09:00,8.5,1.7
9189,4,2020-11-12 19:10:00,62.2,12.44
9190,67,2020-11-12 20:10:00,211.0,42.2
9191,0,2020-11-12 20:35:00,67.3,13.46
9192,6,2020-11-12 20:56:00,26.7,5.34
9193,67,2020-11-12 21:28:00,2.4,0.48
9194,14,2020-11-12 22:13:00,15.4,3.08
9195,5,2020-11-13 10:56:00,57.7,11.54
9196,67,2020-11-13 11:01:00,53.5,10.7
9197,4,2020-11-13 11:02:00,65.6,13.12
9198,8,2020-11-13 11:37:00,13.9,2.78
9199,4,2020-11-13 12:01:00,119.8,23.96
9200,2,2020-11-13 12:24:00,149.6,29.92
9201,0,2020-11-13 12:31:00,23.6,4.72
9202,68,2020-11-13 12:51:00,37.6,7.52
9203,13,2020-11-13 13:05:00,136.3,27.26
9204,1,2020-11-13 13:45:00,10.7,2.14
9205,4,2020-11-13 14:25:00,119.2,23.84
9206,6,2020-11-13 14:56:00,70.3,14.06
9207,13,2020-11-13 15:42:00,147.1,29.42
9208,3,2020-11-13 16:23:00,10.2,2.04
9209,6,2020-11-13 17:19:00,11.7,2.34
9210,10,2020-11-13 17:39:00,33.4,6.68
9211,5,2020-11-13 17:46:00,67.4,13.48
9212,0,2020-11-13 18:28:00,13.2,2.64
9213,10,2020-11-13 19:18:00,18.6,3.72
9214,2,2020-11-13 19:43:00,45.5,9.1
9215,10,2020-11-13 20:28:00,26.2,5.24
9216,10,2020-11-13 21:02:00,122.3,24.46
9217,1,2020-11-13 21:13:00,4.6,0.92
9218,14,2020-11-13 21:42:00,4.2,0.84
9219,7,2020-11-13 22:19:00,11.4,2.28
9220,6,2020-11-14 10:51:00,103.4,20.68
9221,5,2020-11-14 10:57:00,40.5,8.1
9222,2,2020-11-14 11:21:00,18.6,3.72
9223,2,2020-11-14 11:39:00,300.2,60.04
9224,7,2020-11-14 12:02:00,2.1,0.42
9225,1,2020-11-14 12:05:00,156.2,31.24
9226,67,2020-11-14 12:14:00,21.6,4.32
9227,2,2020-11-14 12:44:00,18.7,3.74
9228,6,2020-11-14 12:53:00,16.2,3.24
9229,7,2020-11-14 13:02:00,64.3,12.86
9230,0,2020-11-14 13:23:00,25.1,5.02
9231,10,2020-11-14 13:48:00,11.4,2.28
9232,9,2020-11-14 14:15:00,151.4,30.28
9233,13,2020-11-14 14:37:00,145.1,29.02
9234,3,2020-11-14 15:05:00,66.5,13.3
9235,1,2020-11-14 15:15:00,23.4,4.68
9236,8,2020-11-14 15:15:00,27.4,5.48
9237,5,2020-11-14 15:37:00,11.7,2.34
9238,6,2020-11-14 16:04:00,10.1,2.02
9239,4,2020-11-14 16:34:00,4.8,0.96
9240,68,2020-11-14 16:36:00,10.1,2.02
9241,13,2020-11-14 17:03:00,53.0,10.6
9242,10,2020-11-14 17:07:00,124.3,24.86
9243,3,2020-11-14 17:23:00,2.2,0.44
9244,5,2020-11-14 17:39:00,4.5,0.9
9245,6,2020-11-14 17:57:00,11.6,2.32
9246,68,2020-11-14 18:26:00,21.9,4.38
9247,0,2020-11-14 18:51:00,11.7,2.34
9248,9,2020-11-14 18:56:00,114.2,22.84
9249,12,2020-11-14 19:26:00,14.7,2.94
9250,2,2020-11-14 19:27:00,8.7,1.74
9251,14,2020-11-14 19:55:00,6.9,1.38
9252,0,2020-11-14 20:20:00,4.7,0.94
9253,2,2020-11-14 20:27:00,39.6,7.92
9254,6,2020-11-14 20:33:00,8.7,1.74
9255,8,2020-11-14 20:45:00,116.2,23.24
9256,10,2020-11-14 20:53:00,2.6,0.52
9257,1,2020-11-14 21:09:00,5.4,1.08
9258,13,2020-11-14 21:17:00,57.8,11.56
9259,0,2020-11-14 21:20:00,58.7,11.74
9260,3,2020-11-14 21:20:00,73.5,14.7
9261,4,2020-11-14 21:49:00,20.3,4.06
9262,68,2020-11-14 22:07:00,280.3,56.06
9263,4,2020-11-14 22:29:00,64.1,12.82
9264,7,2020-11-14 22:58:00,164.7,32.94
9265,1,2020-11-15 11:09:00,23.2,4.64
9266,1,2020-11-15 11:19:00,47.9,9.58
9267,12,2020-11-15 11:53:00,60.5,12.1
9268,2,2020-11-15 11:54:00,24.9,4.98
9269,6,2020-11-15 12:40:00,12.2,2.44
9270,12,2020-11-15 13:35:00,2.4,0.48
9271,9,2020-11-15 13:50:00,114.9,22.98
9272,10,2020-11-15 14:45:00,176.8,35.36
9273,68,2020-11-15 15:43:00,62.3,12.46
9274,5,2020-11-15 16:43:00,18.6,3.72
9275,68,2020-11-15 16:49:00,90.1,18.02
9276,4,2020-11-15 17:21:00,148.6,29.72
9277,5,2020-11-15 18:12:00,37.3,7.46
9278,5,2020-11-15 18:23:00,14.6,2.92
9279,67,2020-11-15 18:29:00,39.3,7.86
9280,14,2020-11-15 18:44:00,156.2,31.24
9281,68,2020-11-15 18:44:00,61.8,12.36
9282,6,2020-11-15 19:37:00,25.5,5.1
9283,10,2020-11-15 19:49:00,2.4,0.48
9284,13,2020-11-15 20:01:00,19.3,3.86
9285,4,2020-11-15 20:21:00,47.2,9.44
9286,6,2020-11-15 20:25:00,143.3,28.66
9287,3,2020-11-15 20:42:00,211.0,42.2
9288,3,2020-11-15 20:51:00,13.0,2.6
9289,10,2020-11-15 20:55:00,24.3,4.86
9290,8,2020-11-15 21:53:00,10.6,2.12
9291,68,2020-11-15 22:08:00,120.7,24.14
9292,10,2020-11-15 22:18:00,6.6,1.32
9293,67,2020-11-15 22:53:00,157.3,31.46
9294,8,2020-11-16 10:14:00,75.3,15.06
9295,1,2020-11-16 10:57:00,15.4,3.08
9296,68,2020-11-16 11:53:00,36.5,7.3
9297,9,2020-11-16 12:11:00,12.2,2.44
9298,9,2020-11-16 12:24:00,11.2,2.24
9299,7,2020-11-16 12:24:00,25.8,5.16
9300,5,2020-11-16 12:46:00,125.1,25.02
9301,10,2020-11-16 13:21:00,68.1,13.62
9302,14,2020-11-16 13:22:00,47.9,9.58
9303,68,2020-11-16 13:55:00,130.5,26.1
9304,4,2020-11-16 14:26:00,2.1,0.42
9305,12,2020-11-16 15:22:00,37.2,7.44
9306,0,2020-11-16 15:30:00,212.7,42.54
9307,3,2020-11-16 15:42:00,104.6,20.92
9308,13,2020-11-16 16:06:00,2.4,0.48
9309,14,2020-11-16 17:06:00,21.5,4.3
9310,13,2020-11-16 17:21:00,148.8,29.76
9311,67,2020-11-16 17:34:00,47.2,9.44
9312,10,2020-11-16 18:20:00,68.8,13.76
9313,8,2020-11-16 18:51:00,147.1,29.42
9314,10,2020-11-16 19:19:00,25.5,5.1
9315,68,2020-11-16 20:13:00,17.0,3.4
9316,13,2020-11-16 20:20:00,11.6,2.32
9317,9,2020-11-16 21:14:00,8.5,1.7
9318,2,2020-11-16 22:05:00,61.3,12.26
9319,9,2020-11-17 10:59:00,42.4,8.48
9320,6,2020-11-17 11:34:00,61.0,12.2
9321,13,2020-11-17 12:08:00,17.7,3.54
9322,6,2020-11-17 13:03:00,32.3,6.46
9323,10,2020-11-17 13:45:00,11.1,2.22
9324,6,2020-11-17 14:18:00,129.9,25.98
9325,4,2020-11-17 14:28:00,10.9,2.18
9326,9,2020-11-17 14:44:00,160.7,32.14
9327,8,2020-11-17 15:06:00,14.5,2.9
9328,7,2020-11-17 15:10:00,139.0,27.8
9329,68,2020-11-17 15:36:00,154.6,30.92
9330,6,2020-11-17 15:59:00,296.1,59.22
9331,67,2020-11-17 16:56:00,14.9,2.98
9332,2,2020-11-17 17:31:00,11.4,2.28
9333,12,2020-11-17 18:17:00,12.7,2.54
9334,13,2020-11-17 18:27:00,52.7,10.54
9335,1,2020-11-17 19:00:00,155.4,31.08
9336,68,2020-11-17 19:29:00,19.4,3.88
9337,13,2020-11-17 20:00:00,99.9,19.98
9338,1,2020-11-17 20:14:00,17.9,3.58
9339,12,2020-11-17 20:16:00,6.6,1.32
9340,12,2020-11-17 20:24:00,101.2,20.24
9341,1,2020-11-17 20:41:00,16.7,3.34
9342,8,2020-11-17 21:31:00,56.1,11.22
9343,6,2020-11-17 22:11:00,15.6,3.12
9344,67,2020-11-17 22:51:00,27.2,5.44
9345,13,2020-11-18 10:34:00,11.4,2.28
9346,1,2020-11-18 11:02:00,126.6,25.32
9347,12,2020-11-18 11:47:00,36.6,7.32
9348,2,2020-11-18 12:13:00,10.1,2.02
9349,68,2020-11-18 12:48:00,114.3,22.86
9350,9,2020-11-18 13:34:00,130.4,26.08
9351,67,2020-11-18 13:41:00,16.9,3.38
9352,4,2020-11-18 13:55:00,93.9,18.78
9353,1,2020-11-18 14:21:00,26.2,5.24
9354,7,2020-11-18 15:09:00,2.1,0.42
9355,8,2020-11-18 16:03:00,130.8,26.16
9356,3,2020-11-18 16:49:00,20.4,4.08
9357,9,2020-11-18 17:05:00,252.6,50.52
9358,10,2020-11-18 17:08:00,8.5,1.7
9359,13,2020-11-18 17:59:00,30.8,6.16
9360,2,2020-11-18 18:10:00,61.3,12.26
9361,10,2020-11-18 18:51:00,124.7,24.94
9362,7,2020-11-18 19:12:00,285.4,57.08
9363,4,2020-11-18 20:03:00,154.4,30.88
9364,4,2020-11-18 20:23:00,36.3,7.26
9365,67,2020-11-18 20:29:00,47.9,9.58
9366,6,2020-11-18 21:26:00,2.1,0.42
9367,6,2020-11-18 21:34:00,176.8,35.36
9368,13,2020-11-18 21:58:00,2.4,0.48
9369,8,2020-11-18 22:24:00,109.1,21.82
9370,7,2020-11-19 10:46:00,26.3,5.26
9371,3,2020-11-19 11:35:00,8.5,1.7
9372,4,2020-11-19 12:00:00,13.5,2.7
9373,3,2020-11-19 12:54:00,63.2,12.64
9374,14,2020-11-19 13:03:00,14.3,2.86
9375,13,2020-11-19 14:00:00,24.2,4.84
9376,0,2020-11-19 14:43:00,53.5,10.7
9377,67,2020-11-19 14:49:00,2.1,0.42
9378,68,2020-11-19 14:59:00,238.3,47.66
9379,8,2020-11-19 15:18:00,24.0,4.8
9380,10,2020-11-19 15:26:00,112.8,22.56
9381,67,2020-11-19 15:37:00,74.2,14.84
9382,3,2020-11-19 15:37:00,167.8,33.56
9383,0,2020-11-19 16:17:00,13.0,2.6
9384,8,2020-11-19 16:36:00,17.3,3.46
9385,2,2020-11-19 16:52:00,28.0,5.6
9386,9,2020-11-19 17:27:00,11.1,2.22
9387,14,2020-11-19 17:50:00,74.8,14.96
9388,10,2020-11-19 17:53:00,2.4,0.48
9389,6,2020-11-19 18:18:00,179.4,35.88
9390,1,2020-11-19 18:44:00,67.7,13.54
9391,67,2020-11-19 19:35:00,41.4,8.28
9392,3,2020-11-19 20:34:00,13.2,2.64
9393,13,2020-11-19 21:07:00,50.0,10.0
9394,2,2020-11-19 21:46:00,58.1,11.62
9395,3,2020-11-19 21:52:00,135.5,27.1
9396,7,2020-11-19 22:37:00,10.1,2.02
9397,14,2020-11-20 10:24:00,57.8,11.56
9398,0,2020-11-20 10:59:00,23.3,4.66
9399,67,2020-11-20 11:24:00,18.0,3.6
9400,8,2020-11-20 12:15:00,127.8,25.56
9401,1,2020-11-20 12:59:00,30.1,6.02
9402,7,2020-11-20 13:34:00,32.1,6.42
9403,68,2020-11-20 14:16:00,11.1,2.22
9404,2,2020-11-20 15:13:00,44.0,8.8
9405,12,2020-11-20 15:54:00,112.8,22.56
9406,8,2020-11-20 16:20:00,20.5,4.1
9407,9,2020-11-20 16:25:00,10.6,2.12
9408,12,2020-11-20 16:48:00,4.5,0.9
9409,68,2020-11-20 17:10:00,113.8,22.76
9410,12,2020-11-20 17:23:00,59.8,11.96
9411,13,2020-11-20 18:14:00,13.2,2.64
9412,6,2020-11-20 19:10:00,172.2,34.44
9413,12,2020-11-20 19:28:00,17.0,3.4
9414,2,2020-11-20 19:43:00,73.5,14.7
9415,10,2020-11-20 20:35:00,36.4,7.28
9416,7,2020-11-20 20:53:00,17.4,3.48
9417,8,2020-11-20 21:47:00,35.9,7.18
9418,12,2020-11-20 22:36:00,167.1,33.42
9419,2,2020-11-20 22:52:00,4.8,0.96
9420,67,2020-11-21 10:41:00,137.7,27.54
9421,14,2020-11-21 10:42:00,226.6,45.32
9422,68,2020-11-21 10:51:00,66.8,13.36
9423,8,2020-11-21 10:58:00,2.2,0.44
9424,9,2020-11-21 11:11:00,408.9,81.78
9425,4,2020-11-21 11:34:00,186.2,37.24
9426,10,2020-11-21 12:00:00,37.7,7.54
9427,12,2020-11-21 12:28:00,2.1,0.42
9428,10,2020-11-21 12:46:00,180.0,36.0
9429,68,2020-11-21 13:15:00,67.3,13.46
9430,4,2020-11-21 13:43:00,16.0,3.2
9431,2,2020-11-21 13:44:00,18.4,3.68
9432,14,2020-11-21 13:59:00,30.5,6.1
9433,6,2020-11-21 14:16:00,10.9,2.18
9434,8,2020-11-21 14:34:00,2.1,0.42
9435,4,2020-11-21 14:54:00,23.5,4.7
9436,10,2020-11-21 15:13:00,74.1,14.82
9437,10,2020-11-21 15:29:00,14.1,2.82
9438,6,2020-11-21 15:40:00,69.7,13.94
9439,67,2020-11-21 16:09:00,44.0,8.8
9440,1,2020-11-21 16:28:00,171.1,34.22
9441,68,2020-11-21 16:57:00,11.3,2.26
9442,14,2020-11-21 17:18:00,11.6,2.32
9443,12,2020-11-21 17:32:00,145.1,29.02
9444,12,2020-11-21 17:37:00,29.3,5.86
9445,4,2020-11-21 17:49:00,67.5,13.5
9446,6,2020-11-21 18:08:00,189.6,37.92
9447,1,2020-11-21 18:24:00,157.0,31.4
9448,3,2020-11-21 18:38:00,160.4,32.08
9449,5,2020-11-21 18:52:00,210.5,42.1
9450,68,2020-11-21 19:22:00,66.2,13.24
9451,12,2020-11-21 19:22:00,279.9,55.98
9452,2,2020-11-21 19:37:00,20.2,4.04
9453,67,2020-11-21 19:51:00,20.7,4.14
9454,67,2020-11-21 20:05:00,138.9,27.78
9455,68,2020-11-21 20:18:00,124.3,24.86
9456,13,2020-11-21 20:45:00,10.6,2.12
9457,10,2020-11-21 20:50:00,10.2,2.04
9458,12,2020-11-21 21:00:00,5.4,1.08
9459,6,2020-11-21 21:29:00,209.3,41.86
9460,7,2020-11-21 21:41:00,17.5,3.5
9461,8,2020-11-21 21:53:00,149.6,29.92
9462,4,2020-11-21 22:16:00,49.6,9.92
9463,10,2020-11-21 22:26:00,37.8,7.56
9464,1,2020-11-21 22:34:00,157.3,31.46
9465,2,2020-11-21 22:51:00,13.2,2.64
9466,68,2020-11-21 22:56:00,6.6,1.32
9467,5,2020-11-22 11:06:00,13.2,2.64
9468,0,2020-11-22 11:22:00,38.8,7.76
9469,10,2020-11-22 11:57:00,12.5,2.5
9470,6,2020-11-22 12:56:00,56.7,11.34
9471,2,2020-11-22 13:53:00,10.1,2.02
9472,12,2020-11-22 14:51:00,134.1,26.82
9473,12,2020-11-22 15:05:00,143.3,28.66
9474,12,2020-11-22 15:08:00,14.1,2.82
9475,7,2020-11-22 16:02:00,172.6,34.52
9476,12,2020-11-22 16:21:00,28.2,5.64
9477,3,2020-11-22 16:38:00,159.2,31.84
9478,6,2020-11-22 17:28:00,13.0,2.6
9479,4,2020-11-22 17:35:00,25.8,5.16
9480,7,2020-11-22 18:16:00,235.3,47.06
9481,0,2020-11-22 18:24:00,179.8,35.96
9482,13,2020-11-22 18:40:00,2.4,0.48
9483,3,2020-11-22 19:36:00,111.5,22.3
9484,8,2020-11-22 19:57:00,177.2,35.44
9485,67,2020-11-22 20:09:00,18.2,3.64
9486,7,2020-11-22 20:19:00,60.9,12.18
9487,68,2020-11-22 20:51:00,116.8,23.36
9488,3,2020-11-22 21:24:00,45.9,9.18
9489,1,2020-11-22 22:22:00,73.2,14.64
9490,67,2020-11-22 22:47:00,10.9,2.18
9491,8,2020-11-23 10:47:00,21.8,4.36
9492,8,2020-11-23 11:15:00,17.8,3.56
9493,13,2020-11-23 11:33:00,202.3,40.46
9494,1,2020-11-23 11:38:00,124.0,24.8
9495,14,2020-11-23 12:02:00,22.6,4.52
9496,68,2020-11-23 12:54:00,31.0,6.2
9497,6,2020-11-23 13:06:00,15.4,3.08
9498,2,2020-11-23 13:58:00,10.1,2.02
9499,0,2020-11-23 14:33:00,2.1,0.42
9500,1,2020-11-23 15:06:00,8.9,1.78
9501,4,2020-11-23 16:06:00,50.5,10.1
9502,10,2020-11-23 16:23:00,2.1,0.42
9503,8,2020-11-23 17:15:00,37.7,7.54
9504,10,2020-11-23 18:03:00,238.2,47.64
9505,6,2020-11-23 18:56:00,2.4,0.48
9506,0,2020-11-23 19:43:00,97.6,19.52
9507,0,2020-11-23 19:54:00,24.6,4.92
9508,5,2020-11-23 20:28:00,14.2,2.84
9509,12,2020-11-23 20:45:00,172.4,34.48
9510,0,2020-11-23 21:45:00,11.7,2.34
9511,67,2020-11-23 21:58:00,23.9,4.78
9512,9,2020-11-23 22:31:00,5.0,1.0
9513,13,2020-11-23 22:46:00,20.5,4.1
9514,4,2020-11-23 22:46:00,2.4,0.48
9515,14,2020-11-23 22:49:00,11.6,2.32
9516,10,2020-11-24 10:35:00,5.4,1.08
9517,10,2020-11-24 11:06:00,78.0,15.6
9518,13,2020-11-24 11:52:00,18.7,3.74
9519,9,2020-11-24 12:32:00,47.0,9.4
9520,4,2020-11-24 13:30:00,32.9,6.58
9521,68,2020-11-24 14:06:00,25.4,5.08
9522,7,2020-11-24 14:58:00,2.1,0.42
9523,5,2020-11-24 15:28:00,63.1,12.62
9524,4,2020-11-24 15:50:00,204.0,40.8
9525,9,2020-11-24 16:23:00,65.6,13.12
9526,9,2020-11-24 16:58:00,25.5,5.1
9527,2,2020-11-24 17:01:00,2.2,0.44
9528,8,2020-11-24 17:07:00,13.9,2.78
9529,10,2020-11-24 17:28:00,4.4,0.88
9530,2,2020-11-24 17:38:00,18.6,3.72
9531,2,2020-11-24 17:48:00,23.6,4.72
9532,14,2020-11-24 17:54:00,255.2,51.04
9533,13,2020-11-24 18:34:00,12.2,2.44
9534,9,2020-11-24 18:57:00,312.4,62.48
9535,4,2020-11-24 19:27:00,311.7,62.34
9536,6,2020-11-24 19:47:00,104.2,20.84
9537,10,2020-11-24 20:38:00,2.4,0.48
9538,12,2020-11-24 21:04:00,63.2,12.64
9539,3,2020-11-24 21:39:00,11.4,2.28
9540,67,2020-11-24 21:41:00,113.1,22.62
9541,3,2020-11-24 22:03:00,10.7,2.14
9542,14,2020-11-24 22:57:00,63.1,12.62
9543,1,2020-11-25 10:18:00,274.2,54.84
9544,9,2020-11-25 10:38:00,8.0,1.6
9545,10,2020-11-25 10:39:00,26.2,5.24
9546,6,2020-11-25 11:21:00,56.9,11.38
9547,10,2020-11-25 11:25:00,24.2,4.84
9548,9,2020-11-25 11:57:00,14.0,2.8
9549,14,2020-11-25 12:10:00,176.3,35.26
9550,14,2020-11-25 12:23:00,13.2,2.64
9551,7,2020-11-25 13:09:00,124.4,24.88
9552,3,2020-11-25 13:42:00,22.8,4.56
9553,68,2020-11-25 14:38:00,32.8,6.56
9554,67,2020-11-25 14:47:00,24.8,4.96
9555,9,2020-11-25 14:49:00,27.1,5.42
9556,68,2020-11-25 15:28:00,127.7,25.54
9557,5,2020-11-25 16:06:00,68.3,13.66
9558,5,2020-11-25 16:30:00,219.0,43.8
9559,0,2020-11-25 17:30:00,121.8,24.36
9560,8,2020-11-25 18:27:00,20.1,4.02
9561,7,2020-11-25 19:01:00,70.9,14.18
9562,14,2020-11-25 19:41:00,47.6,9.52
9563,3,2020-11-25 19:50:00,62.3,12.46
9564,7,2020-11-25 19:56:00,157.6,31.52
9565,1,2020-11-25 20:14:00,10.1,2.02
9566,5,2020-11-25 20:32:00,8.7,1.74
9567,0,2020-11-25 21:00:00,26.4,5.28
9568,6,2020-11-25 21:33:00,94.5,18.9
9569,4,2020-11-25 22:32:00,16.9,3.38
9570,5,2020-11-25 22:36:00,12.5,2.5
9571,5,2020-11-25 22:43:00,108.2,21.64
9572,13,2020-11-26 10:53:00,12.5,2.5
9573,0,2020-11-26 11:09:00,29.3,5.86
9574,8,2020-11-26 11:21:00,157.0,31.4
9575,7,2020-11-26 11:44:00,7.4,1.48
9576,7,2020-11-26 12:28:00,12.1,2.42
9577,3,2020-11-26 12:50:00,156.2,31.24
9578,2,2020-11-26 13:39:00,81.3,16.26
9579,13,2020-11-26 14:25:00,22.3,4.46
9580,67,2020-11-26 15:08:00,147.6,29.52
9581,6,2020-11-26 15:46:00,26.8,5.36
9582,5,2020-11-26 15:51:00,244.2,48.84
9583,10,2020-11-26 16:42:00,61.7,12.34
9584,10,2020-11-26 17:29:00,10.1,2.02
9585,2,2020-11-26 18:20:00,2.1,0.42
9586,7,2020-11-26 19:17:00,214.1,42.82
9587,7,2020-11-26 19:26:00,2.1,0.42
9588,8,2020-11-26 20:15:00,232.8,46.56
9589,1,2020-11-26 21:09:00,21.7,4.34
9590,1,2020-11-26 21:35:00,40.9,8.18
9591,1,2020-11-26 21:38:00,13.5,2.7
9592,4,2020-11-26 22:14:00,131.2,26.24
9593,4,2020-11-27 10:57:00,21.9,4.38
9594,14,2020-11-27 11:21:00,2.6,0.52
9595,8,2020-11-27 12:01:00,81.9,16.38
9596,5,2020-11-27 12:19:00,5.4,1.08
9597,10,2020-11-27 12:22:00,167.0,33.4
9598,1,2020-11-27 12:25:00,4.8,0.96
9599,14,2020-11-27 12:38:00,105.9,21.18
9600,10,2020-11-27 13:11:00,110.7,22.14
9601,8,2020-11-27 13:55:00,114.9,22.98
9602,13,2020-11-27 14:33:00,165.3,33.06
9603,14,2020-11-27 14:34:00,11.7,2.34
9604,12,2020-11-27 14:50:00,64.1,12.82
9605,0,2020-11-27 15:41:00,36.0,7.2
9606,1,2020-11-27 15:44:00,178.7,35.74
9607,3,2020-11-27 16:26:00,8.0,1.6
9608,1,2020-11-27 16:52:00,49.8,9.96
9609,0,2020-11-27 16:54:00,12.5,2.5
9610,12,2020-11-27 17:25:00,6.8,1.36
9611,7,2020-11-27 17:51:00,15.6,3.12
9612,9,2020-11-27 18:31:00,124.5,24.9
9613,67,2020-11-27 18:48:00,7.2,1.44
9614,68,2020-11-27 19:12:00,26.5,5.3
9615,13,2020-11-27 20:01:00,68.8,13.76
9616,14,2020-11-27 20:45:00,179.2,35.84
9617,14,2020-11-27 21:04:00,73.7,14.74
9618,12,2020-11-27 21:56:00,157.6,31.52
9619,1,2020-11-27 22:50:00,17.7,3.54
9620,1,2020-11-27 22:55:00,59.4,11.88
9621,68,2020-11-28 10:41:00,109.1,21.82
9622,4,2020-11-28 11:11:00,181.8,36.36
9623,10,2020-11-28 11:31:00,17.0,3.4
9624,67,2020-11-28 11:44:00,12.2,2.44
9625,14,2020-11-28 12:08:00,115.3,23.06
9626,6,2020-11-28 12:34:00,28.7,5.74
9627,0,2020-11-28 12:55:00,22.8,4.56
9628,9,2020-11-28 13:23:00,13.6,2.72
9629,8,2020-11-28 13:28:00,11.6,2.32
9630,6,2020-11-28 13:30:00,11.4,2.28
9631,0,2020-11-28 13:39:00,154.7,30.94
9632,14,2020-11-28 13:56:00,13.2,2.64
9633,7,2020-11-28 14:17:00,10.1,2.02
9634,9,2020-11-28 14:23:00,58.1,11.62
9635,68,2020-11-28 14:33:00,145.0,29.0
9636,4,2020-11-28 15:00:00,2.2,0.44
9637,10,2020-11-28 15:13:00,37.2,7.44
9638,13,2020-11-28 15:42:00,23.7,4.74
9639,14,2020-11-28 15:49:00,2.4,0.48
9640,3,2020-11-28 15:52:00,11.7,2.34
9641,0,2020-11-28 16:00:00,123.9,24.78
9642,9,2020-11-28 16:08:00,60.2,12.04
9643,3,2020-11-28 16:35:00,113.6,22.72
9644,12,2020-11-28 16:38:00,19.0,3.8
9645,6,2020-11-28 17:02:00,59.5,11.9
9646,6,2020-11-28 17:12:00,201.7,40.34
9647,67,2020-11-28 17:31:00,11.7,2.34
9648,7,2020-11-28 17:40:00,13.2,2.64
9649,0,2020-11-28 18:00:00,222.2,44.44
9650,10,2020-11-28 18:20:00,9.3,1.86
9651,4,2020-11-28 18:47:00,2.1,0.42
9652,5,2020-11-28 19:02:00,119.2,23.84
9653,8,2020-11-28 19:08:00,156.8,31.36
9654,13,2020-11-28 19:38:00,12.7,2.54
9655,67,2020-11-28 19:40:00,173.3,34.66
9656,7,2020-11-28 20:08:00,8.0,1.6
9657,8,2020-11-28 20:32:00,61.8,12.36
9658,4,2020-11-28 20:40:00,29.1,5.82
9659,14,2020-11-28 21:08:00,58.4,11.68
9660,6,2020-11-28 21:26:00,88.0,17.6
9661,5,2020-11-28 21:49:00,8.7,1.74
9662,12,2020-11-28 21:55:00,166.4,33.28
9663,7,2020-11-28 22:02:00,111.7,22.34
9664,3,2020-11-28 22:11:00,76.3,15.26
9665,13,2020-11-28 22:15:00,26.4,5.28
9666,0,2020-11-28 22:20:00,18.7,3.74
9667,10,2020-11-28 22:49:00,24.7,4.94
9668,68,2020-11-29 11:16:00,165.8,33.16
9669,3,2020-11-29 12:10:00,10.1,2.02
9670,8,2020-11-29 12:44:00,12.5,2.5
9671,12,2020-11-29 13:09:00,116.8,23.36
9672,12,2020-11-29 13:29:00,8.5,1.7
9673,4,2020-11-29 14:24:00,21.7,4.34
9674,1,2020-11-29 14:55:00,11.4,2.28
9675,67,2020-11-29 15:12:00,38.3,7.66
9676,9,2020-11-29 15:44:00,2.1,0.42
9677,1,2020-11-29 16:26:00,44.0,8.8
9678,5,2020-11-29 17:09:00,27.3,5.46
9679,14,2020-11-29 17:19:00,10.1,2.02
9680,10,2020-11-29 17:44:00,2.4,0.48
9681,68,2020-11-29 17:58:00,8.7,1.74
9682,68,2020-11-29 18:42:00,111.3,22.26
9683,68,2020-11-29 19:03:00,61.4,12.28
9684,7,2020-11-29 19:24:00,5.0,1.0
9685,8,2020-11-29 20:01:00,30.9,6.18
9686,9,2020-11-29 21:00:00,127.7,25.54
9687,68,2020-11-29 21:55:00,58.6,11.72
9688,3,2020-11-29 22:08:00,8.5,1.7
9689,7,2020-11-30 10:57:00,62.7,12.54
9690,1,2020-11-30 10:59:00,107.5,21.5
9691,5,2020-11-30 11:31:00,36.5,7.3
9692,3,2020-11-30 12:03:00,10.0,2.0
9693,2,2020-11-30 12:24:00,92.8,18.56
9694,5,2020-11-30 13:13:00,4.6,0.92
9695,13,2020-11-30 13:48:00,61.7,12.34
9696,5,2020-11-30 14:20:00,50.7,10.14
9697,10,2020-11-30 14:22:00,239.5,47.9
9698,12,2020-11-30 15:04:00,106.3,21.26
9699,4,2020-11-30 15:18:00,11.6,2.32
9700,67,2020-11-30 16:02:00,130.8,26.16
9701,13,2020-11-30 16:53:00,50.4,10.08
9702,12,2020-11-30 17:32:00,170.0,34.0
9703,67,2020-11-30 17:32:00,166.8,33.36
9704,0,2020-11-30 17:47:00,126.7,25.34
9705,4,2020-11-30 18:16:00,238.8,47.76
9706,12,2020-11-30 18:31:00,230.6,46.12
9707,4,2020-11-30 19:13:00,66.4,13.28
9708,2,2020-11-30 19:34:00,24.4,4.88
9709,13,2020-11-30 20:25:00,51.5,10.3
9710,7,2020-11-30 20:45:00,11.7,2.34
9711,6,2020-11-30 21:00:00,57.6,11.52
9712,13,2020-11-30 21:34:00,21.8,4.36
9713,8,2020-11-30 22:11:00,103.2,20.64
9714,5,2020-11-30 22:35:00,146.9,29.38
9715,9,2020-12-01 10:39:00,16.1,3.22
9716,0,2020-12-01 11:35:00,130.1,26.02
9717,13,2020-12-01 12:18:00,2.4,0.48
9718,67,2020-12-01 13:10:00,67.4,13.48
9719,2,2020-12-01 14:10:00,30.1,6.02
9720,9,2020-12-01 14:30:00,47.6,9.52
9721,9,2020-12-01 14:43:00,170.9,34.18
9722,0,2020-12-01 15:34:00,132.4,26.48
9723,0,2020-12-01 15:54:00,19.7,3.94
9724,4,2020-12-01 16:30:00,118.3,23.66
9725,4,2020-12-01 17:04:00,2.4,0.48
9726,3,2020-12-01 17:32:00,4.5,0.9
9727,2,2020-12-01 17:46:00,270.1,54.02
9728,5,2020-12-01 18:00:00,5.4,1.08
9729,9,2020-12-01 18:15:00,131.6,26.32
9730,7,2020-12-01 18:54:00,167.3,33.46
9731,67,2020-12-01 19:03:00,271.5,54.3
9732,0,2020-12-01 19:05:00,169.2,33.84
9733,67,2020-12-01 19:29:00,19.5,3.9
9734,3,2020-12-01 19:38:00,2.1,0.42
9735,10,2020-12-01 20:24:00,73.0,14.6
9736,3,2020-12-01 20:52:00,61.0,12.2
9737,8,2020-12-01 21:09:00,143.0,28.6
9738,9,2020-12-01 22:07:00,59.3,11.86
9739,4,2020-12-01 22:32:00,10.9,2.18
9740,3,2020-12-01 22:37:00,23.1,4.62
9741,7,2020-12-02 10:32:00,23.4,4.68
9742,2,2020-12-02 10:57:00,56.1,11.22
9743,68,2020-12-02 11:45:00,6.9,1.38
9744,4,2020-12-02 12:18:00,160.1,32.02
9745,9,2020-12-02 12:50:00,120.6,24.12
9746,68,2020-12-02 13:18:00,122.3,24.46
9747,5,2020-12-02 13:35:00,13.1,2.62
9748,13,2020-12-02 13:37:00,109.1,21.82
9749,2,2020-12-02 13:55:00,21.6,4.32
9750,13,2020-12-02 14:12:00,14.1,2.82
9751,10,2020-12-02 14:39:00,8.5,1.7
9752,8,2020-12-02 14:44:00,76.7,15.34
9753,68,2020-12-02 15:38:00,27.9,5.58
9754,5,2020-12-02 16:03:00,217.2,43.44
9755,12,2020-12-02 16:03:00,13.1,2.62
9756,0,2020-12-02 16:52:00,154.7,30.94
9757,12,2020-12-02 17:19:00,153.0,30.6
9758,6,2020-12-02 17:24:00,18.0,3.6
9759,9,2020-12-02 17:50:00,34.3,6.86
9760,2,2020-12-02 18:17:00,8.0,1.6
9761,5,2020-12-02 18:37:00,17.0,3.4
9762,13,2020-12-02 19:31:00,4.3,0.86
9763,4,2020-12-02 20:27:00,58.7,11.74
9764,14,2020-12-02 20:30:00,8.5,1.7
9765,68,2020-12-02 20:31:00,9.7,1.94
9766,10,2020-12-02 20:43:00,336.5,67.3
9767,6,2020-12-02 21:00:00,23.5,4.7
9768,14,2020-12-02 21:44:00,60.4,12.08
9769,13,2020-12-02 21:55:00,23.8,4.76
9770,4,2020-12-02 22:36:00,164.2,32.84
9771,8,2020-12-02 22:51:00,18.6,3.72
9772,0,2020-12-03 10:41:00,2.4,0.48
9773,4,2020-12-03 11:09:00,372.7,74.54
9774,68,2020-12-03 12:07:00,23.2,4.64
9775,14,2020-12-03 12:29:00,48.6,9.72
9776,13,2020-12-03 12:31:00,24.0,4.8
9777,68,2020-12-03 13:21:00,13.0,2.6
9778,5,2020-12-03 14:06:00,106.2,21.24
9779,9,2020-12-03 15:06:00,10.9,2.18
9780,67,2020-12-03 15:38:00,54.0,10.8
9781,5,2020-12-03 16:33:00,13.8,2.76
9782,3,2020-12-03 16:51:00,29.0,5.8
9783,8,2020-12-03 16:53:00,2.4,0.48
9784,67,2020-12-03 16:55:00,80.8,16.16
9785,2,2020-12-03 17:36:00,15.3,3.06
9786,1,2020-12-03 17:43:00,124.8,24.96
9787,14,2020-12-03 17:48:00,52.6,10.52
9788,68,2020-12-03 17:49:00,5.0,1.0
9789,13,2020-12-03 18:15:00,120.7,24.14
9790,6,2020-12-03 18:52:00,21.2,4.24
9791,3,2020-12-03 19:35:00,14.1,2.82
9792,9,2020-12-03 19:59:00,66.8,13.36
9793,2,2020-12-03 20:00:00,269.9,53.98
9794,1,2020-12-03 20:37:00,10.9,2.18
9795,14,2020-12-03 20:43:00,72.1,14.42
9796,5,2020-12-03 20:57:00,97.3,19.46
9797,4,2020-12-03 21:17:00,169.4,33.88
9798,10,2020-12-03 22:15:00,4.5,0.9
9799,4,2020-12-03 22:20:00,34.0,6.8
9800,67,2020-12-03 22:21:00,20.2,4.04
9801,1,2020-12-03 22:47:00,27.5,5.5
9802,9,2020-12-04 10:36:00,5.6,1.12
9803,14,2020-12-04 11:06:00,7.0,1.4
9804,8,2020-12-04 11:53:00,13.1,2.62
9805,14,2020-12-04 12:51:00,4.5,0.9
9806,9,2020-12-04 13:43:00,44.0,8.8
9807,0,2020-12-04 13:51:00,54.1,10.82
9808,5,2020-12-04 14:51:00,15.6,3.12
9809,2,2020-12-04 15:18:00,53.4,10.68
9810,7,2020-12-04 15:29:00,155.1,31.02
9811,8,2020-12-04 16:18:00,53.3,10.66
9812,2,2020-12-04 17:15:00,25.5,5.1
9813,14,2020-12-04 18:01:00,11.7,2.34
9814,14,2020-12-04 18:59:00,179.4,35.88
9815,14,2020-12-04 19:05:00,136.5,27.3
9816,8,2020-12-04 19:14:00,34.3,6.86
9817,67,2020-12-04 20:04:00,15.6,3.12
9818,5,2020-12-04 20:47:00,53.5,10.7
9819,13,2020-12-04 21:47:00,2.1,0.42
9820,13,2020-12-04 22:02:00,166.4,33.28
9821,67,2020-12-05 10:59:00,168.3,33.66
9822,5,2020-12-05 11:20:00,108.3,21.66
9823,5,2020-12-05 11:27:00,55.5,11.1
9824,2,2020-12-05 11:54:00,16.6,3.32
9825,14,2020-12-05 11:54:00,112.2,22.44
9826,67,2020-12-05 12:11:00,44.0,8.8
9827,9,2020-12-05 12:15:00,25.7,5.14
9828,13,2020-12-05 12:35:00,20.2,4.04
9829,8,2020-12-05 12:51:00,10.7,2.14
9830,14,2020-12-05 13:19:00,47.0,9.4
9831,9,2020-12-05 13:44:00,61.5,12.3
9832,6,2020-12-05 14:05:00,57.1,11.42
9833,5,2020-12-05 14:34:00,44.0,8.8
9834,12,2020-12-05 14:34:00,10.9,2.18
9835,8,2020-12-05 14:52:00,155.5,31.1
9836,8,2020-12-05 15:08:00,117.8,23.56
9837,10,2020-12-05 15:18:00,23.4,4.68
9838,0,2020-12-05 15:24:00,45.7,9.14
9839,14,2020-12-05 15:48:00,32.7,6.54
9840,12,2020-12-05 15:55:00,13.2,2.64
9841,0,2020-12-05 16:25:00,42.0,8.4
9842,2,2020-12-05 16:29:00,17.9,3.58
9843,67,2020-12-05 16:51:00,4.5,0.9
9844,10,2020-12-05 17:08:00,33.3,6.66
9845,7,2020-12-05 17:24:00,57.6,11.52
9846,6,2020-12-05 17:27:00,177.0,35.4
9847,1,2020-12-05 17:50:00,11.7,2.34
9848,7,2020-12-05 17:58:00,8.5,1.7
9849,12,2020-12-05 18:10:00,57.7,11.54
9850,7,2020-12-05 18:19:00,187.7,37.54
9851,14,2020-12-05 18:28:00,70.2,14.04
9852,5,2020-12-05 18:38:00,57.2,11.44
9853,7,2020-12-05 18:48:00,141.9,28.38
9854,0,2020-12-05 18:54:00,236.0,47.2
9855,13,2020-12-05 19:22:00,12.5,2.5
9856,2,2020-12-05 19:31:00,14.7,2.94
9857,0,2020-12-05 19:56:00,167.7,33.54
9858,10,2020-12-05 20:17:00,6.9,1.38
9859,68,2020-12-05 20:25:00,44.0,8.8
9860,9,2020-12-05 20:33:00,145.4,29.08
9861,5,2020-12-05 20:51:00,12.2,2.44
9862,8,2020-12-05 20:56:00,2.4,0.48
9863,3,2020-12-05 21:01:00,9.8,1.96
9864,12,2020-12-05 21:02:00,14.6,2.92
9865,0,2020-12-05 21:16:00,132.1,26.42
9866,6,2020-12-05 21:29:00,19.2,3.84
9867,13,2020-12-05 21:53:00,15.6,3.12
9868,68,2020-12-05 22:05:00,61.4,12.28
9869,7,2020-12-05 22:19:00,14.3,2.86
9870,2,2020-12-05 22:46:00,4.7,0.94
9871,14,2020-12-05 22:47:00,267.7,53.54
9872,14,2020-12-05 22:51:00,48.1,9.62
9873,0,2020-12-05 22:54:00,4.8,0.96
9874,5,2020-12-06 11:30:00,2.6,0.52
9875,6,2020-12-06 11:52:00,129.1,25.82
9876,67,2020-12-06 12:30:00,130.3,26.06
9877,0,2020-12-06 12:30:00,193.3,38.66
9878,0,2020-12-06 12:32:00,5.0,1.0
9879,4,2020-12-06 13:14:00,70.2,14.04
9880,2,2020-12-06 13:57:00,199.4,39.88
9881,3,2020-12-06 14:22:00,4.6,0.92
9882,5,2020-12-06 14:43:00,24.1,4.82
9883,6,2020-12-06 14:54:00,376.5,75.3
9884,1,2020-12-06 14:54:00,13.2,2.64
9885,1,2020-12-06 15:36:00,81.2,16.24
9886,68,2020-12-06 16:00:00,45.5,9.1
9887,68,2020-12-06 16:53:00,28.8,5.76
9888,67,2020-12-06 17:43:00,40.4,8.08
9889,12,2020-12-06 18:23:00,24.8,4.96
9890,6,2020-12-06 18:24:00,44.0,8.8
9891,2,2020-12-06 18:58:00,17.9,3.58
9892,68,2020-12-06 19:44:00,64.2,12.84
9893,13,2020-12-06 19:58:00,4.5,0.9
9894,68,2020-12-06 20:49:00,55.5,11.1
9895,67,2020-12-06 21:48:00,46.1,9.22
9896,4,2020-12-06 22:22:00,231.9,46.38
9897,12,2020-12-06 22:45:00,149.6,29.92
9898,4,2020-12-07 10:39:00,7.8,1.56
9899,68,2020-12-07 11:03:00,17.5,3.5
9900,1,2020-12-07 11:09:00,30.3,6.06
9901,12,2020-12-07 11:30:00,117.6,23.52
9902,6,2020-12-07 11:54:00,291.1,58.22
9903,8,2020-12-07 12:36:00,5.4,1.08
9904,4,2020-12-07 12:58:00,15.9,3.18
9905,68,2020-12-07 13:14:00,2.1,0.42
9906,9,2020-12-07 13:55:00,18.7,3.74
9907,67,2020-12-07 14:52:00,123.9,24.78
9908,7,2020-12-07 15:22:00,41.9,8.38
9909,4,2020-12-07 16:10:00,14.0,2.8
9910,0,2020-12-07 16:43:00,36.9,7.38
9911,7,2020-12-07 16:47:00,27.6,5.52
9912,7,2020-12-07 16:57:00,75.8,15.16
9913,6,2020-12-07 17:46:00,167.8,33.56
9914,5,2020-12-07 18:22:00,10.0,2.0
9915,9,2020-12-07 19:08:00,18.8,3.76
9916,0,2020-12-07 19:25:00,12.5,2.5
9917,5,2020-12-07 20:02:00,10.9,2.18
9918,0,2020-12-07 20:53:00,74.2,14.84
9919,9,2020-12-07 21:51:00,27.0,5.4
9920,5,2020-12-07 22:09:00,105.6,21.12
9921,7,2020-12-07 22:30:00,103.4,20.68
9922,7,2020-12-08 10:43:00,19.3,3.86
9923,10,2020-12-08 11:38:00,7.5,1.5
9924,13,2020-12-08 12:37:00,13.2,2.64
9925,10,2020-12-08 13:36:00,15.4,3.08
9926,12,2020-12-08 13:39:00,35.8,7.16
9927,4,2020-12-08 13:53:00,245.9,49.18
9928,8,2020-12-08 14:14:00,2.4,0.48
9929,1,2020-12-08 14:43:00,10.9,2.18
9930,8,2020-12-08 15:02:00,165.1,33.02
9931,5,2020-12-08 15:55:00,10.9,2.18
9932,13,2020-12-08 15:57:00,134.7,26.94
9933,6,2020-12-08 16:46:00,4.8,0.96
9934,1,2020-12-08 17:03:00,171.3,34.26
9935,1,2020-12-08 17:25:00,19.1,3.82
9936,12,2020-12-08 17:33:00,20.1,4.02
9937,67,2020-12-08 17:58:00,65.0,13.0
9938,13,2020-12-08 18:15:00,13.8,2.76
9939,6,2020-12-08 18:41:00,26.2,5.24
9940,7,2020-12-08 18:53:00,20.1,4.02
9941,5,2020-12-08 18:58:00,2.4,0.48
9942,5,2020-12-08 19:33:00,127.9,25.58
9943,13,2020-12-08 19:34:00,33.2,6.64
9944,14,2020-12-08 20:24:00,2.1,0.42
9945,7,2020-12-08 20:59:00,64.6,12.92
9946,10,2020-12-08 21:37:00,11.4,2.28
9947,9,2020-12-08 22:22:00,201.9,40.38
9948,68,2020-12-08 22:51:00,22.0,4.4
9949,6,2020-12-09 10:28:00,5.4,1.08
9950,14,2020-12-09 11:03:00,10.1,2.02
9951,7,2020-12-09 11:03:00,124.5,24.9
9952,67,2020-12-09 11:10:00,22.3,4.46
9953,5,2020-12-09 11:58:00,4.8,0.96
9954,14,2020-12-09 12:28:00,32.3,6.46
9955,68,2020-12-09 13:28:00,58.0,11.6
9956,67,2020-12-09 14:10:00,2.1,0.42
9957,5,2020-12-09 14:59:00,12.8,2.56
9958,68,2020-12-09 15:54:00,65.6,13.12
9959,6,2020-12-09 16:49:00,8.5,1.7
9960,0,2020-12-09 17:05:00,117.0,23.4
9961,67,2020-12-09 17:27:00,2.4,0.48
9962,8,2020-12-09 17:52:00,12.2,2.44
9963,5,2020-12-09 18:19:00,58.1,11.62
9964,4,2020-12-09 18:42:00,54.0,10.8
9965,0,2020-12-09 19:12:00,34.3,6.86
9966,67,2020-12-09 19:22:00,13.8,2.76
9967,9,2020-12-09 19:29:00,29.4,5.88
9968,1,2020-12-09 19:33:00,123.4,24.68
9969,13,2020-12-09 19:48:00,2.4,0.48
9970,2,2020-12-09 20:05:00,34.9,6.98
9971,67,2020-12-09 20:09:00,14.0,2.8
9972,67,2020-12-09 20:13:00,45.5,9.1
9973,10,2020-12-09 20:14:00,47.9,9.58
9974,2,2020-12-09 20:56:00,136.2,27.24
9975,5,2020-12-09 21:22:00,169.5,33.9
9976,7,2020-12-09 21:35:00,59.4,11.88
9977,4,2020-12-09 21:52:00,26.4,5.28
9978,7,2020-12-09 22:49:00,38.8,7.76
9979,1,2020-12-10 10:37:00,129.7,25.94
9980,6,2020-12-10 11:13:00,11.7,2.34
9981,4,2020-12-10 11:49:00,221.8,44.36
9982,0,2020-12-10 12:05:00,116.0,23.2
9983,10,2020-12-10 12:43:00,23.7,4.74
9984,67,2020-12-10 13:40:00,4.8,0.96
9985,68,2020-12-10 13:43:00,120.3,24.06
9986,8,2020-12-10 14:23:00,143.0,28.6
9987,6,2020-12-10 14:52:00,32.3,6.46
9988,1,2020-12-10 15:31:00,63.2,12.64
9989,10,2020-12-10 16:11:00,55.6,11.12
9990,8,2020-12-10 16:30:00,8.5,1.7
9991,6,2020-12-10 16:47:00,2.4,0.48
9992,3,2020-12-10 17:32:00,118.4,23.68
9993,2,2020-12-10 18:31:00,2.4,0.48
9994,14,2020-12-10 19:10:00,52.4,10.48
9995,7,2020-12-10 19:22:00,44.0,8.8
9996,7,2020-12-10 19:39:00,8.5,1.7
9997,9,2020-12-10 20:11:00,20.2,4.04
9998,12,2020-12-10 20:23:00,11.7,2.34
9999,7,2020-12-10 21:03:00,169.1,33.82
10000,7,2020-12-10 21:23:00,44.0,8.8
10001,0,2020-12-10 21:26:00,27.0,5.4
10002,10,2020-12-10 21:37:00,71.0,14.2
10003,1,2020-12-10 21:46:00,2.4,0.48
10004,68,2020-12-10 22:20:00,18.0,3.6
10005,2,2020-12-10 22:52:00,112.8,22.56
10006,5,2020-12-11 10:38:00,338.3,67.66
10007,14,2020-12-11 10:48:00,20.5,4.1
10008,68,2020-12-11 11:24:00,35.8,7.16
10009,2,2020-12-11 11:31:00,51.1,10.22
10010,1,2020-12-11 11:40:00,18.9,3.78
10011,3,2020-12-11 11:41:00,16.9,3.38
10012,2,2020-12-11 11:43:00,11.7,2.34
10013,14,2020-12-11 12:36:00,46.4,9.28
10014,0,2020-12-11 13:26:00,28.6,5.72
10015,9,2020-12-11 14:07:00,14.6,2.92
10016,8,2020-12-11 14:52:00,5.4,1.08
10017,3,2020-12-11 15:20:00,11.1,2.22
10018,1,2020-12-11 15:40:00,11.7,2.34
10019,8,2020-12-11 15:48:00,9.3,1.86
10020,12,2020-12-11 15:56:00,161.0,32.2
10021,12,2020-12-11 16:34:00,18.6,3.72
10022,3,2020-12-11 17:14:00,14.1,2.82
10023,6,2020-12-11 17:27:00,14.1,2.82
10024,14,2020-12-11 18:26:00,11.7,2.34
10025,1,2020-12-11 18:56:00,2.1,0.42
10026,7,2020-12-11 19:55:00,47.9,9.58
10027,1,2020-12-11 20:36:00,181.8,36.36
10028,7,2020-12-11 20:57:00,122.9,24.58
10029,2,2020-12-11 21:36:00,10.1,2.02
10030,14,2020-12-11 22:32:00,50.7,10.14
10031,1,2020-12-12 10:40:00,46.6,9.32
10032,8,2020-12-12 11:03:00,10.1,2.02
10033,6,2020-12-12 11:06:00,16.2,3.24
10034,6,2020-12-12 11:09:00,23.9,4.78
10035,4,2020-12-12 11:27:00,57.0,11.4
10036,8,2020-12-12 11:43:00,57.5,11.5
10037,10,2020-12-12 12:13:00,34.6,6.92
10038,4,2020-12-12 12:21:00,21.8,4.36
10039,3,2020-12-12 12:32:00,26.5,5.3
10040,5,2020-12-12 12:52:00,14.7,2.94
10041,67,2020-12-12 13:11:00,8.5,1.7
10042,0,2020-12-12 13:11:00,2.1,0.42
10043,2,2020-12-12 13:12:00,11.6,2.32
10044,8,2020-12-12 13:12:00,5.4,1.08
10045,12,2020-12-12 13:30:00,7.8,1.56
10046,3,2020-12-12 13:59:00,39.4,7.88
10047,3,2020-12-12 14:28:00,5.4,1.08
10048,12,2020-12-12 14:53:00,22.3,4.46
10049,8,2020-12-12 14:55:00,11.7,2.34
10050,3,2020-12-12 15:06:00,41.2,8.24
10051,12,2020-12-12 15:15:00,8.5,1.7
10052,0,2020-12-12 15:24:00,17.0,3.4
10053,68,2020-12-12 15:38:00,46.6,9.32
10054,0,2020-12-12 16:00:00,17.8,3.56
10055,8,2020-12-12 16:13:00,19.4,3.88
10056,13,2020-12-12 16:14:00,65.7,13.14
10057,1,2020-12-12 16:33:00,7.5,1.5
10058,6,2020-12-12 16:49:00,48.3,9.66
10059,13,2020-12-12 17:14:00,102.5,20.5
10060,5,2020-12-12 17:36:00,13.8,2.76
10061,3,2020-12-12 17:36:00,126.6,25.32
10062,5,2020-12-12 18:06:00,2.1,0.42
10063,5,2020-12-12 18:36:00,52.5,10.5
10064,68,2020-12-12 18:40:00,17.4,3.48
10065,1,2020-12-12 19:07:00,166.5,33.3
10066,8,2020-12-12 19:11:00,10.9,2.18
10067,13,2020-12-12 19:18:00,304.7,60.94
10068,5,2020-12-12 19:32:00,32.6,6.52
10069,9,2020-12-12 19:48:00,10.2,2.04
10070,14,2020-12-12 20:00:00,13.9,2.78
10071,13,2020-12-12 20:02:00,6.9,1.38
10072,7,2020-12-12 20:32:00,26.1,5.22
10073,5,2020-12-12 20:37:00,46.1,9.22
10074,9,2020-12-12 20:57:00,24.1,4.82
10075,12,2020-12-12 21:13:00,128.0,25.6
10076,0,2020-12-12 21:28:00,5.4,1.08
10077,12,2020-12-12 21:52:00,134.8,26.96
10078,7,2020-12-12 22:15:00,66.8,13.36
10079,1,2020-12-12 22:16:00,14.1,2.82
10080,67,2020-12-12 22:38:00,12.5,2.5
10081,6,2020-12-12 22:54:00,19.9,3.98
10082,7,2020-12-13 11:25:00,57.7,11.54
10083,1,2020-12-13 11:30:00,114.6,22.92
10084,6,2020-12-13 11:44:00,157.2,31.44
10085,4,2020-12-13 12:01:00,374.4,74.88
10086,2,2020-12-13 12:42:00,2.1,0.42
10087,13,2020-12-13 12:53:00,10.9,2.18
10088,68,2020-12-13 12:53:00,27.7,5.54
10089,9,2020-12-13 13:42:00,21.0,4.2
10090,2,2020-12-13 14:26:00,29.4,5.88
10091,14,2020-12-13 14:28:00,15.9,3.18
10092,7,2020-12-13 14:34:00,15.2,3.04
10093,3,2020-12-13 15:33:00,237.6,47.52
10094,0,2020-12-13 16:27:00,50.2,10.04
10095,5,2020-12-13 16:59:00,4.2,0.84
10096,10,2020-12-13 17:49:00,4.6,0.92
10097,0,2020-12-13 18:30:00,77.9,15.58
10098,3,2020-12-13 19:09:00,10.6,2.12
10099,6,2020-12-13 19:50:00,2.1,0.42
10100,1,2020-12-13 20:03:00,10.1,2.02
10101,12,2020-12-13 20:55:00,112.2,22.44
10102,8,2020-12-13 21:31:00,5.4,1.08
10103,5,2020-12-13 22:00:00,12.7,2.54
10104,68,2020-12-13 22:39:00,24.9,4.98
10105,9,2020-12-14 10:57:00,13.8,2.76
10106,7,2020-12-14 11:27:00,173.0,34.6
10107,10,2020-12-14 11:37:00,4.8,0.96
10108,14,2020-12-14 12:28:00,13.8,2.76
10109,12,2020-12-14 12:37:00,11.7,2.34
10110,10,2020-12-14 12:44:00,13.8,2.76
10111,5,2020-12-14 13:20:00,2.4,0.48
10112,3,2020-12-14 13:37:00,158.4,31.68
10113,5,2020-12-14 14:11:00,71.9,14.38
10114,13,2020-12-14 14:27:00,41.0,8.2
10115,7,2020-12-14 15:17:00,219.1,43.82
10116,3,2020-12-14 15:29:00,204.6,40.92
10117,3,2020-12-14 16:24:00,175.6,35.12
10118,67,2020-12-14 17:18:00,44.0,8.8
10119,7,2020-12-14 17:45:00,68.9,13.78
10120,14,2020-12-14 18:03:00,65.7,13.14
10121,10,2020-12-14 18:38:00,46.1,9.22
10122,14,2020-12-14 18:49:00,4.7,0.94
10123,68,2020-12-14 19:43:00,10.9,2.18
10124,14,2020-12-14 20:27:00,110.7,22.14
10125,9,2020-12-14 21:18:00,10.1,2.02
10126,14,2020-12-14 21:41:00,14.5,2.9
10127,8,2020-12-14 22:18:00,127.7,25.54
10128,7,2020-12-15 10:46:00,19.5,3.9
10129,68,2020-12-15 10:56:00,19.1,3.82
10130,68,2020-12-15 11:33:00,56.2,11.24
10131,3,2020-12-15 12:22:00,12.4,2.48
10132,67,2020-12-15 13:00:00,118.5,23.7
10133,14,2020-12-15 13:20:00,43.9,8.78
10134,67,2020-12-15 13:24:00,68.6,13.72
10135,2,2020-12-15 14:13:00,22.3,4.46
10136,12,2020-12-15 14:17:00,48.5,9.7
10137,14,2020-12-15 15:03:00,180.4,36.08
10138,4,2020-12-15 15:40:00,62.8,12.56
10139,14,2020-12-15 15:44:00,23.8,4.76
10140,14,2020-12-15 16:35:00,23.9,4.78
10141,2,2020-12-15 17:03:00,54.4,10.88
10142,2,2020-12-15 17:15:00,150.1,30.02
10143,2,2020-12-15 17:57:00,217.9,43.58
10144,5,2020-12-15 18:51:00,147.7,29.54
10145,6,2020-12-15 19:37:00,129.8,25.96
10146,3,2020-12-15 20:15:00,10.1,2.02
10147,6,2020-12-15 20:50:00,8.5,1.7
10148,67,2020-12-15 21:00:00,2.4,0.48
10149,3,2020-12-15 21:29:00,2.4,0.48
10150,68,2020-12-15 21:51:00,17.4,3.48
10151,67,2020-12-15 22:20:00,10.6,2.12
10152,5,2020-12-15 22:46:00,29.6,5.92
10153,5,2020-12-16 10:49:00,2.4,0.48
10154,5,2020-12-16 11:01:00,18.6,3.72
10155,6,2020-12-16 11:39:00,27.3,5.46
10156,14,2020-12-16 11:39:00,181.8,36.36
10157,10,2020-12-16 11:47:00,13.8,2.76
10158,1,2020-12-16 12:06:00,164.0,32.8
10159,13,2020-12-16 12:42:00,107.5,21.5
10160,13,2020-12-16 13:22:00,53.0,10.6
10161,10,2020-12-16 13:59:00,153.9,30.78
10162,2,2020-12-16 14:37:00,145.1,29.02
10163,3,2020-12-16 14:44:00,90.1,18.02
10164,0,2020-12-16 15:29:00,23.0,4.6
10165,8,2020-12-16 15:45:00,2.4,0.48
10166,67,2020-12-16 16:32:00,69.6,13.92
10167,68,2020-12-16 17:05:00,117.6,23.52
10168,8,2020-12-16 17:11:00,27.8,5.56
10169,13,2020-12-16 18:11:00,7.5,1.5
10170,5,2020-12-16 19:03:00,127.8,25.56
10171,68,2020-12-16 19:19:00,11.7,2.34
10172,12,2020-12-16 19:19:00,121.3,24.26
10173,9,2020-12-16 19:39:00,66.4,13.28
10174,3,2020-12-16 20:27:00,4.2,0.84
10175,0,2020-12-16 21:25:00,4.6,0.92
10176,67,2020-12-16 22:03:00,16.4,3.28
10177,14,2020-12-16 22:03:00,12.4,2.48
10178,6,2020-12-16 22:34:00,19.4,3.88
10179,6,2020-12-17 10:31:00,11.3,2.26
10180,3,2020-12-17 10:36:00,11.7,2.34
10181,13,2020-12-17 10:46:00,165.8,33.16
10182,13,2020-12-17 10:46:00,8.5,1.7
10183,4,2020-12-17 10:54:00,27.6,5.52
10184,10,2020-12-17 11:10:00,99.6,19.92
10185,12,2020-12-17 11:58:00,2.1,0.42
10186,68,2020-12-17 12:07:00,22.6,4.52
10187,1,2020-12-17 12:07:00,62.3,12.46
10188,7,2020-12-17 12:59:00,45.3,9.06
10189,1,2020-12-17 13:16:00,113.0,22.6
10190,67,2020-12-17 13:32:00,18.6,3.72
10191,8,2020-12-17 14:28:00,173.8,34.76
10192,9,2020-12-17 15:08:00,33.3,6.66
10193,7,2020-12-17 15:29:00,134.2,26.84
10194,12,2020-12-17 16:29:00,26.3,5.26
10195,5,2020-12-17 16:54:00,62.5,12.5
10196,3,2020-12-17 17:36:00,68.7,13.74
10197,14,2020-12-17 17:47:00,140.1,28.02
10198,7,2020-12-17 18:44:00,4.6,0.92
10199,10,2020-12-17 18:55:00,4.6,0.92
10200,68,2020-12-17 19:46:00,53.5,10.7
10201,9,2020-12-17 19:48:00,12.4,2.48
10202,6,2020-12-17 20:12:00,111.2,22.24
10203,12,2020-12-17 20:59:00,51.9,10.38
10204,2,2020-12-17 21:46:00,20.1,4.02
10205,6,2020-12-17 22:29:00,154.5,30.9
10206,67,2020-12-17 22:40:00,11.7,2.34
10207,8,2020-12-18 10:46:00,178.7,35.74
10208,14,2020-12-18 11:35:00,47.6,9.52
10209,13,2020-12-18 11:41:00,4.3,0.86
10210,0,2020-12-18 12:27:00,136.2,27.24
10211,7,2020-12-18 12:46:00,10.9,2.18
10212,10,2020-12-18 13:20:00,11.7,2.34
10213,6,2020-12-18 13:41:00,5.6,1.12
10214,4,2020-12-18 14:39:00,23.1,4.62
10215,10,2020-12-18 14:50:00,111.7,22.34
10216,7,2020-12-18 15:28:00,134.4,26.88
10217,12,2020-12-18 16:25:00,11.7,2.34
10218,0,2020-12-18 17:24:00,55.9,11.18
10219,10,2020-12-18 17:41:00,115.0,23.0
10220,7,2020-12-18 18:29:00,163.9,32.78
10221,8,2020-12-18 19:25:00,26.6,5.32
10222,13,2020-12-18 19:25:00,22.5,4.5
10223,9,2020-12-18 19:33:00,16.2,3.24
10224,4,2020-12-18 20:28:00,162.5,32.5
10225,7,2020-12-18 21:00:00,13.1,2.62
10226,14,2020-12-18 21:35:00,19.6,3.92
10227,13,2020-12-18 22:27:00,43.0,8.6
10228,14,2020-12-19 10:46:00,74.8,14.96
10229,9,2020-12-19 11:04:00,53.3,10.66
10230,12,2020-12-19 11:04:00,16.8,3.36
10231,8,2020-12-19 11:33:00,14.7,2.94
10232,67,2020-12-19 11:59:00,56.7,11.34
10233,13,2020-12-19 12:02:00,10.2,2.04
10234,7,2020-12-19 12:10:00,125.2,25.04
10235,67,2020-12-19 12:30:00,47.9,9.58
10236,7,2020-12-19 12:31:00,15.3,3.06
10237,8,2020-12-19 12:39:00,115.3,23.06
10238,0,2020-12-19 12:58:00,228.2,45.64
10239,9,2020-12-19 13:16:00,141.5,28.3
10240,6,2020-12-19 13:43:00,2.4,0.48
10241,14,2020-12-19 13:50:00,138.7,27.74
10242,12,2020-12-19 14:08:00,4.8,0.96
10243,4,2020-12-19 14:27:00,11.7,2.34
10244,1,2020-12-19 14:28:00,24.9,4.98
10245,14,2020-12-19 14:33:00,48.1,9.62
10246,68,2020-12-19 14:55:00,21.0,4.2
10247,5,2020-12-19 15:25:00,209.8,41.96
10248,67,2020-12-19 15:27:00,12.2,2.44
10249,67,2020-12-19 15:50:00,8.5,1.7
10250,10,2020-12-19 16:02:00,17.2,3.44
10251,8,2020-12-19 16:24:00,2.1,0.42
10252,7,2020-12-19 16:45:00,54.2,10.84
10253,13,2020-12-19 17:13:00,18.9,3.78
10254,5,2020-12-19 17:27:00,211.9,42.38
10255,14,2020-12-19 17:37:00,11.7,2.34
10256,6,2020-12-19 17:46:00,161.6,32.32
10257,4,2020-12-19 18:03:00,34.4,6.88
10258,67,2020-12-19 18:33:00,117.5,23.5
10259,3,2020-12-19 18:56:00,7.8,1.56
10260,67,2020-12-19 19:17:00,19.4,3.88
10261,4,2020-12-19 19:38:00,131.6,26.32
10262,14,2020-12-19 19:53:00,163.2,32.64
10263,8,2020-12-19 20:10:00,144.9,28.98
10264,5,2020-12-19 20:25:00,82.9,16.58
10265,0,2020-12-19 20:52:00,110.7,22.14
10266,8,2020-12-19 21:10:00,2.4,0.48
10267,12,2020-12-19 21:25:00,113.3,22.66
10268,7,2020-12-19 21:36:00,85.7,17.14
10269,10,2020-12-19 22:06:00,46.1,9.22
10270,4,2020-12-19 22:18:00,199.5,39.9
10271,9,2020-12-19 22:48:00,138.6,27.72
10272,5,2020-12-19 22:51:00,2.6,0.52
10273,10,2020-12-20 11:15:00,4.2,0.84
10274,4,2020-12-20 11:36:00,26.2,5.24
10275,6,2020-12-20 11:53:00,18.8,3.76
10276,1,2020-12-20 12:49:00,79.6,15.92
10277,5,2020-12-20 13:34:00,23.6,4.72
10278,13,2020-12-20 14:15:00,15.1,3.02
10279,2,2020-12-20 14:38:00,2.4,0.48
10280,14,2020-12-20 14:50:00,9.6,1.92
10281,6,2020-12-20 15:45:00,2.1,0.42
10282,8,2020-12-20 15:52:00,17.0,3.4
10283,6,2020-12-20 16:50:00,156.8,31.36
10284,10,2020-12-20 17:07:00,13.2,2.64
10285,7,2020-12-20 17:54:00,144.5,28.9
10286,2,2020-12-20 18:02:00,6.6,1.32
10287,10,2020-12-20 18:41:00,66.5,13.3
10288,14,2020-12-20 19:19:00,41.4,8.28
10289,7,2020-12-20 19:46:00,84.3,16.86
10290,1,2020-12-20 20:45:00,2.4,0.48
10291,14,2020-12-20 21:43:00,131.9,26.38
10292,2,2020-12-20 22:37:00,46.4,9.28
10293,67,2020-12-21 10:33:00,79.4,15.88
10294,0,2020-12-21 11:08:00,25.6,5.12
10295,7,2020-12-21 11:19:00,152.9,30.58
10296,3,2020-12-21 11:53:00,2.4,0.48
10297,67,2020-12-21 12:03:00,33.2,6.64
10298,10,2020-12-21 13:02:00,66.5,13.3
10299,1,2020-12-21 14:02:00,115.4,23.08
10300,9,2020-12-21 14:33:00,29.3,5.86
10301,4,2020-12-21 15:02:00,122.3,24.46
10302,12,2020-12-21 15:10:00,11.6,2.32
10303,12,2020-12-21 15:49:00,132.4,26.48
10304,1,2020-12-21 16:01:00,11.4,2.28
10305,14,2020-12-21 16:52:00,20.1,4.02
10306,67,2020-12-21 17:17:00,115.4,23.08
10307,3,2020-12-21 17:19:00,2.1,0.42
10308,7,2020-12-21 17:46:00,33.3,6.66
10309,12,2020-12-21 18:29:00,2.4,0.48
10310,1,2020-12-21 18:42:00,65.5,13.1
10311,14,2020-12-21 19:13:00,45.7,9.14
10312,2,2020-12-21 20:06:00,66.4,13.28
10313,7,2020-12-21 21:02:00,71.8,14.36
10314,3,2020-12-21 21:35:00,151.5,30.3
10315,10,2020-12-21 22:10:00,47.2,9.44
10316,68,2020-12-21 22:19:00,37.3,7.46
10317,7,2020-12-22 10:57:00,27.1,5.42
10318,2,2020-12-22 11:43:00,2.6,0.52
10319,6,2020-12-22 11:57:00,53.1,10.62
10320,12,2020-12-22 12:43:00,119.2,23.84
10321,4,2020-12-22 12:53:00,10.1,2.02
10322,6,2020-12-22 13:44:00,115.3,23.06
10323,1,2020-12-22 14:10:00,30.1,6.02
10324,8,2020-12-22 14:16:00,64.0,12.8
10325,1,2020-12-22 15:13:00,416.8,83.36
10326,12,2020-12-22 15:46:00,46.1,9.22
10327,5,2020-12-22 16:42:00,61.0,12.2
10328,4,2020-12-22 17:33:00,241.5,48.3
10329,6,2020-12-22 18:29:00,19.4,3.88
10330,8,2020-12-22 19:06:00,47.9,9.58
10331,14,2020-12-22 19:47:00,47.2,9.44
10332,0,2020-12-22 20:45:00,48.6,9.72
10333,5,2020-12-22 20:56:00,130.4,26.08
10334,68,2020-12-22 21:04:00,2.2,0.44
10335,13,2020-12-22 21:43:00,2.1,0.42
10336,7,2020-12-22 22:26:00,4.5,0.9
10337,10,2020-12-22 22:41:00,166.8,33.36
10338,10,2020-12-22 22:44:00,130.1,26.02
10339,68,2020-12-23 10:30:00,2.4,0.48
10340,1,2020-12-23 11:03:00,111.3,22.26
10341,7,2020-12-23 11:05:00,150.8,30.16
10342,13,2020-12-23 11:22:00,98.0,19.6
10343,3,2020-12-23 11:22:00,15.6,3.12
10344,14,2020-12-23 11:38:00,2.1,0.42
10345,2,2020-12-23 12:16:00,30.0,6.0
10346,68,2020-12-23 12:59:00,68.1,13.62
10347,8,2020-12-23 13:39:00,7.8,1.56
10348,9,2020-12-23 14:07:00,17.2,3.44
10349,5,2020-12-23 14:48:00,47.9,9.58
10350,8,2020-12-23 15:27:00,29.1,5.82
10351,4,2020-12-23 15:53:00,20.2,4.04
10352,7,2020-12-23 16:39:00,13.9,2.78
10353,7,2020-12-23 17:34:00,15.2,3.04
10354,3,2020-12-23 18:10:00,23.3,4.66
10355,9,2020-12-23 18:30:00,24.1,4.82
10356,10,2020-12-23 19:02:00,14.6,2.92
10357,3,2020-12-23 19:25:00,16.2,3.24
10358,8,2020-12-23 20:25:00,46.6,9.32
10359,2,2020-12-23 21:07:00,47.6,9.52
10360,12,2020-12-23 21:11:00,57.9,11.58
10361,4,2020-12-23 21:44:00,23.8,4.76
10362,2,2020-12-23 22:13:00,13.7,2.74
10363,68,2020-12-24 10:57:00,28.6,5.72
10364,67,2020-12-24 11:13:00,28.6,5.72
10365,9,2020-12-24 11:50:00,159.0,31.8
10366,0,2020-12-24 12:13:00,36.3,7.26
10367,7,2020-12-24 13:09:00,6.7,1.34
10368,68,2020-12-24 13:51:00,82.6,16.52
10369,68,2020-12-24 14:05:00,156.8,31.36
10370,3,2020-12-24 14:58:00,70.4,14.08
10371,0,2020-12-24 15:19:00,58.1,11.62
10372,68,2020-12-24 15:40:00,18.6,3.72
10373,6,2020-12-24 16:29:00,16.5,3.3
10374,8,2020-12-24 17:15:00,47.9,9.58
10375,12,2020-12-24 17:37:00,28.1,5.62
10376,67,2020-12-24 18:17:00,11.4,2.28
10377,2,2020-12-24 18:53:00,129.3,25.86
10378,0,2020-12-24 18:58:00,8.5,1.7
10379,12,2020-12-24 19:00:00,2.1,0.42
10380,1,2020-12-24 19:30:00,34.7,6.94
10381,12,2020-12-24 20:18:00,8.7,1.74
10382,2,2020-12-24 20:47:00,13.1,2.62
10383,14,2020-12-24 21:10:00,2.2,0.44
10384,13,2020-12-24 21:27:00,28.9,5.78
10385,12,2020-12-24 22:04:00,11.3,2.26
10386,0,2020-12-24 22:19:00,11.1,2.22
10387,2,2020-12-24 22:43:00,2.4,0.48
10388,8,2020-12-25 10:35:00,61.8,12.36
10389,4,2020-12-25 11:10:00,21.5,4.3
10390,7,2020-12-25 12:02:00,25.6,5.12
10391,9,2020-12-25 12:51:00,13.8,2.76
10392,6,2020-12-25 13:42:00,162.8,32.56
10393,10,2020-12-25 13:58:00,67.6,13.52
10394,14,2020-12-25 14:35:00,23.9,4.78
10395,8,2020-12-25 15:13:00,24.7,4.94
10396,2,2020-12-25 16:04:00,17.0,3.4
10397,67,2020-12-25 16:49:00,6.9,1.38
10398,1,2020-12-25 17:04:00,110.6,22.12
10399,1,2020-12-25 17:20:00,44.0,8.8
10400,14,2020-12-25 17:43:00,59.3,11.86
10401,10,2020-12-25 18:11:00,65.3,13.06
10402,4,2020-12-25 18:47:00,155.6,31.12
10403,0,2020-12-25 19:07:00,19.8,3.96
10404,10,2020-12-25 19:13:00,21.7,4.34
10405,67,2020-12-25 19:23:00,17.2,3.44
10406,6,2020-12-25 19:27:00,31.9,6.38
10407,67,2020-12-25 20:14:00,2.4,0.48
10408,14,2020-12-25 20:19:00,48.5,9.7
10409,8,2020-12-25 20:45:00,190.7,38.14
10410,8,2020-12-25 21:30:00,15.7,3.14
10411,10,2020-12-25 21:57:00,25.7,5.14
10412,9,2020-12-25 22:09:00,66.4,13.28
10413,12,2020-12-25 22:21:00,115.0,23.0
10414,5,2020-12-25 22:22:00,54.9,10.98
10415,3,2020-12-26 10:56:00,123.1,24.62
10416,67,2020-12-26 11:25:00,2.6,0.52
10417,12,2020-12-26 11:33:00,13.2,2.64
10418,14,2020-12-26 11:54:00,26.2,5.24
10419,10,2020-12-26 12:16:00,25.7,5.14
10420,68,2020-12-26 12:29:00,7.2,1.44
10421,5,2020-12-26 12:29:00,7.1,1.42
10422,14,2020-12-26 12:59:00,14.1,2.82
10423,4,2020-12-26 13:15:00,22.8,4.56
10424,6,2020-12-26 13:30:00,17.9,3.58
10425,1,2020-12-26 13:52:00,151.5,30.3
10426,3,2020-12-26 14:15:00,12.7,2.54
10427,14,2020-12-26 14:43:00,99.3,19.86
10428,2,2020-12-26 14:43:00,7.7,1.54
10429,67,2020-12-26 14:46:00,22.2,4.44
10430,1,2020-12-26 14:55:00,113.7,22.74
10431,8,2020-12-26 15:09:00,156.1,31.22
10432,4,2020-12-26 15:22:00,15.1,3.02
10433,13,2020-12-26 15:25:00,163.2,32.64
10434,14,2020-12-26 15:25:00,27.1,5.42
10435,14,2020-12-26 15:55:00,145.4,29.08
10436,9,2020-12-26 16:16:00,12.5,2.5
10437,12,2020-12-26 16:18:00,11.6,2.32
10438,6,2020-12-26 16:22:00,97.1,19.42
10439,5,2020-12-26 16:41:00,17.0,3.4
10440,2,2020-12-26 17:08:00,22.1,4.42
10441,7,2020-12-26 17:12:00,146.6,29.32
10442,2,2020-12-26 17:42:00,167.9,33.58
10443,10,2020-12-26 18:12:00,27.2,5.44
10444,10,2020-12-26 18:26:00,132.1,26.42
10445,13,2020-12-26 18:41:00,44.0,8.8
10446,6,2020-12-26 19:06:00,121.8,24.36
10447,13,2020-12-26 19:06:00,14.1,2.82
10448,12,2020-12-26 19:23:00,4.6,0.92
10449,13,2020-12-26 19:38:00,35.5,7.1
10450,12,2020-12-26 19:48:00,136.6,27.32
10451,7,2020-12-26 20:05:00,74.3,14.86
10452,7,2020-12-26 20:18:00,63.4,12.68
10453,14,2020-12-26 20:34:00,31.2,6.24
10454,8,2020-12-26 20:34:00,2.1,0.42
10455,4,2020-12-26 20:50:00,56.8,11.36
10456,13,2020-12-26 21:16:00,21.0,4.2
10457,12,2020-12-26 21:19:00,12.6,2.52
10458,8,2020-12-26 21:47:00,14.9,2.98
10459,7,2020-12-26 22:01:00,20.4,4.08
10460,7,2020-12-26 22:22:00,2.4,0.48
10461,1,2020-12-26 22:25:00,121.9,24.38
10462,5,2020-12-26 22:34:00,49.2,9.84
10463,0,2020-12-26 22:40:00,118.5,23.7
10464,8,2020-12-26 22:58:00,7.1,1.42
10465,14,2020-12-27 11:10:00,2.6,0.52
10466,1,2020-12-27 11:39:00,15.6,3.12
10467,67,2020-12-27 11:39:00,26.4,5.28
10468,4,2020-12-27 12:01:00,17.0,3.4
10469,4,2020-12-27 12:36:00,242.0,48.4
10470,5,2020-12-27 13:27:00,23.5,4.7
10471,2,2020-12-27 14:16:00,149.8,29.96
10472,4,2020-12-27 15:13:00,11.6,2.32
10473,1,2020-12-27 15:18:00,152.5,30.5
10474,68,2020-12-27 15:23:00,199.4,39.88
10475,67,2020-12-27 16:21:00,15.6,3.12
10476,68,2020-12-27 16:58:00,24.7,4.94
10477,7,2020-12-27 17:37:00,11.7,2.34
10478,2,2020-12-27 17:46:00,2.4,0.48
10479,4,2020-12-27 18:12:00,129.0,25.8
10480,4,2020-12-27 18:56:00,74.3,14.86
10481,1,2020-12-27 19:14:00,15.9,3.18
10482,2,2020-12-27 19:51:00,255.2,51.04
10483,67,2020-12-27 20:13:00,55.5,11.1
10484,3,2020-12-27 20:42:00,135.7,27.14
10485,9,2020-12-27 20:58:00,187.4,37.48
10486,68,2020-12-27 21:53:00,115.1,23.02
10487,14,2020-12-27 22:16:00,4.5,0.9
10488,12,2020-12-27 22:18:00,24.7,4.94
10489,68,2020-12-28 10:45:00,4.6,0.92
10490,67,2020-12-28 11:31:00,11.7,2.34
10491,2,2020-12-28 12:09:00,30.2,6.04
10492,3,2020-12-28 12:30:00,2.4,0.48
10493,5,2020-12-28 12:32:00,201.4,40.28
10494,7,2020-12-28 12:39:00,2.1,0.42
10495,67,2020-12-28 13:13:00,48.9,9.78
10496,8,2020-12-28 13:38:00,88.0,17.6
10497,67,2020-12-28 14:16:00,50.3,10.06
10498,4,2020-12-28 15:05:00,27.0,5.4
10499,8,2020-12-28 16:02:00,158.3,31.66
10500,14,2020-12-28 16:24:00,54.0,10.8
10501,67,2020-12-28 17:11:00,35.0,7.0
10502,3,2020-12-28 17:35:00,31.0,6.2
10503,4,2020-12-28 18:26:00,8.5,1.7
10504,2,2020-12-28 19:01:00,18.3,3.66
10505,6,2020-12-28 19:17:00,2.2,0.44
10506,9,2020-12-28 19:50:00,2.1,0.42
10507,5,2020-12-28 20:00:00,140.8,28.16
10508,0,2020-12-28 20:44:00,2.4,0.48
10509,4,2020-12-28 20:47:00,13.4,2.68
10510,9,2020-12-28 21:42:00,23.3,4.66
10511,5,2020-12-28 21:51:00,10.1,2.02
10512,2,2020-12-28 22:49:00,28.9,5.78
10513,2,2020-12-29 10:17:00,14.9,2.98
10514,8,2020-12-29 10:59:00,82.4,16.48
10515,67,2020-12-29 11:40:00,12.5,2.5
10516,4,2020-12-29 11:47:00,44.0,8.8
10517,6,2020-12-29 11:53:00,135.3,27.06
10518,68,2020-12-29 12:52:00,17.2,3.44
10519,2,2020-12-29 12:53:00,173.5,34.7
10520,6,2020-12-29 13:18:00,171.8,34.36
10521,9,2020-12-29 13:19:00,162.4,32.48
10522,1,2020-12-29 13:43:00,125.3,25.06
10523,3,2020-12-29 14:00:00,7.0,1.4
10524,2,2020-12-29 14:18:00,273.3,54.66
10525,8,2020-12-29 14:28:00,11.7,2.34
10526,8,2020-12-29 15:14:00,44.2,8.84
10527,68,2020-12-29 15:40:00,57.2,11.44
10528,0,2020-12-29 16:33:00,36.8,7.36
10529,68,2020-12-29 16:33:00,42.5,8.5
10530,9,2020-12-29 16:49:00,9.4,1.88
10531,8,2020-12-29 17:07:00,92.7,18.54
10532,8,2020-12-29 17:58:00,163.1,32.62
10533,2,2020-12-29 18:10:00,64.6,12.92
10534,9,2020-12-29 18:44:00,2.1,0.42
10535,1,2020-12-29 19:34:00,30.9,6.18
10536,10,2020-12-29 20:34:00,2.4,0.48
10537,8,2020-12-29 20:44:00,4.5,0.9
10538,0,2020-12-29 20:54:00,132.2,26.44
10539,4,2020-12-29 20:54:00,40.7,8.14
10540,12,2020-12-29 21:10:00,2.4,0.48
10541,6,2020-12-29 22:00:00,58.7,11.74
10542,13,2020-12-29 22:04:00,37.1,7.42
10543,10,2020-12-29 22:34:00,11.7,2.34
10544,12,2020-12-30 10:40:00,8.8,1.76
10545,0,2020-12-30 11:25:00,20.2,4.04
10546,10,2020-12-30 11:37:00,117.9,23.58
10547,3,2020-12-30 12:32:00,134.2,26.84
10548,5,2020-12-30 12:36:00,28.0,5.6
10549,1,2020-12-30 13:29:00,21.8,4.36
10550,10,2020-12-30 14:05:00,31.9,6.38
10551,14,2020-12-30 14:21:00,123.7,24.74
10552,2,2020-12-30 14:43:00,10.0,2.0
10553,9,2020-12-30 15:20:00,8.0,1.6
10554,13,2020-12-30 15:32:00,135.3,27.06
10555,2,2020-12-30 15:51:00,8.7,1.74
10556,6,2020-12-30 16:21:00,45.5,9.1
10557,68,2020-12-30 16:28:00,25.9,5.18
10558,3,2020-12-30 16:31:00,122.3,24.46
10559,8,2020-12-30 16:58:00,22.2,4.44
10560,13,2020-12-30 17:19:00,124.6,24.92
10561,13,2020-12-30 18:04:00,50.9,10.18
10562,67,2020-12-30 18:45:00,2.6,0.52
10563,8,2020-12-30 19:11:00,22.8,4.56
10564,7,2020-12-30 19:11:00,2.2,0.44
10565,14,2020-12-30 20:07:00,48.9,9.78
10566,2,2020-12-30 20:28:00,47.6,9.52
10567,7,2020-12-30 20:57:00,15.1,3.02
10568,2,2020-12-30 21:02:00,180.6,36.12
10569,0,2020-12-30 21:06:00,45.5,9.1
10570,9,2020-12-30 21:13:00,22.8,4.56
10571,13,2020-12-30 21:21:00,421.5,84.3
10572,7,2020-12-30 22:03:00,2.6,0.52
10573,7,2020-12-30 22:56:00,130.0,26.0
10574,13,2020-12-31 10:44:00,48.8,9.76
10575,67,2020-12-31 11:35:00,168.7,33.74
10576,0,2020-12-31 12:23:00,33.1,6.62
10577,3,2020-12-31 12:34:00,109.6,21.92
10578,6,2020-12-31 13:14:00,27.9,5.58
10579,67,2020-12-31 13:38:00,13.9,2.78
10580,5,2020-12-31 14:08:00,50.9,10.18
10581,8,2020-12-31 14:52:00,117.2,23.44
10582,9,2020-12-31 15:01:00,10.4,2.08
10583,1,2020-12-31 15:46:00,21.0,4.2
10584,3,2020-12-31 16:00:00,181.8,36.36
10585,4,2020-12-31 16:40:00,129.6,25.92
10586,14,2020-12-31 16:42:00,54.7,10.94
10587,13,2020-12-31 17:34:00,76.0,15.2
10588,2,2020-12-31 18:14:00,145.6,29.12
10589,14,2020-12-31 19:10:00,214.1,42.82
10590,12,2020-12-31 19:28:00,130.2,26.04
10591,12,2020-12-31 19:56:00,51.5,10.3
10592,2,2020-12-31 20:18:00,19.8,3.96
10593,12,2020-12-31 20:44:00,14.9,2.98
10594,1,2020-12-31 20:50:00,4.8,0.96
10595,10,2020-12-31 21:47:00,24.5,4.9
10596,8,2020-12-31 22:21:00,214.0,42.8
10597,7,2020-12-31 22:38:00,4.3,0.86
10598,3,2020-12-31 22:52:00,39.6,7.92
10599,68,2020-12-31 22:54:00,56.1,11.22
10600,0,2021-01-01 10:51:00,61.0,12.2
10601,67,2021-01-01 11:38:00,24.5,4.9
10602,67,2021-01-01 11:39:00,4.6,0.92
10603,7,2021-01-01 12:10:00,55.4,11.08
10604,1,2021-01-01 12:33:00,62.0,12.4
10605,3,2021-01-01 13:25:00,33.7,6.74
10606,68,2021-01-01 14:05:00,23.9,4.78
10607,9,2021-01-01 14:27:00,2.1,0.42
10608,13,2021-01-01 14:37:00,34.8,6.96
10609,68,2021-01-01 15:17:00,12.1,2.42
10610,12,2021-01-01 16:04:00,114.8,22.96
10611,13,2021-01-01 16:33:00,22.6,4.52
10612,12,2021-01-01 16:56:00,4.2,0.84
10613,7,2021-01-01 17:56:00,2.4,0.48
10614,2,2021-01-01 18:34:00,21.8,4.36
10615,68,2021-01-01 18:48:00,10.1,2.02
10616,2,2021-01-01 19:36:00,14.1,2.82
10617,5,2021-01-01 20:11:00,8.5,1.7
10618,10,2021-01-01 20:30:00,12.5,2.5
10619,0,2021-01-01 20:51:00,135.2,27.04
10620,2,2021-01-01 21:40:00,10.1,2.02
10621,1,2021-01-01 22:02:00,22.3,4.46
10622,12,2021-01-01 22:41:00,145.2,29.04
10623,2,2021-01-02 10:44:00,4.6,0.92
10624,7,2021-01-02 10:50:00,9.3,1.86
10625,3,2021-01-02 11:13:00,176.1,35.22
10626,6,2021-01-02 11:14:00,56.6,11.32
10627,13,2021-01-02 11:16:00,158.6,31.72
10628,12,2021-01-02 11:41:00,125.8,25.16
10629,2,2021-01-02 12:04:00,66.4,13.28
10630,6,2021-01-02 12:29:00,16.4,3.28
10631,68,2021-01-02 12:55:00,10.9,2.18
10632,68,2021-01-02 13:23:00,20.9,4.18
10633,5,2021-01-02 13:39:00,54.0,10.8
10634,14,2021-01-02 13:49:00,58.0,11.6
10635,0,2021-01-02 13:49:00,132.0,26.4
10636,7,2021-01-02 13:49:00,6.4,1.28
10637,14,2021-01-02 14:14:00,13.2,2.64
10638,10,2021-01-02 14:41:00,199.4,39.88
10639,8,2021-01-02 14:56:00,65.9,13.18
10640,1,2021-01-02 15:10:00,26.5,5.3
10641,4,2021-01-02 15:11:00,26.5,5.3
10642,10,2021-01-02 15:24:00,4.6,0.92
10643,12,2021-01-02 15:49:00,10.6,2.12
10644,5,2021-01-02 15:54:00,262.1,52.42
10645,7,2021-01-02 16:17:00,158.4,31.68
10646,68,2021-01-02 16:32:00,20.1,4.02
10647,1,2021-01-02 16:56:00,15.4,3.08
10648,14,2021-01-02 17:00:00,12.5,2.5
10649,4,2021-01-02 17:09:00,14.1,2.82
10650,3,2021-01-02 17:23:00,33.2,6.64
10651,8,2021-01-02 17:44:00,266.9,53.38
10652,1,2021-01-02 17:55:00,13.2,2.64
10653,12,2021-01-02 18:25:00,2.1,0.42
10654,9,2021-01-02 18:34:00,288.4,57.68
10655,10,2021-01-02 18:43:00,264.6,52.92
10656,10,2021-01-02 18:55:00,74.4,14.88
10657,13,2021-01-02 19:07:00,11.1,2.22
10658,14,2021-01-02 19:25:00,14.6,2.92
10659,7,2021-01-02 19:53:00,58.0,11.6
10660,3,2021-01-02 20:23:00,102.1,20.42
10661,7,2021-01-02 20:41:00,245.6,49.12
10662,14,2021-01-02 21:04:00,166.2,33.24
10663,2,2021-01-02 21:15:00,13.6,2.72
10664,14,2021-01-02 21:20:00,10.6,2.12
10665,5,2021-01-02 21:26:00,63.5,12.7
10666,3,2021-01-02 21:50:00,11.6,2.32
10667,10,2021-01-02 22:07:00,8.5,1.7
10668,14,2021-01-02 22:15:00,25.5,5.1
10669,8,2021-01-02 22:17:00,41.2,8.24
10670,7,2021-01-02 22:29:00,10.6,2.12
10671,68,2021-01-02 22:45:00,25.7,5.14
10672,68,2021-01-02 22:50:00,60.4,12.08
10673,4,2021-01-03 11:22:00,16.6,3.32
10674,4,2021-01-03 11:59:00,160.5,32.1
10675,68,2021-01-03 12:45:00,51.5,10.3
10676,5,2021-01-03 13:07:00,223.6,44.72
10677,10,2021-01-03 13:32:00,11.7,2.34
10678,2,2021-01-03 13:45:00,24.1,4.82
10679,1,2021-01-03 14:18:00,20.6,4.12
10680,1,2021-01-03 14:47:00,11.4,2.28
10681,8,2021-01-03 15:38:00,7.2,1.44
10682,9,2021-01-03 15:51:00,15.6,3.12
10683,1,2021-01-03 16:07:00,16.9,3.38
10684,6,2021-01-03 16:25:00,20.5,4.1
10685,68,2021-01-03 17:12:00,10.0,2.0
10686,10,2021-01-03 17:39:00,5.4,1.08
10687,6,2021-01-03 17:45:00,2.4,0.48
10688,10,2021-01-03 18:23:00,54.4,10.88
10689,4,2021-01-03 18:54:00,54.9,10.98
10690,67,2021-01-03 19:27:00,130.3,26.06
10691,9,2021-01-03 19:38:00,65.7,13.14
10692,9,2021-01-03 19:48:00,2.1,0.42
10693,12,2021-01-03 20:30:00,4.6,0.92
10694,12,2021-01-03 21:21:00,27.4,5.48
10695,9,2021-01-03 21:31:00,156.8,31.36
10696,0,2021-01-03 21:33:00,31.8,6.36
10697,4,2021-01-03 22:16:00,44.0,8.8
10698,0,2021-01-03 22:34:00,14.1,2.82
10699,13,2021-01-03 22:45:00,16.4,3.28
10700,68,2021-01-04 10:19:00,144.4,28.88
10701,2,2021-01-04 10:56:00,10.9,2.18
10702,0,2021-01-04 11:52:00,13.2,2.64
10703,8,2021-01-04 12:22:00,2.1,0.42
10704,8,2021-01-04 13:01:00,107.5,21.5
10705,8,2021-01-04 13:08:00,54.1,10.82
10706,3,2021-01-04 13:47:00,144.5,28.9
10707,2,2021-01-04 14:43:00,10.1,2.02
10708,5,2021-01-04 15:30:00,177.4,35.48
10709,5,2021-01-04 16:22:00,170.8,34.16
10710,14,2021-01-04 16:46:00,47.9,9.58
10711,13,2021-01-04 17:29:00,145.0,29.0
10712,2,2021-01-04 18:26:00,24.1,4.82
10713,5,2021-01-04 18:44:00,10.9,2.18
10714,12,2021-01-04 19:26:00,4.8,0.96
10715,13,2021-01-04 19:59:00,47.9,9.58
10716,12,2021-01-04 20:59:00,10.9,2.18
10717,8,2021-01-04 21:16:00,28.7,5.74
10718,0,2021-01-04 22:01:00,130.8,26.16
10719,8,2021-01-04 22:07:00,20.7,4.14
10720,3,2021-01-04 22:50:00,47.9,9.58
10721,5,2021-01-05 10:40:00,153.1,30.62
10722,13,2021-01-05 11:12:00,159.5,31.9
10723,7,2021-01-05 11:32:00,123.8,24.76
10724,3,2021-01-05 11:51:00,29.2,5.84
10725,14,2021-01-05 11:58:00,2.4,0.48
10726,8,2021-01-05 12:31:00,16.7,3.34
10727,0,2021-01-05 12:48:00,131.6,26.32
10728,68,2021-01-05 13:45:00,13.2,2.64
10729,14,2021-01-05 13:51:00,298.2,59.64
10730,7,2021-01-05 14:25:00,127.6,25.52
10731,12,2021-01-05 14:50:00,2.1,0.42
10732,13,2021-01-05 15:08:00,58.7,11.74
10733,10,2021-01-05 15:26:00,16.5,3.3
10734,8,2021-01-05 15:27:00,2.2,0.44
10735,8,2021-01-05 15:49:00,2.4,0.48
10736,7,2021-01-05 15:58:00,200.2,40.04
10737,7,2021-01-05 16:52:00,28.1,5.62
10738,9,2021-01-05 17:44:00,273.0,54.6
10739,5,2021-01-05 17:47:00,2.1,0.42
10740,4,2021-01-05 17:49:00,6.9,1.38
10741,1,2021-01-05 18:46:00,6.9,1.38
10742,10,2021-01-05 18:46:00,73.5,14.7
10743,10,2021-01-05 19:35:00,21.4,4.28
10744,1,2021-01-05 19:57:00,117.8,23.56
10745,8,2021-01-05 20:40:00,45.5,9.1
10746,6,2021-01-05 21:38:00,20.9,4.18
10747,13,2021-01-05 22:35:00,10.1,2.02
10748,0,2021-01-05 22:52:00,157.1,31.42
10749,5,2021-01-06 10:46:00,14.9,2.98
10750,68,2021-01-06 11:24:00,112.8,22.56
10751,67,2021-01-06 11:26:00,28.1,5.62
10752,12,2021-01-06 11:50:00,129.8,25.96
10753,7,2021-01-06 12:02:00,162.0,32.4
10754,5,2021-01-06 12:57:00,205.8,41.16
10755,4,2021-01-06 13:53:00,2.1,0.42
10756,7,2021-01-06 14:15:00,4.5,0.9
10757,68,2021-01-06 15:12:00,100.2,20.04
10758,4,2021-01-06 15:56:00,21.2,4.24
10759,67,2021-01-06 16:20:00,133.5,26.7
10760,2,2021-01-06 17:09:00,202.5,40.5
10761,5,2021-01-06 17:43:00,4.8,0.96
10762,14,2021-01-06 18:16:00,11.4,2.28
10763,10,2021-01-06 18:34:00,163.7,32.74
10764,5,2021-01-06 18:34:00,16.4,3.28
10765,5,2021-01-06 19:25:00,4.8,0.96
10766,5,2021-01-06 20:12:00,2.1,0.42
10767,14,2021-01-06 20:49:00,4.5,0.9
10768,1,2021-01-06 21:44:00,12.2,2.44
10769,0,2021-01-06 22:20:00,114.9,22.98
10770,0,2021-01-07 10:54:00,277.7,55.54
10771,14,2021-01-07 10:56:00,24.1,4.82
10772,10,2021-01-07 11:03:00,70.9,14.18
10773,14,2021-01-07 11:11:00,19.9,3.98
10774,67,2021-01-07 11:30:00,56.2,11.24
10775,13,2021-01-07 11:59:00,10.1,2.02
10776,13,2021-01-07 12:11:00,167.2,33.44
10777,0,2021-01-07 13:04:00,6.6,1.32
10778,1,2021-01-07 13:40:00,165.8,33.16
10779,14,2021-01-07 14:17:00,273.8,54.76
10780,9,2021-01-07 14:35:00,110.6,22.12
10781,8,2021-01-07 15:12:00,147.8,29.56
10782,8,2021-01-07 16:06:00,107.7,21.54
10783,67,2021-01-07 16:31:00,15.6,3.12
10784,68,2021-01-07 16:39:00,143.0,28.6
10785,67,2021-01-07 16:52:00,7.8,1.56
10786,1,2021-01-07 17:35:00,27.0,5.4
10787,7,2021-01-07 17:40:00,8.5,1.7
10788,14,2021-01-07 17:56:00,5.6,1.12
10789,10,2021-01-07 18:15:00,115.5,23.1
10790,3,2021-01-07 19:06:00,105.9,21.18
10791,14,2021-01-07 19:54:00,54.9,10.98
10792,5,2021-01-07 20:23:00,23.9,4.78
10793,6,2021-01-07 20:28:00,10.1,2.02
10794,4,2021-01-07 20:35:00,65.5,13.1
10795,3,2021-01-07 21:00:00,5.4,1.08
10796,13,2021-01-07 21:31:00,30.2,6.04
10797,9,2021-01-07 22:26:00,42.6,8.52
10798,67,2021-01-08 10:57:00,4.5,0.9
10799,1,2021-01-08 11:38:00,7.8,1.56
10800,3,2021-01-08 12:31:00,16.5,3.3
10801,0,2021-01-08 12:55:00,22.5,4.5
10802,7,2021-01-08 13:36:00,145.1,29.02
10803,5,2021-01-08 13:58:00,4.2,0.84
10804,2,2021-01-08 14:06:00,31.8,6.36
10805,12,2021-01-08 14:51:00,247.0,49.4
10806,68,2021-01-08 15:27:00,79.2,15.84
10807,9,2021-01-08 15:46:00,190.6,38.12
10808,67,2021-01-08 16:37:00,21.2,4.24
10809,67,2021-01-08 16:50:00,13.2,2.64
10810,9,2021-01-08 17:36:00,10.8,2.16
10811,0,2021-01-08 18:35:00,138.6,27.72
10812,13,2021-01-08 18:53:00,4.7,0.94
10813,7,2021-01-08 19:31:00,16.1,3.22
10814,10,2021-01-08 20:30:00,77.3,15.46
10815,12,2021-01-08 21:12:00,10.1,2.02
10816,67,2021-01-08 21:52:00,12.3,2.46
10817,6,2021-01-08 22:24:00,8.5,1.7
10818,7,2021-01-08 22:29:00,31.5,6.3
10819,14,2021-01-09 10:49:00,8.5,1.7
10820,13,2021-01-09 11:06:00,163.0,32.6
10821,3,2021-01-09 11:10:00,225.6,45.12
10822,68,2021-01-09 11:16:00,5.4,1.08
10823,6,2021-01-09 11:32:00,75.1,15.02
10824,7,2021-01-09 11:53:00,11.7,2.34
10825,8,2021-01-09 12:00:00,30.0,6.0
10826,1,2021-01-09 12:28:00,4.6,0.92
10827,8,2021-01-09 12:42:00,24.2,4.84
10828,14,2021-01-09 13:01:00,66.3,13.26
10829,67,2021-01-09 13:04:00,65.4,13.08
10830,4,2021-01-09 13:14:00,24.1,4.82
10831,6,2021-01-09 13:26:00,45.5,9.1
10832,67,2021-01-09 13:47:00,104.9,20.98
10833,3,2021-01-09 14:08:00,120.0,24.0
10834,10,2021-01-09 14:24:00,10.1,2.02
10835,2,2021-01-09 14:35:00,143.0,28.6
10836,3,2021-01-09 15:04:00,60.3,12.06
10837,12,2021-01-09 15:18:00,25.2,5.04
10838,1,2021-01-09 15:25:00,2.4,0.48
10839,1,2021-01-09 15:25:00,19.1,3.82
10840,4,2021-01-09 15:44:00,129.3,25.86
10841,0,2021-01-09 16:08:00,122.9,24.58
10842,14,2021-01-09 16:26:00,76.0,15.2
10843,3,2021-01-09 16:47:00,169.5,33.9
10844,9,2021-01-09 17:04:00,140.5,28.1
10845,4,2021-01-09 17:18:00,23.4,4.68
10846,1,2021-01-09 17:46:00,161.0,32.2
10847,68,2021-01-09 17:58:00,58.9,11.78
10848,3,2021-01-09 18:05:00,143.0,28.6
10849,67,2021-01-09 18:05:00,18.5,3.7
10850,9,2021-01-09 18:17:00,145.1,29.02
10851,6,2021-01-09 18:23:00,2.1,0.42
10852,14,2021-01-09 18:50:00,4.5,0.9
10853,3,2021-01-09 19:13:00,21.6,4.32
10854,4,2021-01-09 19:32:00,8.5,1.7
10855,5,2021-01-09 20:00:00,107.5,21.5
10856,6,2021-01-09 20:02:00,62.5,12.5
10857,0,2021-01-09 20:08:00,2.2,0.44
10858,12,2021-01-09 20:16:00,27.8,5.56
10859,4,2021-01-09 20:36:00,45.5,9.1
10860,9,2021-01-09 20:55:00,44.0,8.8
10861,68,2021-01-09 21:15:00,8.5,1.7
10862,5,2021-01-09 21:33:00,61.3,12.26
10863,8,2021-01-09 21:46:00,63.8,12.76
10864,7,2021-01-09 21:58:00,144.5,28.9
10865,14,2021-01-09 22:20:00,8.8,1.76
10866,3,2021-01-09 22:34:00,44.0,8.8
10867,14,2021-01-09 22:44:00,110.7,22.14
10868,8,2021-01-10 11:16:00,257.3,51.46
10869,67,2021-01-10 11:31:00,124.8,24.96
10870,7,2021-01-10 12:13:00,119.2,23.84
10871,13,2021-01-10 13:02:00,30.8,6.16
10872,10,2021-01-10 13:58:00,59.6,11.92
10873,6,2021-01-10 14:46:00,177.2,35.44
10874,5,2021-01-10 15:29:00,170.1,34.02
10875,13,2021-01-10 15:45:00,17.7,3.54
10876,14,2021-01-10 16:33:00,59.6,11.92
10877,68,2021-01-10 16:40:00,77.3,15.46
10878,3,2021-01-10 17:35:00,20.2,4.04
10879,67,2021-01-10 18:28:00,14.9,2.98
10880,68,2021-01-10 18:34:00,151.4,30.28
10881,7,2021-01-10 19:28:00,256.2,51.24
10882,12,2021-01-10 19:39:00,70.7,14.14
10883,68,2021-01-10 20:19:00,5.4,1.08
10884,0,2021-01-10 20:36:00,177.9,35.58
10885,6,2021-01-10 20:53:00,6.7,1.34
10886,5,2021-01-10 20:56:00,11.7,2.34
10887,9,2021-01-10 21:06:00,59.2,11.84
10888,14,2021-01-10 21:17:00,2.1,0.42
10889,14,2021-01-10 21:59:00,109.6,21.92
10890,13,2021-01-10 22:19:00,2.4,0.48
10891,5,2021-01-10 22:33:00,18.7,3.74
10892,2,2021-01-10 22:39:00,17.7,3.54
10893,1,2021-01-11 10:33:00,146.4,29.28
10894,68,2021-01-11 10:36:00,12.2,2.44
10895,1,2021-01-11 10:43:00,47.0,9.4
10896,1,2021-01-11 11:22:00,11.7,2.34
10897,3,2021-01-11 11:22:00,21.2,4.24
10898,67,2021-01-11 12:00:00,18.4,3.68
10899,67,2021-01-11 12:25:00,30.0,6.0
10900,12,2021-01-11 12:56:00,125.6,25.12
10901,68,2021-01-11 13:33:00,19.7,3.94
10902,10,2021-01-11 14:28:00,44.0,8.8
10903,67,2021-01-11 15:20:00,120.4,24.08
10904,4,2021-01-11 15:31:00,2.6,0.52
10905,9,2021-01-11 16:24:00,2.2,0.44
10906,13,2021-01-11 16:27:00,124.4,24.88
10907,0,2021-01-11 17:22:00,24.9,4.98
10908,7,2021-01-11 17:31:00,154.6,30.92
10909,13,2021-01-11 17:55:00,55.7,11.14
10910,0,2021-01-11 18:12:00,29.5,5.9
10911,5,2021-01-11 18:38:00,4.6,0.92
10912,4,2021-01-11 19:21:00,109.6,21.92
10913,13,2021-01-11 20:11:00,19.9,3.98
10914,12,2021-01-11 20:18:00,15.3,3.06
10915,8,2021-01-11 21:06:00,24.9,4.98
10916,8,2021-01-11 21:29:00,221.5,44.3
10917,7,2021-01-11 21:42:00,2.4,0.48
10918,13,2021-01-11 22:17:00,50.6,10.12
10919,1,2021-01-12 10:46:00,155.5,31.1
10920,9,2021-01-12 10:53:00,51.4,10.28
10921,2,2021-01-12 11:43:00,4.8,0.96
10922,7,2021-01-12 12:03:00,12.7,2.54
10923,68,2021-01-12 12:41:00,173.2,34.64
10924,8,2021-01-12 12:52:00,123.2,24.64
10925,6,2021-01-12 13:05:00,11.1,2.22
10926,12,2021-01-12 13:43:00,11.4,2.28
10927,1,2021-01-12 14:24:00,24.1,4.82
10928,2,2021-01-12 14:39:00,32.3,6.46
10929,5,2021-01-12 15:33:00,39.5,7.9
10930,14,2021-01-12 16:09:00,4.8,0.96
10931,12,2021-01-12 16:59:00,129.6,25.92
10932,14,2021-01-12 17:57:00,164.7,32.94
10933,68,2021-01-12 18:05:00,139.0,27.8
10934,3,2021-01-12 18:38:00,10.1,2.02
10935,10,2021-01-12 19:17:00,20.2,4.04
10936,12,2021-01-12 20:13:00,224.4,44.88
10937,4,2021-01-12 20:44:00,11.0,2.2
10938,8,2021-01-12 20:47:00,30.2,6.04
10939,9,2021-01-12 21:05:00,28.6,5.72
10940,14,2021-01-12 21:11:00,27.2,5.44
10941,4,2021-01-12 21:17:00,10.1,2.02
10942,0,2021-01-12 21:22:00,16.5,3.3
10943,2,2021-01-12 21:43:00,23.1,4.62
10944,12,2021-01-12 21:58:00,223.3,44.66
10945,68,2021-01-12 22:49:00,110.7,22.14
10946,67,2021-01-13 10:14:00,2.4,0.48
10947,14,2021-01-13 10:32:00,16.4,3.28
10948,8,2021-01-13 11:30:00,15.5,3.1
10949,0,2021-01-13 11:59:00,105.9,21.18
10950,1,2021-01-13 12:50:00,27.1,5.42
10951,6,2021-01-13 13:50:00,16.6,3.32
10952,10,2021-01-13 14:02:00,8.5,1.7
10953,7,2021-01-13 14:08:00,31.0,6.2
10954,9,2021-01-13 14:41:00,57.1,11.42
10955,10,2021-01-13 14:48:00,57.2,11.44
10956,9,2021-01-13 15:26:00,4.8,0.96
10957,13,2021-01-13 15:28:00,60.4,12.08
10958,7,2021-01-13 16:28:00,134.2,26.84
10959,8,2021-01-13 16:51:00,11.6,2.32
10960,9,2021-01-13 17:46:00,51.5,10.3
10961,4,2021-01-13 18:13:00,119.1,23.82
10962,5,2021-01-13 18:21:00,26.6,5.32
10963,1,2021-01-13 18:43:00,4.3,0.86
10964,6,2021-01-13 19:37:00,131.5,26.3
10965,6,2021-01-13 20:09:00,11.4,2.28
10966,5,2021-01-13 20:56:00,36.5,7.3
10967,9,2021-01-13 21:11:00,33.3,6.66
10968,13,2021-01-13 21:37:00,48.6,9.72
10969,1,2021-01-13 22:19:00,10.8,2.16
10970,2,2021-01-13 22:34:00,18.8,3.76
10971,2,2021-01-14 10:58:00,63.3,12.66
10972,12,2021-01-14 11:12:00,13.2,2.64
10973,3,2021-01-14 12:01:00,13.2,2.64
10974,10,2021-01-14 12:18:00,36.5,7.3
10975,0,2021-01-14 13:03:00,39.6,7.92
10976,2,2021-01-14 13:29:00,10.6,2.12
10977,14,2021-01-14 14:05:00,19.4,3.88
10978,12,2021-01-14 14:42:00,67.3,13.46
10979,4,2021-01-14 15:26:00,18.8,3.76
10980,2,2021-01-14 15:44:00,145.1,29.02
10981,14,2021-01-14 15:57:00,44.0,8.8
10982,1,2021-01-14 16:32:00,111.5,22.3
10983,68,2021-01-14 17:18:00,57.7,11.54
10984,14,2021-01-14 17:53:00,13.7,2.74
10985,12,2021-01-14 18:20:00,7.5,1.5
10986,12,2021-01-14 19:11:00,24.4,4.88
10987,3,2021-01-14 19:53:00,2.6,0.52
10988,12,2021-01-14 20:18:00,76.4,15.28
10989,9,2021-01-14 21:09:00,143.0,28.6
10990,2,2021-01-14 21:57:00,23.8,4.76
10991,13,2021-01-14 22:14:00,10.9,2.18
10992,67,2021-01-14 22:27:00,45.5,9.1
10993,13,2021-01-14 22:47:00,23.8,4.76
10994,3,2021-01-15 10:43:00,45.5,9.1
10995,2,2021-01-15 11:10:00,2.4,0.48
10996,9,2021-01-15 11:24:00,135.2,27.04
10997,6,2021-01-15 12:09:00,30.3,6.06
10998,68,2021-01-15 12:28:00,2.1,0.42
10999,14,2021-01-15 13:03:00,166.9,33.38
11000,2,2021-01-15 13:06:00,14.7,2.94
11001,3,2021-01-15 13:19:00,68.6,13.72
11002,68,2021-01-15 13:50:00,2.4,0.48
11003,14,2021-01-15 14:50:00,27.1,5.42
11004,8,2021-01-15 15:31:00,161.9,32.38
11005,13,2021-01-15 15:42:00,32.6,6.52
11006,12,2021-01-15 15:54:00,13.8,2.76
11007,1,2021-01-15 16:27:00,62.7,12.54
11008,12,2021-01-15 17:01:00,127.8,25.56
11009,4,2021-01-15 17:19:00,2.4,0.48
11010,68,2021-01-15 17:36:00,46.1,9.22
11011,9,2021-01-15 18:08:00,5.6,1.12
11012,14,2021-01-15 18:39:00,117.3,23.46
11013,9,2021-01-15 18:39:00,5.4,1.08
11014,3,2021-01-15 19:09:00,70.9,14.18
11015,1,2021-01-15 19:56:00,32.1,6.42
11016,0,2021-01-15 20:04:00,2.2,0.44
11017,2,2021-01-15 20:07:00,30.7,6.14
11018,1,2021-01-15 20:12:00,160.1,32.02
11019,7,2021-01-15 21:02:00,10.9,2.18
11020,8,2021-01-15 21:50:00,170.4,34.08
11021,10,2021-01-15 21:54:00,15.3,3.06
11022,13,2021-01-15 22:05:00,19.4,3.88
11023,12,2021-01-15 22:50:00,21.2,4.24
11024,13,2021-01-16 10:21:00,12.4,2.48
11025,14,2021-01-16 10:36:00,322.1,64.42
11026,8,2021-01-16 10:59:00,168.0,33.6
11027,12,2021-01-16 11:07:00,30.2,6.04
11028,9,2021-01-16 11:32:00,91.9,18.38
11029,12,2021-01-16 11:50:00,72.0,14.4
11030,67,2021-01-16 11:51:00,111.0,22.2
11031,68,2021-01-16 12:15:00,6.9,1.38
11032,5,2021-01-16 12:25:00,52.4,10.48
11033,7,2021-01-16 12:34:00,31.1,6.22
11034,7,2021-01-16 12:59:00,44.0,8.8
11035,13,2021-01-16 13:02:00,18.6,3.72
11036,4,2021-01-16 13:20:00,9.5,1.9
11037,9,2021-01-16 13:47:00,135.6,27.12
11038,12,2021-01-16 14:04:00,7.2,1.44
11039,8,2021-01-16 14:27:00,25.9,5.18
11040,1,2021-01-16 14:38:00,61.2,12.24
11041,6,2021-01-16 14:53:00,59.6,11.92
11042,13,2021-01-16 15:10:00,22.8,4.56
11043,10,2021-01-16 15:11:00,11.4,2.28
11044,14,2021-01-16 15:24:00,8.0,1.6
11045,2,2021-01-16 15:42:00,26.8,5.36
11046,13,2021-01-16 16:06:00,46.1,9.22
11047,7,2021-01-16 16:26:00,44.0,8.8
11048,4,2021-01-16 16:43:00,24.4,4.88
11049,12,2021-01-16 17:05:00,69.1,13.82
11050,14,2021-01-16 17:29:00,212.2,42.44
11051,14,2021-01-16 17:50:00,34.4,6.88
11052,68,2021-01-16 18:07:00,234.6,46.92
11053,0,2021-01-16 18:30:00,139.6,27.92
11054,5,2021-01-16 18:54:00,39.8,7.96
11055,7,2021-01-16 19:10:00,111.2,22.24
11056,5,2021-01-16 19:35:00,63.9,12.78
11057,8,2021-01-16 19:52:00,26.2,5.24
11058,0,2021-01-16 19:52:00,17.8,3.56
11059,8,2021-01-16 19:56:00,9.9,1.98
11060,7,2021-01-16 19:58:00,141.4,28.28
11061,0,2021-01-16 20:26:00,124.7,24.94
11062,14,2021-01-16 20:43:00,21.5,4.3
11063,9,2021-01-16 20:59:00,2.6,0.52
11064,6,2021-01-16 21:27:00,171.1,34.22
11065,4,2021-01-16 21:42:00,4.8,0.96
11066,4,2021-01-16 21:55:00,13.2,2.64
11067,6,2021-01-16 22:22:00,13.5,2.7
11068,14,2021-01-16 22:33:00,44.0,8.8
11069,6,2021-01-16 22:56:00,27.1,5.42
11070,5,2021-01-17 11:07:00,218.1,43.62
11071,14,2021-01-17 11:56:00,129.1,25.82
11072,14,2021-01-17 12:11:00,273.8,54.76
11073,67,2021-01-17 12:13:00,2.4,0.48
11074,3,2021-01-17 13:10:00,2.4,0.48
11075,3,2021-01-17 13:15:00,50.3,10.06
11076,5,2021-01-17 13:55:00,10.1,2.02
11077,7,2021-01-17 14:25:00,254.5,50.9
11078,8,2021-01-17 14:52:00,61.0,12.2
11079,1,2021-01-17 15:15:00,161.6,32.32
11080,10,2021-01-17 15:22:00,2.1,0.42
11081,67,2021-01-17 15:24:00,209.7,41.94
11082,67,2021-01-17 15:55:00,17.7,3.54
11083,13,2021-01-17 16:31:00,14.7,2.94
11084,68,2021-01-17 16:45:00,28.8,5.76
11085,13,2021-01-17 17:23:00,123.0,24.6
11086,5,2021-01-17 17:38:00,122.3,24.46
11087,14,2021-01-17 17:58:00,110.6,22.12
11088,9,2021-01-17 18:42:00,4.8,0.96
11089,7,2021-01-17 18:59:00,4.6,0.92
11090,6,2021-01-17 19:14:00,120.8,24.16
11091,1,2021-01-17 19:48:00,11.7,2.34
11092,6,2021-01-17 20:19:00,190.9,38.18
11093,10,2021-01-17 21:17:00,28.3,5.66
11094,7,2021-01-17 21:19:00,23.9,4.78
11095,1,2021-01-17 21:56:00,21.7,4.34
11096,14,2021-01-17 22:55:00,20.3,4.06
11097,5,2021-01-17 22:56:00,130.5,26.1
11098,14,2021-01-18 10:13:00,157.0,31.4
11099,10,2021-01-18 10:59:00,106.6,21.32
11100,10,2021-01-18 11:53:00,35.2,7.04
11101,2,2021-01-18 12:23:00,44.0,8.8
11102,68,2021-01-18 12:37:00,15.6,3.12
11103,4,2021-01-18 13:21:00,11.7,2.34
11104,2,2021-01-18 14:07:00,54.1,10.82
11105,2,2021-01-18 14:36:00,68.8,13.76
11106,67,2021-01-18 15:04:00,50.7,10.14
11107,68,2021-01-18 15:28:00,26.4,5.28
11108,8,2021-01-18 15:51:00,202.3,40.46
11109,7,2021-01-18 16:15:00,10.9,2.18
11110,5,2021-01-18 16:18:00,11.7,2.34
11111,9,2021-01-18 16:30:00,113.7,22.74
11112,8,2021-01-18 17:09:00,2.4,0.48
11113,13,2021-01-18 17:48:00,38.9,7.78
11114,9,2021-01-18 18:28:00,110.7,22.14
11115,5,2021-01-18 18:42:00,20.6,4.12
11116,3,2021-01-18 19:19:00,4.6,0.92
11117,4,2021-01-18 20:08:00,50.0,10.0
11118,10,2021-01-18 20:44:00,10.1,2.02
11119,10,2021-01-18 21:28:00,109.9,21.98
11120,0,2021-01-18 21:29:00,80.9,16.18
11121,3,2021-01-18 21:35:00,46.1,9.22
11122,14,2021-01-18 21:42:00,23.3,4.66
11123,9,2021-01-18 22:02:00,46.4,9.28
11124,0,2021-01-18 22:43:00,20.1,4.02
11125,2,2021-01-19 10:20:00,63.6,12.72
11126,10,2021-01-19 10:42:00,35.7,7.14
11127,67,2021-01-19 11:17:00,104.5,20.9
11128,68,2021-01-19 11:17:00,293.0,58.6
11129,14,2021-01-19 11:56:00,155.7,31.14
11130,10,2021-01-19 12:55:00,158.7,31.74
11131,6,2021-01-19 13:16:00,49.4,9.88
11132,6,2021-01-19 13:57:00,5.4,1.08
11133,0,2021-01-19 14:49:00,2.2,0.44
11134,7,2021-01-19 15:35:00,127.3,25.46
11135,67,2021-01-19 15:46:00,15.5,3.1
11136,13,2021-01-19 16:00:00,66.4,13.28
11137,2,2021-01-19 16:31:00,4.5,0.9
11138,9,2021-01-19 16:43:00,10.7,2.14
11139,5,2021-01-19 16:45:00,21.6,4.32
11140,2,2021-01-19 17:33:00,68.4,13.68
11141,5,2021-01-19 17:39:00,34.2,6.84
11142,8,2021-01-19 17:42:00,143.0,28.6
11143,14,2021-01-19 18:01:00,5.4,1.08
11144,10,2021-01-19 18:22:00,8.5,1.7
11145,4,2021-01-19 19:07:00,2.6,0.52
11146,2,2021-01-19 19:26:00,24.9,4.98
11147,0,2021-01-19 20:17:00,2.1,0.42
11148,12,2021-01-19 21:01:00,2.4,0.48
11149,14,2021-01-19 21:37:00,61.7,12.34
11150,67,2021-01-19 22:28:00,164.4,32.88
11151,67,2021-01-20 10:46:00,58.9,11.78
11152,5,2021-01-20 10:54:00,35.0,7.0
11153,68,2021-01-20 11:34:00,56.7,11.34
11154,4,2021-01-20 11:59:00,10.1,2.02
11155,5,2021-01-20 12:00:00,10.6,2.12
11156,1,2021-01-20 12:45:00,21.0,4.2
11157,14,2021-01-20 13:13:00,56.9,11.38
11158,10,2021-01-20 13:20:00,130.0,26.0
11159,12,2021-01-20 13:26:00,18.6,3.72
11160,6,2021-01-20 13:39:00,22.4,4.48
11161,8,2021-01-20 13:57:00,7.1,1.42
11162,1,2021-01-20 14:28:00,104.1,20.82
11163,2,2021-01-20 15:12:00,59.0,11.8
11164,3,2021-01-20 15:18:00,260.2,52.04
11165,9,2021-01-20 16:10:00,24.7,4.94
11166,14,2021-01-20 17:02:00,250.7,50.14
11167,12,2021-01-20 17:32:00,2.4,0.48
11168,3,2021-01-20 18:11:00,5.4,1.08
11169,2,2021-01-20 19:07:00,2.6,0.52
11170,14,2021-01-20 19:43:00,7.2,1.44
11171,12,2021-01-20 20:09:00,21.2,4.24
11172,13,2021-01-20 20:48:00,34.7,6.94
11173,4,2021-01-20 21:28:00,71.3,14.26
11174,8,2021-01-20 21:36:00,122.1,24.42
11175,9,2021-01-20 21:47:00,11.7,2.34
11176,8,2021-01-20 22:28:00,31.5,6.3
11177,2,2021-01-20 22:57:00,19.4,3.88
11178,13,2021-01-21 10:48:00,36.0,7.2
11179,1,2021-01-21 10:53:00,56.2,11.24
11180,68,2021-01-21 11:35:00,103.9,20.78
11181,10,2021-01-21 12:00:00,70.1,14.02
11182,67,2021-01-21 12:30:00,10.1,2.02
11183,6,2021-01-21 12:34:00,15.2,3.04
11184,7,2021-01-21 13:20:00,120.7,24.14
11185,7,2021-01-21 14:08:00,12.7,2.54
11186,1,2021-01-21 14:54:00,114.6,22.92
11187,67,2021-01-21 15:28:00,20.0,4.0
11188,68,2021-01-21 16:06:00,33.2,6.64
11189,13,2021-01-21 16:39:00,25.9,5.18
11190,14,2021-01-21 17:18:00,127.5,25.5
11191,5,2021-01-21 17:57:00,21.0,4.2
11192,4,2021-01-21 18:35:00,37.4,7.48
11193,12,2021-01-21 18:37:00,73.7,14.74
11194,13,2021-01-21 19:20:00,159.9,31.98
11195,67,2021-01-21 19:36:00,2.1,0.42
11196,14,2021-01-21 20:12:00,16.8,3.36
11197,6,2021-01-21 20:21:00,4.8,0.96
11198,0,2021-01-21 20:41:00,16.1,3.22
11199,13,2021-01-21 21:04:00,12.4,2.48
11200,12,2021-01-21 21:52:00,15.9,3.18
11201,67,2021-01-21 22:02:00,247.9,49.58
11202,10,2021-01-21 22:22:00,59.8,11.96
11203,3,2021-01-21 22:30:00,4.8,0.96
11204,3,2021-01-22 10:32:00,119.2,23.84
11205,4,2021-01-22 11:11:00,24.4,4.88
11206,68,2021-01-22 11:21:00,44.0,8.8
11207,10,2021-01-22 11:57:00,26.5,5.3
11208,5,2021-01-22 12:36:00,27.1,5.42
11209,12,2021-01-22 12:44:00,8.7,1.74
11210,67,2021-01-22 13:06:00,150.1,30.02
11211,8,2021-01-22 13:15:00,252.8,50.56
11212,67,2021-01-22 13:58:00,15.0,3.0
11213,9,2021-01-22 14:35:00,156.3,31.26
11214,7,2021-01-22 15:21:00,12.5,2.5
11215,3,2021-01-22 15:23:00,23.1,4.62
11216,5,2021-01-22 15:54:00,4.6,0.92
11217,3,2021-01-22 16:35:00,63.4,12.68
11218,2,2021-01-22 17:10:00,150.9,30.18
11219,3,2021-01-22 17:57:00,70.5,14.1
11220,6,2021-01-22 18:20:00,135.7,27.14
11221,67,2021-01-22 18:45:00,25.3,5.06
11222,2,2021-01-22 18:58:00,10.0,2.0
11223,2,2021-01-22 19:49:00,212.3,42.46
11224,6,2021-01-22 20:46:00,70.6,14.12
11225,2,2021-01-22 21:05:00,53.3,10.66
11226,2,2021-01-22 21:36:00,270.9,54.18
11227,4,2021-01-22 22:35:00,48.5,9.7
11228,68,2021-01-23 10:38:00,26.2,5.24
11229,6,2021-01-23 10:45:00,8.5,1.7
11230,2,2021-01-23 11:10:00,4.6,0.92
11231,3,2021-01-23 11:32:00,19.5,3.9
11232,13,2021-01-23 11:56:00,10.6,2.12
11233,1,2021-01-23 12:14:00,10.1,2.02
11234,12,2021-01-23 12:40:00,14.9,2.98
11235,2,2021-01-23 12:49:00,11.7,2.34
11236,67,2021-01-23 13:08:00,2.4,0.48
11237,9,2021-01-23 13:20:00,4.5,0.9
11238,13,2021-01-23 13:40:00,9.2,1.84
11239,3,2021-01-23 13:54:00,14.9,2.98
11240,6,2021-01-23 13:54:00,178.7,35.74
11241,0,2021-01-23 14:23:00,134.5,26.9
11242,1,2021-01-23 14:28:00,44.0,8.8
11243,7,2021-01-23 14:46:00,40.7,8.14
11244,14,2021-01-23 15:01:00,117.5,23.5
11245,6,2021-01-23 15:18:00,16.2,3.24
11246,13,2021-01-23 15:31:00,22.3,4.46
11247,0,2021-01-23 15:34:00,2.1,0.42
11248,9,2021-01-23 16:04:00,50.5,10.1
11249,13,2021-01-23 16:33:00,124.3,24.86
11250,3,2021-01-23 16:55:00,2.2,0.44
11251,2,2021-01-23 17:24:00,59.8,11.96
11252,7,2021-01-23 17:33:00,373.9,74.78
11253,3,2021-01-23 18:00:00,179.4,35.88
11254,3,2021-01-23 18:04:00,18.6,3.72
11255,6,2021-01-23 18:34:00,58.1,11.62
11256,13,2021-01-23 18:34:00,246.0,49.2
11257,12,2021-01-23 19:02:00,47.6,9.52
11258,12,2021-01-23 19:28:00,10.8,2.16
11259,9,2021-01-23 19:40:00,69.6,13.92
11260,1,2021-01-23 19:59:00,111.2,22.24
11261,13,2021-01-23 20:17:00,61.0,12.2
11262,4,2021-01-23 20:41:00,12.6,2.52
11263,7,2021-01-23 21:07:00,32.8,6.56
11264,9,2021-01-23 21:22:00,120.7,24.14
11265,67,2021-01-23 21:52:00,64.2,12.84
11266,13,2021-01-23 22:20:00,8.5,1.7
11267,10,2021-01-23 22:32:00,13.5,2.7
11268,67,2021-01-23 22:50:00,10.6,2.12
11269,10,2021-01-24 11:18:00,115.2,23.04
11270,4,2021-01-24 11:48:00,25.2,5.04
11271,14,2021-01-24 12:40:00,14.1,2.82
11272,12,2021-01-24 12:58:00,23.1,4.62
11273,67,2021-01-24 13:24:00,30.0,6.0
11274,8,2021-01-24 13:41:00,27.0,5.4
11275,6,2021-01-24 14:12:00,156.2,31.24
11276,5,2021-01-24 14:15:00,173.6,34.72
11277,67,2021-01-24 14:22:00,115.2,23.04
11278,14,2021-01-24 14:33:00,93.4,18.68
11279,5,2021-01-24 15:15:00,13.2,2.64
11280,8,2021-01-24 16:02:00,178.3,35.66
11281,10,2021-01-24 16:39:00,2.4,0.48
11282,67,2021-01-24 16:42:00,44.0,8.8
11283,12,2021-01-24 17:24:00,32.1,6.42
11284,10,2021-01-24 17:45:00,26.3,5.26
11285,68,2021-01-24 17:56:00,154.4,30.88
11286,14,2021-01-24 18:13:00,46.6,9.32
11287,7,2021-01-24 18:24:00,159.3,31.86
11288,7,2021-01-24 19:12:00,8.7,1.74
11289,67,2021-01-24 19:25:00,29.7,5.94
11290,4,2021-01-24 19:59:00,15.6,3.12
11291,3,2021-01-24 20:21:00,327.3,65.46
11292,8,2021-01-24 20:31:00,12.4,2.48
11293,9,2021-01-24 20:31:00,22.6,4.52
11294,4,2021-01-24 20:51:00,22.8,4.56
11295,13,2021-01-24 20:57:00,274.8,54.96
11296,7,2021-01-24 21:29:00,23.5,4.7
11297,4,2021-01-24 21:33:00,178.8,35.76
11298,14,2021-01-24 21:57:00,65.7,13.14
11299,10,2021-01-24 22:39:00,156.3,31.26
11300,4,2021-01-25 10:31:00,2.6,0.52
11301,10,2021-01-25 10:54:00,4.3,0.86
11302,1,2021-01-25 11:33:00,121.6,24.32
11303,13,2021-01-25 11:35:00,134.0,26.8
11304,13,2021-01-25 12:17:00,44.0,8.8
11305,4,2021-01-25 12:27:00,15.5,3.1
11306,1,2021-01-25 12:40:00,8.5,1.7
11307,14,2021-01-25 12:55:00,32.7,6.54
11308,12,2021-01-25 13:36:00,47.3,9.46
11309,8,2021-01-25 13:43:00,155.1,31.02
11310,4,2021-01-25 14:41:00,23.4,4.68
11311,5,2021-01-25 14:42:00,2.6,0.52
11312,0,2021-01-25 15:05:00,8.5,1.7
11313,12,2021-01-25 15:30:00,129.2,25.84
11314,14,2021-01-25 15:45:00,110.2,22.04
11315,8,2021-01-25 15:49:00,17.9,3.58
11316,67,2021-01-25 16:17:00,25.4,5.08
11317,13,2021-01-25 17:08:00,2.4,0.48
11318,6,2021-01-25 17:11:00,466.6,93.32
11319,4,2021-01-25 17:13:00,2.2,0.44
11320,1,2021-01-25 17:54:00,25.4,5.08
11321,14,2021-01-25 18:02:00,17.5,3.5
11322,0,2021-01-25 19:01:00,23.8,4.76
11323,4,2021-01-25 19:48:00,157.1,31.42
11324,13,2021-01-25 20:30:00,62.3,12.46
11325,1,2021-01-25 20:48:00,10.1,2.02
11326,2,2021-01-25 20:50:00,112.5,22.5
11327,3,2021-01-25 21:19:00,222.9,44.58
11328,1,2021-01-25 21:45:00,35.3,7.06
11329,68,2021-01-25 21:52:00,130.1,26.02
11330,9,2021-01-25 22:42:00,126.3,25.26
11331,5,2021-01-25 22:52:00,165.8,33.16
11332,0,2021-01-26 10:13:00,20.4,4.08
11333,8,2021-01-26 10:56:00,2.1,0.42
11334,10,2021-01-26 11:21:00,153.1,30.62
11335,3,2021-01-26 11:29:00,10.2,2.04
11336,0,2021-01-26 11:55:00,109.1,21.82
11337,2,2021-01-26 12:25:00,26.8,5.36
11338,5,2021-01-26 13:04:00,161.6,32.32
11339,6,2021-01-26 13:12:00,120.0,24.0
11340,67,2021-01-26 13:17:00,31.4,6.28
11341,6,2021-01-26 13:41:00,2.1,0.42
11342,67,2021-01-26 13:54:00,119.9,23.98
11343,0,2021-01-26 14:52:00,209.2,41.84
11344,14,2021-01-26 15:23:00,10.9,2.18
11345,0,2021-01-26 16:05:00,2.1,0.42
11346,6,2021-01-26 16:28:00,72.3,14.46
11347,12,2021-01-26 17:00:00,13.9,2.78
11348,67,2021-01-26 17:23:00,78.3,15.66
11349,4,2021-01-26 17:59:00,4.6,0.92
11350,8,2021-01-26 18:14:00,50.1,10.02
11351,6,2021-01-26 18:26:00,4.8,0.96
11352,2,2021-01-26 18:59:00,69.2,13.84
11353,6,2021-01-26 19:24:00,11.7,2.34
11354,67,2021-01-26 20:19:00,63.6,12.72
11355,0,2021-01-26 20:30:00,12.1,2.42
11356,67,2021-01-26 20:33:00,59.2,11.84
11357,2,2021-01-26 20:48:00,52.5,10.5
11358,7,2021-01-26 21:09:00,47.9,9.58
11359,10,2021-01-26 21:25:00,206.8,41.36
11360,10,2021-01-26 21:43:00,12.2,2.44
11361,7,2021-01-26 22:15:00,64.4,12.88
11362,4,2021-01-26 22:17:00,164.8,32.96
11363,4,2021-01-26 22:39:00,19.9,3.98
11364,5,2021-01-27 10:35:00,111.5,22.3
11365,4,2021-01-27 11:15:00,29.4,5.88
11366,6,2021-01-27 12:08:00,4.3,0.86
11367,0,2021-01-27 13:08:00,11.7,2.34
11368,13,2021-01-27 13:17:00,4.5,0.9
11369,12,2021-01-27 14:13:00,156.2,31.24
11370,9,2021-01-27 14:52:00,167.4,33.48
11371,4,2021-01-27 15:09:00,4.5,0.9
11372,2,2021-01-27 16:04:00,16.2,3.24
11373,9,2021-01-27 17:00:00,16.3,3.26
11374,9,2021-01-27 17:31:00,5.4,1.08
11375,8,2021-01-27 17:32:00,45.5,9.1
11376,68,2021-01-27 17:56:00,67.8,13.56
11377,14,2021-01-27 17:57:00,21.0,4.2
11378,0,2021-01-27 18:13:00,10.6,2.12
11379,13,2021-01-27 18:46:00,12.2,2.44
11380,14,2021-01-27 19:10:00,12.2,2.44
11381,8,2021-01-27 19:10:00,112.8,22.56
11382,0,2021-01-27 19:45:00,2.4,0.48
11383,9,2021-01-27 20:17:00,73.3,14.66
11384,12,2021-01-27 21:00:00,21.6,4.32
11385,5,2021-01-27 21:33:00,26.2,5.24
11386,3,2021-01-27 22:25:00,62.3,12.46
11387,3,2021-01-27 22:28:00,58.4,11.68
11388,13,2021-01-28 10:57:00,260.2,52.04
11389,7,2021-01-28 11:44:00,14.9,2.98
11390,67,2021-01-28 12:38:00,125.6,25.12
11391,67,2021-01-28 13:18:00,71.2,14.24
11392,7,2021-01-28 13:39:00,17.2,3.44
11393,0,2021-01-28 14:35:00,123.4,24.68
11394,0,2021-01-28 15:11:00,69.5,13.9
11395,4,2021-01-28 15:26:00,121.3,24.26
11396,13,2021-01-28 15:55:00,31.8,6.36
11397,67,2021-01-28 16:13:00,7.2,1.44
11398,14,2021-01-28 16:42:00,21.3,4.26
11399,8,2021-01-28 17:22:00,2.4,0.48
11400,2,2021-01-28 18:11:00,10.9,2.18
11401,68,2021-01-28 18:16:00,54.9,10.98
11402,2,2021-01-28 19:02:00,29.6,5.92
11403,67,2021-01-28 19:35:00,11.6,2.32
11404,2,2021-01-28 19:48:00,11.3,2.26
11405,3,2021-01-28 19:55:00,24.7,4.94
11406,67,2021-01-28 20:44:00,200.8,40.16
11407,4,2021-01-28 21:36:00,19.5,3.9
11408,68,2021-01-28 21:44:00,269.8,53.96
11409,13,2021-01-28 22:36:00,49.0,9.8
11410,0,2021-01-29 10:28:00,59.6,11.92
11411,6,2021-01-29 10:46:00,11.6,2.32
11412,9,2021-01-29 11:45:00,33.2,6.64
11413,68,2021-01-29 12:10:00,57.2,11.44
11414,68,2021-01-29 12:24:00,11.7,2.34
11415,4,2021-01-29 12:42:00,27.6,5.52
11416,14,2021-01-29 12:43:00,19.9,3.98
11417,5,2021-01-29 13:23:00,45.5,9.1
11418,13,2021-01-29 14:16:00,7.0,1.4
11419,0,2021-01-29 15:09:00,157.2,31.44
11420,0,2021-01-29 15:33:00,73.1,14.62
11421,8,2021-01-29 16:32:00,65.9,13.18
11422,5,2021-01-29 16:48:00,45.9,9.18
11423,12,2021-01-29 17:41:00,136.1,27.22
11424,3,2021-01-29 18:36:00,68.0,13.6
11425,9,2021-01-29 19:34:00,2.4,0.48
11426,13,2021-01-29 20:09:00,239.1,47.82
11427,9,2021-01-29 20:14:00,50.6,10.12
11428,4,2021-01-29 20:34:00,64.7,12.94
11429,8,2021-01-29 20:49:00,133.4,26.68
11430,67,2021-01-29 21:30:00,2.1,0.42
11431,8,2021-01-29 21:42:00,101.2,20.24
11432,7,2021-01-29 21:43:00,143.0,28.6
11433,6,2021-01-29 22:08:00,2.2,0.44
11434,13,2021-01-29 22:23:00,40.4,8.08
11435,0,2021-01-29 22:31:00,103.7,20.74
11436,6,2021-01-30 10:40:00,200.2,40.04
11437,2,2021-01-30 10:57:00,132.3,26.46
11438,3,2021-01-30 11:07:00,67.3,13.46
11439,9,2021-01-30 11:16:00,15.1,3.02
11440,8,2021-01-30 11:27:00,13.8,2.76
11441,9,2021-01-30 11:48:00,14.9,2.98
11442,13,2021-01-30 11:54:00,55.7,11.14
11443,2,2021-01-30 12:05:00,34.7,6.94
11444,5,2021-01-30 12:28:00,149.0,29.8
11445,68,2021-01-30 12:43:00,149.3,29.86
11446,0,2021-01-30 12:44:00,8.0,1.6
11447,9,2021-01-30 13:14:00,56.5,11.3
11448,2,2021-01-30 13:35:00,5.4,1.08
11449,7,2021-01-30 13:53:00,30.5,6.1
11450,6,2021-01-30 14:04:00,15.6,3.12
11451,6,2021-01-30 14:21:00,169.2,33.84
11452,9,2021-01-30 14:46:00,45.5,9.1
11453,0,2021-01-30 14:48:00,46.1,9.22
11454,8,2021-01-30 15:11:00,13.2,2.64
11455,9,2021-01-30 15:15:00,24.1,4.82
11456,13,2021-01-30 15:18:00,106.2,21.24
11457,68,2021-01-30 15:43:00,47.0,9.4
11458,7,2021-01-30 16:00:00,27.8,5.56
11459,0,2021-01-30 16:15:00,13.9,2.78
11460,10,2021-01-30 16:23:00,224.5,44.9
11461,0,2021-01-30 16:38:00,15.8,3.16
11462,1,2021-01-30 16:44:00,133.0,26.6
11463,5,2021-01-30 17:02:00,11.6,2.32
11464,9,2021-01-30 17:05:00,8.4,1.68
11465,9,2021-01-30 17:10:00,180.2,36.04
11466,1,2021-01-30 17:20:00,4.2,0.84
11467,2,2021-01-30 17:35:00,26.3,5.26
11468,4,2021-01-30 17:48:00,6.9,1.38
11469,9,2021-01-30 17:53:00,5.6,1.12
11470,3,2021-01-30 18:09:00,2.4,0.48
11471,5,2021-01-30 18:23:00,2.4,0.48
11472,6,2021-01-30 18:41:00,109.9,21.98
11473,68,2021-01-30 18:53:00,114.9,22.98
11474,8,2021-01-30 18:53:00,14.3,2.86
11475,13,2021-01-30 19:11:00,120.8,24.16
11476,6,2021-01-30 19:41:00,30.4,6.08
11477,68,2021-01-30 20:08:00,17.0,3.4
11478,0,2021-01-30 20:10:00,23.2,4.64
11479,14,2021-01-30 20:18:00,151.0,30.2
11480,68,2021-01-30 20:46:00,6.9,1.38
11481,1,2021-01-30 21:04:00,51.1,10.22
11482,8,2021-01-30 21:06:00,21.7,4.34
11483,3,2021-01-30 21:23:00,159.2,31.84
11484,13,2021-01-30 21:36:00,16.2,3.24
11485,5,2021-01-30 21:54:00,14.1,2.82
11486,1,2021-01-30 22:12:00,112.2,22.44
11487,8,2021-01-30 22:18:00,46.4,9.28
11488,9,2021-01-30 22:18:00,27.1,5.42
11489,13,2021-01-30 22:38:00,12.5,2.5
11490,68,2021-01-30 22:41:00,108.9,21.78
11491,4,2021-01-30 22:55:00,13.0,2.6
11492,67,2021-01-31 11:20:00,12.3,2.46
11493,13,2021-01-31 11:25:00,51.8,10.36
11494,14,2021-01-31 11:47:00,17.1,3.42
11495,68,2021-01-31 12:46:00,35.0,7.0
11496,8,2021-01-31 13:13:00,11.7,2.34
11497,12,2021-01-31 13:47:00,27.9,5.58
11498,10,2021-01-31 14:23:00,34.2,6.84
11499,68,2021-01-31 15:15:00,50.3,10.06
11500,10,2021-01-31 16:03:00,2.4,0.48
11501,67,2021-01-31 16:28:00,55.0,11.0
11502,2,2021-01-31 17:24:00,157.7,31.54
11503,14,2021-01-31 17:44:00,208.7,41.74
11504,8,2021-01-31 18:33:00,27.8,5.56
11505,13,2021-01-31 18:33:00,105.7,21.14
11506,4,2021-01-31 19:22:00,21.2,4.24
11507,8,2021-01-31 19:42:00,18.1,3.62
11508,12,2021-01-31 19:58:00,23.9,4.78
11509,5,2021-01-31 20:33:00,103.6,20.72
11510,9,2021-01-31 21:12:00,14.1,2.82
11511,10,2021-01-31 22:01:00,4.8,0.96
11512,9,2021-01-31 22:01:00,15.1,3.02
11513,3,2021-01-31 22:54:00,44.0,8.8
11514,14,2021-02-01 10:40:00,44.0,8.8
11515,68,2021-02-01 11:00:00,11.4,2.28
11516,5,2021-02-01 11:03:00,181.6,36.32
11517,7,2021-02-01 11:34:00,233.8,46.76
11518,14,2021-02-01 11:52:00,175.8,35.16
11519,13,2021-02-01 12:52:00,35.0,7.0
11520,9,2021-02-01 12:57:00,27.7,5.54
11521,12,2021-02-01 13:11:00,6.6,1.32
11522,68,2021-02-01 13:36:00,11.7,2.34
11523,5,2021-02-01 14:01:00,2.4,0.48
11524,10,2021-02-01 14:36:00,2.1,0.42
11525,67,2021-02-01 15:20:00,23.7,4.74
11526,13,2021-02-01 16:13:00,20.5,4.1
11527,1,2021-02-01 16:56:00,57.1,11.42
11528,6,2021-02-01 17:13:00,20.2,4.04
11529,13,2021-02-01 17:14:00,144.5,28.9
11530,2,2021-02-01 17:57:00,118.4,23.68
11531,5,2021-02-01 18:00:00,186.5,37.3
11532,4,2021-02-01 18:01:00,39.7,7.94
11533,9,2021-02-01 18:06:00,54.1,10.82
11534,4,2021-02-01 18:28:00,15.5,3.1
11535,67,2021-02-01 19:04:00,258.4,51.68
11536,3,2021-02-01 20:03:00,33.4,6.68
11537,9,2021-02-01 20:18:00,131.8,26.36
11538,7,2021-02-01 20:21:00,45.5,9.1
11539,14,2021-02-01 21:11:00,10.1,2.02
11540,14,2021-02-01 21:54:00,14.0,2.8
11541,8,2021-02-01 22:51:00,25.8,5.16
11542,68,2021-02-02 10:58:00,82.9,16.58
11543,5,2021-02-02 11:50:00,7.2,1.44
11544,8,2021-02-02 12:42:00,7.0,1.4
11545,6,2021-02-02 12:44:00,30.2,6.04
11546,67,2021-02-02 13:20:00,91.9,18.38
11547,8,2021-02-02 14:12:00,130.8,26.16
11548,10,2021-02-02 14:36:00,210.5,42.1
11549,67,2021-02-02 14:51:00,89.5,17.9
11550,4,2021-02-02 15:23:00,45.5,9.1
11551,8,2021-02-02 16:16:00,2.1,0.42
11552,8,2021-02-02 17:11:00,11.1,2.22
11553,2,2021-02-02 17:38:00,124.0,24.8
11554,10,2021-02-02 17:38:00,13.1,2.62
11555,3,2021-02-02 18:03:00,10.1,2.02
11556,13,2021-02-02 18:31:00,178.8,35.76
11557,10,2021-02-02 18:45:00,15.6,3.12
11558,12,2021-02-02 19:34:00,13.8,2.76
11559,0,2021-02-02 19:48:00,109.1,21.82
11560,12,2021-02-02 20:39:00,324.3,64.86
11561,10,2021-02-02 20:42:00,109.6,21.92
11562,7,2021-02-02 21:15:00,59.5,11.9
11563,7,2021-02-02 21:45:00,122.0,24.4
11564,5,2021-02-02 22:41:00,28.1,5.62
11565,1,2021-02-03 11:00:00,21.8,4.36
11566,10,2021-02-03 11:39:00,64.8,12.96
11567,5,2021-02-03 12:16:00,122.8,24.56
11568,13,2021-02-03 12:52:00,4.3,0.86
11569,5,2021-02-03 13:39:00,13.0,2.6
11570,68,2021-02-03 14:03:00,34.6,6.92
11571,10,2021-02-03 14:32:00,40.0,8.0
11572,2,2021-02-03 14:32:00,10.1,2.02
11573,6,2021-02-03 15:22:00,101.1,20.22
11574,4,2021-02-03 16:15:00,32.4,6.48
11575,3,2021-02-03 17:10:00,57.1,11.42
11576,6,2021-02-03 17:54:00,17.8,3.56
11577,12,2021-02-03 18:15:00,20.5,4.1
11578,12,2021-02-03 18:53:00,199.4,39.88
11579,6,2021-02-03 19:40:00,140.1,28.02
11580,3,2021-02-03 20:27:00,6.9,1.38
11581,0,2021-02-03 21:27:00,36.5,7.3
11582,1,2021-02-03 21:31:00,149.6,29.92
11583,3,2021-02-03 22:09:00,58.3,11.66
11584,68,2021-02-03 22:31:00,12.2,2.44
11585,67,2021-02-04 10:55:00,255.9,51.18
11586,8,2021-02-04 11:06:00,50.4,10.08
11587,12,2021-02-04 11:08:00,51.2,10.24
11588,0,2021-02-04 12:07:00,18.0,3.6
11589,13,2021-02-04 12:13:00,40.0,8.0
11590,0,2021-02-04 13:03:00,8.5,1.7
11591,2,2021-02-04 13:22:00,2.1,0.42
11592,6,2021-02-04 13:43:00,164.8,32.96
11593,0,2021-02-04 13:48:00,167.5,33.5
11594,67,2021-02-04 14:28:00,50.7,10.14
11595,3,2021-02-04 14:56:00,173.9,34.78
11596,4,2021-02-04 15:10:00,5.6,1.12
11597,8,2021-02-04 15:22:00,2.6,0.52
11598,4,2021-02-04 16:22:00,35.7,7.14
11599,8,2021-02-04 17:13:00,12.5,2.5
11600,0,2021-02-04 17:22:00,60.1,12.02
11601,68,2021-02-04 17:26:00,57.9,11.58
11602,8,2021-02-04 18:19:00,59.9,11.98
11603,2,2021-02-04 19:18:00,38.2,7.64
11604,5,2021-02-04 19:59:00,18.2,3.64
11605,9,2021-02-04 20:05:00,242.4,48.48
11606,14,2021-02-04 20:43:00,13.2,2.64
11607,13,2021-02-04 21:04:00,4.6,0.92
11608,68,2021-02-04 21:41:00,80.3,16.06
11609,2,2021-02-04 22:40:00,156.1,31.22
11610,9,2021-02-04 22:58:00,8.7,1.74
11611,6,2021-02-05 10:31:00,44.0,8.8
11612,12,2021-02-05 11:24:00,173.2,34.64
11613,3,2021-02-05 11:55:00,14.1,2.82
11614,5,2021-02-05 12:39:00,94.1,18.82
11615,2,2021-02-05 13:07:00,23.4,4.68
11616,10,2021-02-05 13:09:00,133.2,26.64
11617,9,2021-02-05 14:05:00,11.7,2.34
11618,1,2021-02-05 14:05:00,10.6,2.12
11619,12,2021-02-05 14:43:00,16.7,3.34
11620,8,2021-02-05 15:36:00,8.4,1.68
11621,2,2021-02-05 16:04:00,60.8,12.16
11622,68,2021-02-05 16:35:00,11.0,2.2
11623,2,2021-02-05 17:24:00,114.1,22.82
11624,14,2021-02-05 18:21:00,58.1,11.62
11625,67,2021-02-05 18:50:00,72.5,14.5
11626,5,2021-02-05 19:18:00,4.3,0.86
11627,1,2021-02-05 19:51:00,176.5,35.3
11628,12,2021-02-05 20:28:00,62.0,12.4
11629,0,2021-02-05 20:56:00,27.1,5.42
11630,12,2021-02-05 21:10:00,27.8,5.56
11631,7,2021-02-05 21:25:00,118.7,23.74
11632,12,2021-02-05 21:46:00,24.1,4.82
11633,12,2021-02-05 22:09:00,146.5,29.3
11634,68,2021-02-05 22:44:00,162.1,32.42
11635,6,2021-02-06 10:32:00,44.0,8.8
11636,14,2021-02-06 10:36:00,126.0,25.2
11637,12,2021-02-06 10:47:00,11.3,2.26
11638,2,2021-02-06 11:13:00,34.1,6.82
11639,3,2021-02-06 11:13:00,11.4,2.28
11640,6,2021-02-06 11:27:00,44.0,8.8
11641,10,2021-02-06 11:37:00,81.4,16.28
11642,8,2021-02-06 11:46:00,148.8,29.76
11643,0,2021-02-06 12:09:00,9.0,1.8
11644,7,2021-02-06 12:11:00,99.6,19.92
11645,6,2021-02-06 12:29:00,110.6,22.12
11646,67,2021-02-06 12:38:00,159.1,31.82
11647,3,2021-02-06 12:55:00,11.6,2.32
11648,7,2021-02-06 13:01:00,70.2,14.04
11649,14,2021-02-06 13:17:00,11.7,2.34
11650,0,2021-02-06 13:17:00,208.0,41.6
11651,4,2021-02-06 13:39:00,41.0,8.2
11652,12,2021-02-06 13:49:00,12.3,2.46
11653,7,2021-02-06 13:50:00,143.2,28.64
11654,1,2021-02-06 14:01:00,25.9,5.18
11655,10,2021-02-06 14:18:00,55.1,11.02
11656,8,2021-02-06 14:36:00,159.2,31.84
11657,8,2021-02-06 14:58:00,60.0,12.0
11658,12,2021-02-06 15:06:00,116.7,23.34
11659,8,2021-02-06 15:20:00,52.2,10.44
11660,4,2021-02-06 15:38:00,8.5,1.7
11661,68,2021-02-06 16:00:00,31.8,6.36
11662,7,2021-02-06 16:04:00,11.7,2.34
11663,14,2021-02-06 16:09:00,27.4,5.48
11664,68,2021-02-06 16:13:00,5.4,1.08
11665,0,2021-02-06 16:40:00,208.1,41.62
11666,10,2021-02-06 16:44:00,411.7,82.34
11667,13,2021-02-06 16:48:00,109.1,21.82
11668,1,2021-02-06 17:15:00,24.8,4.96
11669,0,2021-02-06 17:41:00,2.6,0.52
11670,12,2021-02-06 18:06:00,137.0,27.4
11671,0,2021-02-06 18:20:00,68.7,13.74
11672,68,2021-02-06 18:50:00,4.3,0.86
11673,7,2021-02-06 19:00:00,107.5,21.5
11674,6,2021-02-06 19:17:00,188.5,37.7
11675,1,2021-02-06 19:26:00,132.1,26.42
11676,12,2021-02-06 19:34:00,21.9,4.38
11677,4,2021-02-06 19:38:00,130.8,26.16
11678,9,2021-02-06 19:38:00,2.1,0.42
11679,1,2021-02-06 19:56:00,2.6,0.52
11680,12,2021-02-06 20:25:00,2.4,0.48
11681,4,2021-02-06 20:27:00,168.3,33.66
11682,0,2021-02-06 20:54:00,166.4,33.28
11683,10,2021-02-06 21:01:00,12.5,2.5
11684,3,2021-02-06 21:27:00,2.6,0.52
11685,1,2021-02-06 21:29:00,5.6,1.12
11686,12,2021-02-06 21:33:00,45.5,9.1
11687,67,2021-02-06 21:45:00,17.3,3.46
11688,68,2021-02-06 21:55:00,126.3,25.26
11689,9,2021-02-06 22:23:00,11.6,2.32
11690,8,2021-02-06 22:28:00,19.9,3.98
11691,67,2021-02-06 22:56:00,13.8,2.76
11692,9,2021-02-06 22:59:00,64.4,12.88
11693,2,2021-02-07 11:13:00,35.3,7.06
11694,14,2021-02-07 11:56:00,15.1,3.02
11695,4,2021-02-07 12:54:00,15.9,3.18
11696,7,2021-02-07 13:04:00,13.8,2.76
11697,68,2021-02-07 14:03:00,2.6,0.52
11698,3,2021-02-07 14:53:00,12.2,2.44
11699,12,2021-02-07 15:42:00,31.1,6.22
11700,6,2021-02-07 16:00:00,13.2,2.64
11701,12,2021-02-07 16:30:00,10.0,2.0
11702,5,2021-02-07 17:17:00,2.1,0.42
11703,67,2021-02-07 17:21:00,124.3,24.86
11704,8,2021-02-07 18:07:00,2.4,0.48
11705,3,2021-02-07 18:23:00,10.1,2.02
11706,10,2021-02-07 19:18:00,128.5,25.7
11707,68,2021-02-07 20:18:00,22.8,4.56
11708,14,2021-02-07 20:48:00,57.9,11.58
11709,8,2021-02-07 21:45:00,156.7,31.34
11710,68,2021-02-07 22:19:00,54.6,10.92
11711,6,2021-02-08 10:55:00,11.1,2.22
11712,8,2021-02-08 11:24:00,2.4,0.48
11713,9,2021-02-08 11:49:00,47.0,9.4
11714,5,2021-02-08 12:04:00,243.7,48.74
11715,7,2021-02-08 12:20:00,23.3,4.66
11716,14,2021-02-08 12:31:00,2.2,0.44
11717,9,2021-02-08 13:12:00,15.3,3.06
11718,8,2021-02-08 13:52:00,24.1,4.82
11719,7,2021-02-08 13:55:00,44.0,8.8
11720,8,2021-02-08 13:59:00,61.2,12.24
11721,12,2021-02-08 14:28:00,2.1,0.42
11722,1,2021-02-08 14:38:00,10.1,2.02
11723,0,2021-02-08 15:37:00,36.1,7.22
11724,9,2021-02-08 16:25:00,11.6,2.32
11725,68,2021-02-08 16:30:00,4.5,0.9
11726,10,2021-02-08 16:37:00,2.1,0.42
11727,68,2021-02-08 17:14:00,84.3,16.86
11728,8,2021-02-08 17:23:00,26.8,5.36
11729,4,2021-02-08 17:36:00,213.6,42.72
11730,10,2021-02-08 18:03:00,45.5,9.1
11731,9,2021-02-08 18:14:00,20.4,4.08
11732,67,2021-02-08 18:28:00,11.7,2.34
11733,9,2021-02-08 19:13:00,2.2,0.44
11734,4,2021-02-08 20:04:00,108.3,21.66
11735,8,2021-02-08 20:30:00,166.5,33.3
11736,8,2021-02-08 21:17:00,169.9,33.98
11737,1,2021-02-08 21:17:00,117.4,23.48
11738,0,2021-02-08 22:13:00,229.9,45.98
11739,0,2021-02-08 22:45:00,2.2,0.44
11740,9,2021-02-09 10:48:00,124.8,24.96
11741,0,2021-02-09 11:41:00,8.5,1.7
11742,5,2021-02-09 12:39:00,8.5,1.7
11743,5,2021-02-09 13:01:00,68.7,13.74
11744,2,2021-02-09 13:40:00,64.2,12.84
11745,67,2021-02-09 13:47:00,28.3,5.66
11746,9,2021-02-09 14:00:00,29.4,5.88
11747,1,2021-02-09 14:38:00,54.9,10.98
11748,13,2021-02-09 15:12:00,26.6,5.32
11749,7,2021-02-09 15:23:00,18.0,3.6
11750,1,2021-02-09 16:06:00,8.5,1.7
11751,14,2021-02-09 17:02:00,12.2,2.44
11752,0,2021-02-09 17:57:00,8.5,1.7
11753,14,2021-02-09 18:21:00,61.6,12.32
11754,68,2021-02-09 19:16:00,21.7,4.34
11755,1,2021-02-09 19:30:00,5.4,1.08
11756,2,2021-02-09 20:17:00,22.5,4.5
11757,3,2021-02-09 20:40:00,4.5,0.9
11758,7,2021-02-09 21:14:00,11.7,2.34
11759,4,2021-02-09 21:40:00,73.9,14.78
11760,9,2021-02-09 22:08:00,12.5,2.5
11761,6,2021-02-09 22:31:00,10.0,2.0
11762,8,2021-02-10 10:42:00,10.6,2.12
11763,2,2021-02-10 11:40:00,66.5,13.3
11764,4,2021-02-10 12:36:00,124.5,24.9
11765,10,2021-02-10 12:47:00,256.2,51.24
11766,5,2021-02-10 13:46:00,20.7,4.14
11767,13,2021-02-10 14:16:00,37.1,7.42
11768,13,2021-02-10 14:22:00,157.7,31.54
11769,7,2021-02-10 14:23:00,254.5,50.9
11770,67,2021-02-10 14:57:00,2.1,0.42
11771,8,2021-02-10 15:23:00,55.1,11.02
11772,3,2021-02-10 15:48:00,65.0,13.0
11773,6,2021-02-10 16:24:00,15.0,3.0
11774,2,2021-02-10 17:03:00,25.2,5.04
11775,14,2021-02-10 18:01:00,10.1,2.02
11776,3,2021-02-10 18:22:00,4.2,0.84
11777,8,2021-02-10 19:19:00,11.7,2.34
11778,1,2021-02-10 20:05:00,30.2,6.04
11779,2,2021-02-10 20:46:00,13.1,2.62
11780,67,2021-02-10 21:31:00,41.6,8.32
11781,12,2021-02-10 21:42:00,17.8,3.56
11782,68,2021-02-10 21:48:00,212.6,42.52
11783,13,2021-02-10 22:38:00,5.6,1.12
11784,68,2021-02-11 10:51:00,17.0,3.4
11785,3,2021-02-11 11:14:00,33.5,6.7
11786,1,2021-02-11 11:50:00,2.4,0.48
11787,3,2021-02-11 12:36:00,22.3,4.46
11788,67,2021-02-11 12:56:00,21.8,4.36
11789,14,2021-02-11 13:41:00,6.9,1.38
11790,67,2021-02-11 14:37:00,50.9,10.18
11791,8,2021-02-11 15:02:00,5.4,1.08
11792,13,2021-02-11 15:42:00,207.9,41.58
11793,68,2021-02-11 16:27:00,2.1,0.42
11794,3,2021-02-11 17:09:00,115.8,23.16
11795,13,2021-02-11 17:45:00,19.6,3.92
11796,67,2021-02-11 17:59:00,10.1,2.02
11797,1,2021-02-11 18:59:00,11.1,2.22
11798,14,2021-02-11 19:51:00,52.7,10.54
11799,10,2021-02-11 20:26:00,29.1,5.82
11800,68,2021-02-11 21:13:00,91.0,18.2
11801,5,2021-02-11 21:33:00,2.4,0.48
11802,0,2021-02-11 22:14:00,279.1,55.82
11803,7,2021-02-11 22:30:00,4.6,0.92
11804,12,2021-02-11 22:32:00,56.9,11.38
11805,68,2021-02-12 10:54:00,8.5,1.7
11806,6,2021-02-12 11:23:00,145.6,29.12
11807,68,2021-02-12 11:24:00,12.7,2.54
11808,14,2021-02-12 11:41:00,19.6,3.92
11809,1,2021-02-12 11:52:00,2.4,0.48
11810,6,2021-02-12 12:29:00,17.4,3.48
11811,67,2021-02-12 13:29:00,164.7,32.94
11812,13,2021-02-12 13:33:00,37.2,7.44
11813,6,2021-02-12 14:11:00,24.9,4.98
11814,4,2021-02-12 14:52:00,21.1,4.22
11815,13,2021-02-12 15:21:00,123.3,24.66
11816,6,2021-02-12 15:59:00,80.2,16.04
11817,1,2021-02-12 16:19:00,152.7,30.54
11818,8,2021-02-12 16:23:00,15.9,3.18
11819,10,2021-02-12 16:51:00,199.4,39.88
11820,3,2021-02-12 16:56:00,160.3,32.06
11821,1,2021-02-12 17:38:00,62.8,12.56
11822,1,2021-02-12 18:07:00,63.1,12.62
11823,3,2021-02-12 18:55:00,42.2,8.44
11824,14,2021-02-12 19:17:00,23.4,4.68
11825,14,2021-02-12 19:39:00,26.9,5.38
11826,3,2021-02-12 20:22:00,48.5,9.7
11827,13,2021-02-12 21:02:00,156.2,31.24
11828,67,2021-02-12 21:52:00,4.8,0.96
11829,68,2021-02-12 22:19:00,162.4,32.48
11830,7,2021-02-13 10:56:00,2.4,0.48
11831,10,2021-02-13 11:26:00,26.2,5.24
11832,68,2021-02-13 11:46:00,28.6,5.72
11833,14,2021-02-13 12:11:00,62.8,12.56
11834,14,2021-02-13 12:11:00,57.8,11.56
11835,68,2021-02-13 12:15:00,2.4,0.48
11836,1,2021-02-13 12:23:00,29.7,5.94
11837,5,2021-02-13 12:28:00,65.0,13.0
11838,10,2021-02-13 12:51:00,45.5,9.1
11839,68,2021-02-13 13:00:00,47.6,9.52
11840,7,2021-02-13 13:00:00,56.2,11.24
11841,12,2021-02-13 13:13:00,6.4,1.28
11842,12,2021-02-13 13:43:00,71.5,14.3
11843,0,2021-02-13 13:54:00,16.3,3.26
11844,8,2021-02-13 14:21:00,143.0,28.6
11845,3,2021-02-13 14:37:00,18.6,3.72
11846,68,2021-02-13 14:41:00,112.9,22.58
11847,0,2021-02-13 15:00:00,110.7,22.14
11848,4,2021-02-13 15:06:00,26.0,5.2
11849,9,2021-02-13 15:22:00,14.4,2.88
11850,14,2021-02-13 15:52:00,69.7,13.94
11851,6,2021-02-13 16:02:00,111.2,22.24
11852,6,2021-02-13 16:16:00,10.1,2.02
11853,4,2021-02-13 16:34:00,18.0,3.6
11854,14,2021-02-13 16:44:00,4.6,0.92
11855,3,2021-02-13 17:14:00,10.1,2.02
11856,13,2021-02-13 17:22:00,52.5,10.5
11857,7,2021-02-13 17:29:00,133.0,26.6
11858,1,2021-02-13 17:53:00,18.0,3.6
11859,7,2021-02-13 18:12:00,13.3,2.66
11860,14,2021-02-13 18:39:00,7.8,1.56
11861,3,2021-02-13 19:01:00,48.8,9.76
11862,9,2021-02-13 19:09:00,24.1,4.82
11863,10,2021-02-13 19:25:00,328.9,65.78
11864,12,2021-02-13 19:32:00,13.1,2.62
11865,14,2021-02-13 19:35:00,30.1,6.02
11866,14,2021-02-13 19:44:00,103.6,20.72
11867,6,2021-02-13 20:11:00,151.4,30.28
11868,5,2021-02-13 20:14:00,23.3,4.66
11869,14,2021-02-13 20:17:00,114.9,22.98
11870,7,2021-02-13 20:27:00,11.6,2.32
11871,12,2021-02-13 20:36:00,28.7,5.74
11872,9,2021-02-13 20:56:00,14.7,2.94
11873,9,2021-02-13 21:09:00,10.0,2.0
11874,68,2021-02-13 21:39:00,70.1,14.02
11875,2,2021-02-13 22:01:00,2.4,0.48
11876,68,2021-02-13 22:12:00,15.5,3.1
11877,13,2021-02-13 22:39:00,25.7,5.14
11878,3,2021-02-13 22:59:00,66.4,13.28
11879,8,2021-02-14 11:27:00,127.5,25.5
11880,1,2021-02-14 11:50:00,10.6,2.12
11881,4,2021-02-14 12:15:00,38.3,7.66
11882,3,2021-02-14 12:35:00,13.5,2.7
11883,3,2021-02-14 13:05:00,309.3,61.86
11884,5,2021-02-14 13:11:00,107.4,21.48
11885,67,2021-02-14 13:38:00,167.6,33.52
11886,0,2021-02-14 14:26:00,25.6,5.12
11887,9,2021-02-14 14:32:00,164.0,32.8
11888,8,2021-02-14 14:42:00,44.0,8.8
11889,1,2021-02-14 15:03:00,195.5,39.1
11890,12,2021-02-14 15:12:00,52.7,10.54
11891,1,2021-02-14 16:08:00,60.9,12.18
11892,4,2021-02-14 16:36:00,34.5,6.9
11893,1,2021-02-14 17:03:00,11.7,2.34
11894,5,2021-02-14 17:45:00,102.6,20.52
11895,10,2021-02-14 17:56:00,21.8,4.36
11896,67,2021-02-14 18:37:00,45.5,9.1
11897,0,2021-02-14 19:00:00,17.0,3.4
11898,4,2021-02-14 19:41:00,21.7,4.34
11899,10,2021-02-14 20:36:00,54.9,10.98
11900,10,2021-02-14 20:46:00,32.8,6.56
11901,9,2021-02-14 21:10:00,116.9,23.38
11902,5,2021-02-14 21:23:00,34.2,6.84
11903,68,2021-02-14 22:01:00,20.1,4.02
11904,5,2021-02-14 22:11:00,63.9,12.78
11905,4,2021-02-14 22:55:00,21.5,4.3
11906,8,2021-02-14 22:56:00,12.5,2.5
11907,0,2021-02-15 10:18:00,95.5,19.1
11908,10,2021-02-15 10:33:00,120.8,24.16
11909,1,2021-02-15 10:47:00,17.1,3.42
11910,4,2021-02-15 11:14:00,17.6,3.52
11911,9,2021-02-15 12:02:00,255.2,51.04
11912,67,2021-02-15 12:17:00,18.6,3.72
11913,8,2021-02-15 13:04:00,18.4,3.68
11914,9,2021-02-15 13:12:00,47.1,9.42
11915,3,2021-02-15 13:39:00,28.6,5.72
11916,5,2021-02-15 14:15:00,117.8,23.56
11917,2,2021-02-15 14:25:00,24.2,4.84
11918,67,2021-02-15 15:01:00,18.7,3.74
11919,4,2021-02-15 15:56:00,34.3,6.86
11920,8,2021-02-15 16:38:00,32.3,6.46
11921,3,2021-02-15 16:38:00,2.6,0.52
11922,4,2021-02-15 16:54:00,143.0,28.6
11923,1,2021-02-15 17:04:00,26.3,5.26
11924,68,2021-02-15 17:43:00,58.1,11.62
11925,13,2021-02-15 18:41:00,36.4,7.28
11926,10,2021-02-15 18:57:00,43.0,8.6
11927,6,2021-02-15 19:48:00,10.9,2.18
11928,0,2021-02-15 19:55:00,15.0,3.0
11929,6,2021-02-15 19:58:00,11.1,2.22
11930,68,2021-02-15 20:58:00,347.1,69.42
11931,3,2021-02-15 21:11:00,56.4,11.28
11932,9,2021-02-15 21:39:00,4.8,0.96
11933,0,2021-02-15 22:17:00,211.8,42.36
11934,68,2021-02-15 22:34:00,33.3,6.66
11935,2,2021-02-15 22:51:00,133.2,26.64
11936,13,2021-02-16 10:55:00,155.4,31.08
11937,13,2021-02-16 11:15:00,84.4,16.88
11938,1,2021-02-16 12:05:00,16.5,3.3
11939,67,2021-02-16 13:04:00,38.5,7.7
11940,6,2021-02-16 13:48:00,48.3,9.66
11941,8,2021-02-16 14:04:00,21.8,4.36
11942,14,2021-02-16 14:11:00,28.4,5.68
11943,1,2021-02-16 15:10:00,144.1,28.82
11944,4,2021-02-16 15:58:00,83.6,16.72
11945,3,2021-02-16 16:39:00,13.8,2.76
11946,4,2021-02-16 17:08:00,68.9,13.78
11947,3,2021-02-16 18:04:00,23.2,4.64
11948,68,2021-02-16 18:35:00,8.0,1.6
11949,14,2021-02-16 19:20:00,10.6,2.12
11950,6,2021-02-16 19:47:00,4.2,0.84
11951,6,2021-02-16 20:00:00,20.3,4.06
11952,12,2021-02-16 20:53:00,12.2,2.44
11953,3,2021-02-16 21:07:00,64.3,12.86
11954,5,2021-02-16 21:49:00,2.2,0.44
11955,9,2021-02-16 22:28:00,119.2,23.84
11956,9,2021-02-16 22:33:00,2.1,0.42
11957,1,2021-02-16 22:47:00,145.1,29.02
11958,6,2021-02-17 10:58:00,24.7,4.94
11959,4,2021-02-17 11:57:00,2.4,0.48
11960,5,2021-02-17 12:44:00,10.1,2.02
11961,13,2021-02-17 13:34:00,10.6,2.12
11962,4,2021-02-17 14:26:00,56.3,11.26
11963,67,2021-02-17 14:57:00,21.6,4.32
11964,9,2021-02-17 15:32:00,6.8,1.36
11965,68,2021-02-17 15:45:00,146.9,29.38
11966,14,2021-02-17 16:40:00,27.4,5.48
11967,4,2021-02-17 17:07:00,5.4,1.08
11968,67,2021-02-17 17:47:00,2.4,0.48
11969,8,2021-02-17 17:51:00,126.0,25.2
11970,9,2021-02-17 17:56:00,62.9,12.58
11971,5,2021-02-17 18:07:00,25.5,5.1
11972,10,2021-02-17 18:56:00,73.5,14.7
11973,12,2021-02-17 19:50:00,124.2,24.84
11974,12,2021-02-17 20:23:00,45.5,9.1
11975,8,2021-02-17 21:12:00,46.4,9.28
11976,2,2021-02-17 21:34:00,47.9,9.58
11977,4,2021-02-17 22:28:00,155.8,31.16
11978,14,2021-02-18 10:58:00,2.4,0.48
11979,10,2021-02-18 11:57:00,8.5,1.7
11980,5,2021-02-18 12:16:00,5.6,1.12
11981,13,2021-02-18 13:14:00,75.9,15.18
11982,6,2021-02-18 14:13:00,5.4,1.08
11983,68,2021-02-18 15:08:00,158.3,31.66
11984,68,2021-02-18 15:57:00,220.5,44.1
11985,14,2021-02-18 16:31:00,8.5,1.7
11986,68,2021-02-18 17:07:00,44.0,8.8
11987,67,2021-02-18 17:53:00,211.8,42.36
11988,5,2021-02-18 18:45:00,2.4,0.48
11989,68,2021-02-18 18:57:00,4.2,0.84
11990,7,2021-02-18 19:45:00,158.8,31.76
11991,13,2021-02-18 20:07:00,275.0,55.0
11992,13,2021-02-18 21:01:00,10.1,2.02
11993,0,2021-02-18 21:38:00,37.9,7.58
11994,5,2021-02-18 21:58:00,16.4,3.28
11995,12,2021-02-18 22:05:00,348.3,69.66
11996,14,2021-02-18 22:46:00,46.2,9.24
11997,4,2021-02-19 10:43:00,2.4,0.48
11998,67,2021-02-19 10:53:00,58.2,11.64
11999,67,2021-02-19 11:11:00,2.4,0.48
12000,0,2021-02-19 11:42:00,35.5,7.1
12001,2,2021-02-19 12:22:00,8.5,1.7
12002,1,2021-02-19 13:10:00,2.4,0.48
12003,67,2021-02-19 13:34:00,5.4,1.08
12004,7,2021-02-19 13:55:00,13.0,2.6
12005,10,2021-02-19 14:21:00,2.4,0.48
12006,8,2021-02-19 15:04:00,8.5,1.7
12007,8,2021-02-19 15:37:00,4.8,0.96
12008,1,2021-02-19 15:41:00,15.4,3.08
12009,13,2021-02-19 15:55:00,24.1,4.82
12010,2,2021-02-19 16:14:00,36.0,7.2
12011,13,2021-02-19 16:30:00,51.7,10.34
12012,10,2021-02-19 17:08:00,78.1,15.62
12013,8,2021-02-19 17:15:00,156.1,31.22
12014,2,2021-02-19 17:23:00,45.2,9.04
12015,10,2021-02-19 17:39:00,21.8,4.36
12016,9,2021-02-19 17:46:00,31.8,6.36
12017,4,2021-02-19 18:22:00,45.5,9.1
12018,3,2021-02-19 18:49:00,59.5,11.9
12019,2,2021-02-19 19:33:00,24.7,4.94
12020,8,2021-02-19 20:19:00,8.5,1.7
12021,67,2021-02-19 20:59:00,160.2,32.04
12022,7,2021-02-19 21:32:00,47.7,9.54
12023,3,2021-02-19 22:05:00,258.1,51.62
12024,7,2021-02-19 22:10:00,33.4,6.68
12025,13,2021-02-20 11:00:00,8.6,1.72
12026,9,2021-02-20 11:10:00,17.2,3.44
12027,0,2021-02-20 11:30:00,44.0,8.8
12028,13,2021-02-20 11:44:00,10.6,2.12
12029,10,2021-02-20 12:06:00,81.3,16.26
12030,12,2021-02-20 12:28:00,24.9,4.98
12031,1,2021-02-20 12:44:00,59.3,11.86
12032,10,2021-02-20 12:59:00,18.8,3.76
12033,12,2021-02-20 13:19:00,2.1,0.42
12034,10,2021-02-20 13:35:00,158.7,31.74
12035,14,2021-02-20 13:47:00,19.7,3.94
12036,13,2021-02-20 13:59:00,56.8,11.36
12037,7,2021-02-20 14:20:00,164.2,32.84
12038,8,2021-02-20 14:26:00,2.4,0.48
12039,9,2021-02-20 14:27:00,24.1,4.82
12040,6,2021-02-20 14:37:00,73.5,14.7
12041,5,2021-02-20 15:03:00,2.4,0.48
12042,5,2021-02-20 15:31:00,268.5,53.7
12043,12,2021-02-20 15:56:00,68.0,13.6
12044,5,2021-02-20 15:59:00,22.8,4.56
12045,3,2021-02-20 16:26:00,36.9,7.38
12046,14,2021-02-20 16:37:00,18.8,3.76
12047,0,2021-02-20 16:57:00,19.7,3.94
12048,1,2021-02-20 17:18:00,198.6,39.72
12049,67,2021-02-20 17:36:00,7.1,1.42
12050,67,2021-02-20 18:04:00,137.3,27.46
12051,0,2021-02-20 18:21:00,153.9,30.78
12052,1,2021-02-20 18:21:00,260.6,52.12
12053,5,2021-02-20 18:35:00,46.4,9.28
12054,12,2021-02-20 18:54:00,17.4,3.48
12055,14,2021-02-20 19:20:00,31.9,6.38
12056,14,2021-02-20 19:25:00,226.9,45.38
12057,1,2021-02-20 19:35:00,23.6,4.72
12058,6,2021-02-20 19:57:00,19.9,3.98
12059,12,2021-02-20 20:05:00,169.5,33.9
12060,9,2021-02-20 20:31:00,38.0,7.6
12061,8,2021-02-20 20:59:00,78.8,15.76
12062,7,2021-02-20 21:15:00,68.6,13.72
12063,67,2021-02-20 21:37:00,15.8,3.16
12064,68,2021-02-20 21:44:00,177.5,35.5
12065,1,2021-02-20 22:09:00,172.5,34.5
12066,12,2021-02-20 22:37:00,2.4,0.48
12067,68,2021-02-20 22:54:00,20.4,4.08
12068,4,2021-02-21 11:23:00,59.6,11.92
12069,13,2021-02-21 12:17:00,30.2,6.04
12070,9,2021-02-21 12:40:00,22.0,4.4
12071,10,2021-02-21 12:40:00,14.7,2.94
12072,0,2021-02-21 13:07:00,11.4,2.28
12073,2,2021-02-21 13:49:00,124.1,24.82
12074,5,2021-02-21 14:23:00,2.1,0.42
12075,7,2021-02-21 15:16:00,2.6,0.52
12076,9,2021-02-21 16:13:00,65.7,13.14
12077,1,2021-02-21 16:50:00,203.0,40.6
12078,3,2021-02-21 17:34:00,16.0,3.2
12079,6,2021-02-21 18:08:00,134.6,26.92
12080,6,2021-02-21 18:09:00,126.6,25.32
12081,14,2021-02-21 18:42:00,68.6,13.72
12082,1,2021-02-21 19:03:00,34.9,6.98
12083,67,2021-02-21 19:55:00,135.2,27.04
12084,8,2021-02-21 20:02:00,4.5,0.9
12085,1,2021-02-21 20:54:00,12.8,2.56
12086,14,2021-02-21 21:09:00,21.7,4.34
12087,67,2021-02-21 21:30:00,10.4,2.08
12088,4,2021-02-21 22:02:00,11.7,2.34
12089,9,2021-02-22 11:00:00,21.5,4.3
12090,14,2021-02-22 11:15:00,256.1,51.22
12091,1,2021-02-22 11:46:00,44.0,8.8
12092,14,2021-02-22 11:54:00,2.4,0.48
12093,8,2021-02-22 12:30:00,167.8,33.56
12094,9,2021-02-22 13:14:00,49.0,9.8
12095,8,2021-02-22 13:26:00,23.3,4.66
12096,0,2021-02-22 14:19:00,51.8,10.36
12097,68,2021-02-22 14:33:00,2.2,0.44
12098,7,2021-02-22 15:33:00,37.3,7.46
12099,3,2021-02-22 16:29:00,2.2,0.44
12100,10,2021-02-22 16:35:00,20.2,4.04
12101,3,2021-02-22 16:37:00,52.7,10.54
12102,6,2021-02-22 16:53:00,44.0,8.8
12103,1,2021-02-22 17:10:00,143.0,28.6
12104,5,2021-02-22 17:52:00,38.8,7.76
12105,67,2021-02-22 18:08:00,8.5,1.7
12106,68,2021-02-22 18:26:00,116.9,23.38
12107,14,2021-02-22 19:25:00,159.9,31.98
12108,0,2021-02-22 19:59:00,21.7,4.34
12109,0,2021-02-22 20:48:00,29.7,5.94
12110,2,2021-02-22 21:01:00,181.7,36.34
12111,12,2021-02-22 21:27:00,20.1,4.02
12112,7,2021-02-22 22:18:00,30.8,6.16
12113,13,2021-02-22 22:34:00,38.4,7.68
12114,8,2021-02-22 22:54:00,32.5,6.5
12115,4,2021-02-23 10:10:00,19.5,3.9
12116,68,2021-02-23 11:00:00,151.0,30.2
12117,12,2021-02-23 11:56:00,16.1,3.22
12118,0,2021-02-23 12:46:00,63.4,12.68
12119,14,2021-02-23 12:52:00,123.5,24.7
12120,68,2021-02-23 13:36:00,26.9,5.38
12121,9,2021-02-23 14:14:00,19.4,3.88
12122,68,2021-02-23 15:14:00,35.5,7.1
12123,3,2021-02-23 15:21:00,101.9,20.38
12124,8,2021-02-23 15:57:00,2.1,0.42
12125,2,2021-02-23 16:07:00,17.7,3.54
12126,3,2021-02-23 16:46:00,10.8,2.16
12127,5,2021-02-23 17:33:00,16.7,3.34
12128,0,2021-02-23 17:45:00,176.4,35.28
12129,14,2021-02-23 18:22:00,72.3,14.46
12130,67,2021-02-23 19:18:00,2.4,0.48
12131,7,2021-02-23 20:06:00,132.3,26.46
12132,0,2021-02-23 20:36:00,16.2,3.24
12133,4,2021-02-23 21:07:00,30.2,6.04
12134,7,2021-02-23 21:14:00,41.0,8.2
12135,8,2021-02-23 21:18:00,308.5,61.7
12136,2,2021-02-23 21:56:00,14.4,2.88
12137,68,2021-02-23 22:33:00,2.1,0.42
12138,0,2021-02-24 10:37:00,188.5,37.7
12139,12,2021-02-24 11:37:00,71.9,14.38
12140,0,2021-02-24 11:40:00,64.8,12.96
12141,6,2021-02-24 11:42:00,52.4,10.48
12142,3,2021-02-24 12:10:00,16.0,3.2
12143,10,2021-02-24 12:59:00,2.4,0.48
12144,67,2021-02-24 13:46:00,12.5,2.5
12145,67,2021-02-24 14:19:00,41.2,8.24
12146,0,2021-02-24 14:35:00,37.8,7.56
12147,6,2021-02-24 15:22:00,140.0,28.0
12148,0,2021-02-24 15:58:00,123.9,24.78
12149,2,2021-02-24 16:23:00,51.8,10.36
12150,2,2021-02-24 16:43:00,72.7,14.54
12151,1,2021-02-24 17:43:00,2.6,0.52
12152,9,2021-02-24 18:33:00,11.4,2.28
12153,14,2021-02-24 19:25:00,26.0,5.2
12154,8,2021-02-24 19:54:00,2.4,0.48
12155,3,2021-02-24 20:22:00,10.5,2.1
12156,2,2021-02-24 21:14:00,158.9,31.78
12157,67,2021-02-24 22:10:00,141.1,28.22
12158,9,2021-02-24 22:56:00,14.0,2.8
12159,3,2021-02-25 10:40:00,5.6,1.12
12160,0,2021-02-25 11:17:00,8.5,1.7
12161,14,2021-02-25 12:11:00,22.2,4.44
12162,14,2021-02-25 12:15:00,33.4,6.68
12163,14,2021-02-25 13:11:00,25.4,5.08
12164,12,2021-02-25 13:58:00,123.1,24.62
12165,3,2021-02-25 14:08:00,29.2,5.84
12166,67,2021-02-25 14:12:00,35.8,7.16
12167,67,2021-02-25 14:16:00,8.4,1.68
12168,5,2021-02-25 14:34:00,34.4,6.88
12169,8,2021-02-25 14:45:00,6.5,1.3
12170,8,2021-02-25 15:28:00,22.1,4.42
12171,4,2021-02-25 16:28:00,12.4,2.48
12172,0,2021-02-25 16:39:00,8.5,1.7
12173,13,2021-02-25 16:47:00,28.5,5.7
12174,8,2021-02-25 17:36:00,10.1,2.02
12175,5,2021-02-25 17:55:00,10.9,2.18
12176,9,2021-02-25 18:14:00,2.1,0.42
12177,4,2021-02-25 18:41:00,24.6,4.92
12178,9,2021-02-25 18:45:00,62.5,12.5
12179,12,2021-02-25 19:25:00,2.1,0.42
12180,7,2021-02-25 20:23:00,45.5,9.1
12181,68,2021-02-25 20:38:00,10.1,2.02
12182,4,2021-02-25 21:13:00,2.1,0.42
12183,4,2021-02-25 21:44:00,5.4,1.08
12184,7,2021-02-25 22:08:00,10.6,2.12
12185,6,2021-02-25 22:25:00,24.7,4.94
12186,14,2021-02-25 22:32:00,129.5,25.9
12187,13,2021-02-25 22:55:00,139.3,27.86
12188,7,2021-02-26 10:24:00,64.1,12.82
12189,2,2021-02-26 10:34:00,4.6,0.92
12190,14,2021-02-26 10:56:00,381.6,76.32
12191,12,2021-02-26 11:21:00,22.6,4.52
12192,8,2021-02-26 11:45:00,2.1,0.42
12193,67,2021-02-26 12:41:00,58.3,11.66
12194,4,2021-02-26 12:59:00,171.7,34.34
12195,7,2021-02-26 13:55:00,8.5,1.7
12196,7,2021-02-26 14:21:00,124.9,24.98
12197,14,2021-02-26 14:48:00,92.0,18.4
12198,7,2021-02-26 15:02:00,105.1,21.02
12199,2,2021-02-26 15:54:00,124.5,24.9
12200,10,2021-02-26 16:53:00,11.6,2.32
12201,7,2021-02-26 17:04:00,23.8,4.76
12202,67,2021-02-26 17:39:00,70.5,14.1
12203,12,2021-02-26 18:07:00,9.1,1.82
12204,10,2021-02-26 18:57:00,15.8,3.16
12205,0,2021-02-26 19:54:00,171.3,34.26
12206,9,2021-02-26 20:31:00,60.4,12.08
12207,5,2021-02-26 20:33:00,10.9,2.18
12208,13,2021-02-26 21:23:00,45.5,9.1
12209,68,2021-02-26 22:18:00,15.4,3.08
12210,10,2021-02-26 22:55:00,68.5,13.7
12211,14,2021-02-27 10:14:00,24.1,4.82
12212,9,2021-02-27 10:42:00,112.2,22.44
12213,10,2021-02-27 10:46:00,79.1,15.82
12214,0,2021-02-27 10:56:00,4.8,0.96
12215,3,2021-02-27 11:08:00,21.8,4.36
12216,8,2021-02-27 11:34:00,2.1,0.42
12217,0,2021-02-27 11:36:00,33.4,6.68
12218,8,2021-02-27 11:47:00,96.5,19.3
12219,12,2021-02-27 12:12:00,71.2,14.24
12220,67,2021-02-27 12:28:00,80.7,16.14
12221,2,2021-02-27 12:52:00,32.0,6.4
12222,9,2021-02-27 13:20:00,2.4,0.48
12223,3,2021-02-27 13:49:00,11.4,2.28
12224,4,2021-02-27 14:04:00,64.6,12.92
12225,67,2021-02-27 14:13:00,102.1,20.42
12226,4,2021-02-27 14:26:00,36.2,7.24
12227,13,2021-02-27 14:29:00,53.5,10.7
12228,10,2021-02-27 14:42:00,169.2,33.84
12229,7,2021-02-27 14:49:00,96.4,19.28
12230,9,2021-02-27 15:19:00,2.2,0.44
12231,1,2021-02-27 15:30:00,2.4,0.48
12232,0,2021-02-27 16:00:00,170.9,34.18
12233,14,2021-02-27 16:07:00,141.4,28.28
12234,8,2021-02-27 16:16:00,13.2,2.64
12235,3,2021-02-27 16:46:00,2.1,0.42
12236,9,2021-02-27 17:13:00,47.6,9.52
12237,68,2021-02-27 17:40:00,18.5,3.7
12238,5,2021-02-27 17:45:00,24.1,4.82
12239,2,2021-02-27 17:56:00,23.7,4.74
12240,14,2021-02-27 17:58:00,65.7,13.14
12241,4,2021-02-27 18:16:00,46.1,9.22
12242,13,2021-02-27 18:40:00,2.4,0.48
12243,67,2021-02-27 19:05:00,62.6,12.52
12244,0,2021-02-27 19:05:00,48.5,9.7
12245,5,2021-02-27 19:27:00,31.9,6.38
12246,8,2021-02-27 19:32:00,32.9,6.58
12247,13,2021-02-27 19:53:00,12.2,2.44
12248,67,2021-02-27 20:18:00,7.2,1.44
12249,4,2021-02-27 20:39:00,6.9,1.38
12250,8,2021-02-27 21:06:00,126.0,25.2
12251,68,2021-02-27 21:27:00,32.3,6.46
12252,4,2021-02-27 21:46:00,54.0,10.8
12253,8,2021-02-27 21:50:00,134.6,26.92
12254,9,2021-02-27 21:59:00,23.2,4.64
12255,10,2021-02-27 22:18:00,15.4,3.08
12256,9,2021-02-27 22:32:00,115.2,23.04
12257,68,2021-02-27 22:51:00,10.1,2.02
12258,12,2021-02-27 22:59:00,168.9,33.78
12259,12,2021-02-28 11:18:00,57.2,11.44
12260,8,2021-02-28 11:55:00,27.1,5.42
12261,3,2021-02-28 12:30:00,44.0,8.8
12262,8,2021-02-28 12:49:00,36.6,7.32
12263,2,2021-02-28 13:10:00,58.6,11.72
12264,0,2021-02-28 13:21:00,63.3,12.66
12265,2,2021-02-28 13:52:00,163.2,32.64
12266,10,2021-02-28 14:36:00,38.1,7.62
12267,13,2021-02-28 15:18:00,69.1,13.82
12268,13,2021-02-28 16:16:00,97.7,19.54
12269,12,2021-02-28 17:11:00,28.1,5.62
12270,12,2021-02-28 17:47:00,158.3,31.66
12271,1,2021-02-28 18:44:00,67.8,13.56
12272,1,2021-02-28 19:06:00,19.6,3.92
12273,67,2021-02-28 19:24:00,112.2,22.44
12274,7,2021-02-28 19:42:00,13.2,2.64
12275,68,2021-02-28 20:14:00,157.7,31.54
12276,4,2021-02-28 20:48:00,139.6,27.92
12277,10,2021-02-28 21:47:00,24.1,4.82
12278,9,2021-02-28 22:18:00,21.6,4.32
12279,9,2021-03-01 10:43:00,29.9,5.98
12280,1,2021-03-01 11:09:00,5.4,1.08
12281,3,2021-03-01 11:55:00,204.0,40.8
12282,12,2021-03-01 12:48:00,11.6,2.32
12283,1,2021-03-01 13:01:00,104.8,20.96
12284,68,2021-03-01 13:45:00,25.4,5.08
12285,2,2021-03-01 14:05:00,22.3,4.46
12286,10,2021-03-01 14:22:00,8.7,1.74
12287,8,2021-03-01 14:23:00,35.8,7.16
12288,2,2021-03-01 14:43:00,124.7,24.94
12289,1,2021-03-01 14:57:00,117.4,23.48
12290,2,2021-03-01 15:26:00,16.5,3.3
12291,3,2021-03-01 16:03:00,2.4,0.48
12292,10,2021-03-01 16:45:00,136.6,27.32
12293,2,2021-03-01 17:04:00,11.4,2.28
12294,5,2021-03-01 17:15:00,39.3,7.86
12295,13,2021-03-01 17:46:00,18.6,3.72
12296,68,2021-03-01 18:23:00,19.4,3.88
12297,68,2021-03-01 18:51:00,10.1,2.02
12298,9,2021-03-01 19:44:00,2.4,0.48
12299,1,2021-03-01 19:50:00,25.8,5.16
12300,10,2021-03-01 20:27:00,15.7,3.14
12301,6,2021-03-01 20:46:00,31.5,6.3
12302,8,2021-03-01 20:48:00,19.2,3.84
12303,2,2021-03-01 21:40:00,6.3,1.26
12304,14,2021-03-01 21:43:00,22.6,4.52
12305,10,2021-03-01 21:59:00,30.8,6.16
12306,0,2021-03-01 22:48:00,10.1,2.02
12307,13,2021-03-02 10:50:00,45.5,9.1
12308,8,2021-03-02 11:40:00,56.9,11.38
12309,67,2021-03-02 12:08:00,57.1,11.42
12310,9,2021-03-02 12:11:00,109.6,21.92
12311,13,2021-03-02 12:31:00,19.3,3.86
12312,4,2021-03-02 13:03:00,13.2,2.64
12313,67,2021-03-02 13:50:00,49.0,9.8
12314,5,2021-03-02 14:39:00,242.6,48.52
12315,0,2021-03-02 14:52:00,122.9,24.58
12316,67,2021-03-02 15:25:00,173.0,34.6
12317,1,2021-03-02 15:33:00,110.7,22.14
12318,0,2021-03-02 15:41:00,19.3,3.86
12319,68,2021-03-02 16:32:00,10.1,2.02
12320,12,2021-03-02 17:15:00,63.8,12.76
12321,7,2021-03-02 17:41:00,5.6,1.12
12322,1,2021-03-02 18:10:00,234.6,46.92
12323,1,2021-03-02 18:30:00,2.1,0.42
12324,14,2021-03-02 19:00:00,21.2,4.24
12325,9,2021-03-02 19:28:00,13.2,2.64
12326,9,2021-03-02 20:00:00,35.0,7.0
12327,14,2021-03-02 20:00:00,50.5,10.1
12328,1,2021-03-02 20:56:00,18.6,3.72
12329,6,2021-03-02 21:34:00,17.2,3.44
12330,1,2021-03-02 22:16:00,15.6,3.12
12331,9,2021-03-03 10:44:00,68.0,13.6
12332,0,2021-03-03 10:54:00,2.1,0.42
12333,2,2021-03-03 11:42:00,2.4,0.48
12334,10,2021-03-03 12:21:00,47.7,9.54
12335,2,2021-03-03 12:50:00,48.5,9.7
12336,68,2021-03-03 13:35:00,57.5,11.5
12337,12,2021-03-03 13:39:00,127.5,25.5
12338,68,2021-03-03 14:36:00,61.5,12.3
12339,12,2021-03-03 14:40:00,267.7,53.54
12340,13,2021-03-03 15:36:00,23.9,4.78
12341,6,2021-03-03 16:07:00,32.7,6.54
12342,14,2021-03-03 16:34:00,175.6,35.12
12343,5,2021-03-03 17:32:00,26.0,5.2
12344,7,2021-03-03 17:49:00,46.4,9.28
12345,0,2021-03-03 18:22:00,12.2,2.44
12346,8,2021-03-03 19:03:00,52.0,10.4
12347,3,2021-03-03 19:12:00,30.2,6.04
12348,13,2021-03-03 20:03:00,2.6,0.52
12349,1,2021-03-03 20:39:00,132.3,26.46
12350,1,2021-03-03 21:15:00,25.8,5.16
12351,4,2021-03-03 21:37:00,14.1,2.82
12352,2,2021-03-03 21:54:00,8.5,1.7
12353,68,2021-03-03 22:15:00,48.3,9.66
12354,68,2021-03-04 10:46:00,14.3,2.86
12355,1,2021-03-04 11:20:00,12.5,2.5
12356,4,2021-03-04 11:30:00,22.0,4.4
12357,10,2021-03-04 11:43:00,114.6,22.92
12358,7,2021-03-04 11:52:00,10.6,2.12
12359,8,2021-03-04 11:55:00,11.7,2.34
12360,7,2021-03-04 12:00:00,11.4,2.28
12361,0,2021-03-04 12:13:00,2.4,0.48
12362,5,2021-03-04 12:24:00,11.0,2.2
12363,0,2021-03-04 13:08:00,13.2,2.64
12364,67,2021-03-04 14:01:00,19.4,3.88
12365,13,2021-03-04 14:26:00,72.0,14.4
12366,4,2021-03-04 14:58:00,35.4,7.08
12367,12,2021-03-04 15:50:00,23.7,4.74
12368,6,2021-03-04 16:48:00,201.8,40.36
12369,1,2021-03-04 17:48:00,166.8,33.36
12370,3,2021-03-04 18:43:00,45.5,9.1
12371,3,2021-03-04 19:00:00,121.9,24.38
12372,4,2021-03-04 19:49:00,28.5,5.7
12373,6,2021-03-04 20:25:00,62.6,12.52
12374,8,2021-03-04 20:40:00,160.9,32.18
12375,8,2021-03-04 21:18:00,26.8,5.36
12376,5,2021-03-04 21:40:00,43.4,8.68
12377,68,2021-03-04 22:28:00,18.5,3.7
12378,2,2021-03-04 22:57:00,5.2,1.04
12379,7,2021-03-05 10:25:00,319.4,63.88
12380,4,2021-03-05 10:55:00,10.1,2.02
12381,4,2021-03-05 11:09:00,53.5,10.7
12382,13,2021-03-05 12:08:00,129.5,25.9
12383,2,2021-03-05 12:29:00,139.4,27.88
12384,67,2021-03-05 12:56:00,45.7,9.14
12385,12,2021-03-05 13:10:00,8.5,1.7
12386,5,2021-03-05 13:14:00,20.2,4.04
12387,3,2021-03-05 14:08:00,27.8,5.56
12388,0,2021-03-05 14:40:00,10.0,2.0
12389,10,2021-03-05 15:37:00,2.1,0.42
12390,1,2021-03-05 15:45:00,46.4,9.28
12391,13,2021-03-05 16:01:00,137.7,27.54
12392,67,2021-03-05 16:28:00,18.4,3.68
12393,6,2021-03-05 16:37:00,160.0,32.0
12394,67,2021-03-05 16:55:00,121.4,24.28
12395,10,2021-03-05 17:31:00,19.1,3.82
12396,9,2021-03-05 18:14:00,18.1,3.62
12397,8,2021-03-05 18:18:00,48.6,9.72
12398,1,2021-03-05 18:22:00,151.5,30.3
12399,6,2021-03-05 19:15:00,332.0,66.4
12400,10,2021-03-05 19:50:00,75.3,15.06
12401,1,2021-03-05 20:49:00,55.6,11.12
12402,1,2021-03-05 20:58:00,16.5,3.3
12403,67,2021-03-05 21:46:00,139.3,27.86
12404,3,2021-03-05 22:01:00,119.8,23.96
12405,2,2021-03-05 22:43:00,2.1,0.42
12406,2,2021-03-06 10:24:00,173.7,34.74
12407,6,2021-03-06 10:48:00,2.4,0.48
12408,68,2021-03-06 10:58:00,20.5,4.1
12409,0,2021-03-06 11:12:00,6.7,1.34
12410,6,2021-03-06 11:12:00,28.9,5.78
12411,5,2021-03-06 11:39:00,58.3,11.66
12412,5,2021-03-06 11:47:00,2.4,0.48
12413,9,2021-03-06 11:54:00,13.8,2.76
12414,5,2021-03-06 12:01:00,110.7,22.14
12415,7,2021-03-06 12:11:00,181.8,36.36
12416,3,2021-03-06 12:33:00,5.4,1.08
12417,9,2021-03-06 12:59:00,224.0,44.8
12418,5,2021-03-06 13:06:00,19.9,3.98
12419,2,2021-03-06 13:12:00,16.1,3.22
12420,1,2021-03-06 13:37:00,114.8,22.96
12421,8,2021-03-06 13:49:00,190.6,38.12
12422,13,2021-03-06 14:04:00,133.7,26.74
12423,68,2021-03-06 14:10:00,4.2,0.84
12424,67,2021-03-06 14:13:00,163.5,32.7
12425,67,2021-03-06 14:24:00,13.8,2.76
12426,7,2021-03-06 14:53:00,166.8,33.36
12427,6,2021-03-06 15:23:00,17.4,3.48
12428,7,2021-03-06 15:50:00,31.8,6.36
12429,9,2021-03-06 16:09:00,11.7,2.34
12430,12,2021-03-06 16:24:00,36.5,7.3
12431,68,2021-03-06 16:53:00,21.9,4.38
12432,1,2021-03-06 17:08:00,10.1,2.02
12433,10,2021-03-06 17:25:00,12.1,2.42
12434,8,2021-03-06 17:30:00,131.8,26.36
12435,8,2021-03-06 17:43:00,15.9,3.18
12436,67,2021-03-06 18:11:00,23.1,4.62
12437,13,2021-03-06 18:12:00,5.4,1.08
12438,13,2021-03-06 18:36:00,163.1,32.62
12439,12,2021-03-06 19:04:00,14.7,2.94
12440,3,2021-03-06 19:23:00,174.8,34.96
12441,5,2021-03-06 19:39:00,53.7,10.74
12442,1,2021-03-06 19:59:00,44.0,8.8
12443,9,2021-03-06 20:01:00,17.1,3.42
12444,8,2021-03-06 20:20:00,10.9,2.18
12445,14,2021-03-06 20:45:00,162.6,32.52
12446,10,2021-03-06 21:00:00,116.5,23.3
12447,13,2021-03-06 21:14:00,38.0,7.6
12448,5,2021-03-06 21:18:00,71.2,14.24
12449,67,2021-03-06 21:34:00,20.2,4.04
12450,14,2021-03-06 21:58:00,4.5,0.9
12451,10,2021-03-06 22:07:00,30.7,6.14
12452,68,2021-03-06 22:23:00,154.5,30.9
12453,6,2021-03-06 22:31:00,65.9,13.18
12454,10,2021-03-06 22:48:00,24.6,4.92
12455,14,2021-03-07 11:29:00,18.6,3.72
12456,2,2021-03-07 12:29:00,10.9,2.18
12457,12,2021-03-07 12:29:00,24.8,4.96
12458,7,2021-03-07 12:34:00,157.7,31.54
12459,5,2021-03-07 12:47:00,54.8,10.96
12460,68,2021-03-07 13:34:00,42.4,8.48
12461,5,2021-03-07 13:51:00,239.5,47.9
12462,13,2021-03-07 14:11:00,23.9,4.78
12463,12,2021-03-07 14:15:00,25.8,5.16
12464,1,2021-03-07 14:39:00,10.9,2.18
12465,3,2021-03-07 14:47:00,4.5,0.9
12466,12,2021-03-07 14:58:00,116.3,23.26
12467,5,2021-03-07 15:42:00,100.6,20.12
12468,14,2021-03-07 16:39:00,18.8,3.76
12469,7,2021-03-07 17:02:00,28.7,5.74
12470,67,2021-03-07 18:02:00,15.1,3.02
12471,68,2021-03-07 18:21:00,38.7,7.74
12472,9,2021-03-07 18:35:00,245.7,49.14
12473,9,2021-03-07 19:31:00,10.9,2.18
12474,12,2021-03-07 20:10:00,258.4,51.68
12475,10,2021-03-07 20:35:00,112.2,22.44
12476,3,2021-03-07 21:15:00,19.5,3.9
12477,13,2021-03-07 22:05:00,16.4,3.28
12478,12,2021-03-07 22:47:00,20.2,4.04
12479,4,2021-03-08 10:44:00,15.9,3.18
12480,9,2021-03-08 11:41:00,49.6,9.92
12481,9,2021-03-08 12:19:00,127.6,25.52
12482,0,2021-03-08 13:02:00,24.1,4.82
12483,9,2021-03-08 13:30:00,113.1,22.62
12484,1,2021-03-08 13:47:00,30.3,6.06
12485,13,2021-03-08 14:16:00,123.4,24.68
12486,14,2021-03-08 14:29:00,130.9,26.18
12487,3,2021-03-08 15:22:00,54.5,10.9
12488,7,2021-03-08 15:26:00,70.3,14.06
12489,12,2021-03-08 15:54:00,178.6,35.72
12490,2,2021-03-08 16:34:00,25.7,5.14
12491,12,2021-03-08 16:51:00,22.9,4.58
12492,67,2021-03-08 17:42:00,162.4,32.48
12493,6,2021-03-08 18:24:00,2.4,0.48
12494,14,2021-03-08 19:24:00,9.1,1.82
12495,1,2021-03-08 19:32:00,17.0,3.4
12496,12,2021-03-08 19:39:00,189.5,37.9
12497,1,2021-03-08 20:34:00,270.0,54.0
12498,10,2021-03-08 21:18:00,135.9,27.18
12499,8,2021-03-08 21:43:00,70.2,14.04
12500,4,2021-03-08 22:01:00,10.1,2.02
12501,68,2021-03-08 22:56:00,2.4,0.48
12502,12,2021-03-09 10:49:00,4.6,0.92
12503,67,2021-03-09 11:28:00,48.8,9.76
12504,68,2021-03-09 12:14:00,28.8,5.76
12505,7,2021-03-09 12:51:00,70.5,14.1
12506,10,2021-03-09 13:33:00,18.8,3.76
12507,12,2021-03-09 14:04:00,44.0,8.8
12508,3,2021-03-09 14:36:00,124.9,24.98
12509,5,2021-03-09 14:47:00,21.0,4.2
12510,4,2021-03-09 15:08:00,10.0,2.0
12511,67,2021-03-09 16:01:00,21.7,4.34
12512,6,2021-03-09 16:19:00,114.6,22.92
12513,8,2021-03-09 17:13:00,130.1,26.02
12514,1,2021-03-09 17:20:00,29.8,5.96
12515,12,2021-03-09 17:24:00,24.4,4.88
12516,9,2021-03-09 18:09:00,29.0,5.8
12517,9,2021-03-09 18:24:00,12.7,2.54
12518,6,2021-03-09 18:39:00,24.9,4.98
12519,2,2021-03-09 19:25:00,11.7,2.34
12520,12,2021-03-09 19:41:00,24.6,4.92
12521,8,2021-03-09 20:19:00,133.5,26.7
12522,68,2021-03-09 20:57:00,105.5,21.1
12523,1,2021-03-09 21:44:00,144.5,28.9
12524,3,2021-03-09 21:57:00,17.1,3.42
12525,5,2021-03-09 22:19:00,65.9,13.18
12526,7,2021-03-09 22:40:00,18.2,3.64
12527,68,2021-03-10 10:30:00,7.1,1.42
12528,8,2021-03-10 11:11:00,170.2,34.04
12529,2,2021-03-10 11:34:00,28.7,5.74
12530,14,2021-03-10 12:23:00,32.7,6.54
12531,14,2021-03-10 12:42:00,8.5,1.7
12532,14,2021-03-10 13:41:00,11.4,2.28
12533,0,2021-03-10 14:41:00,62.5,12.5
12534,14,2021-03-10 15:12:00,55.6,11.12
12535,12,2021-03-10 15:36:00,12.2,2.44
12536,3,2021-03-10 16:30:00,23.1,4.62
12537,5,2021-03-10 16:34:00,13.8,2.76
12538,5,2021-03-10 16:57:00,12.7,2.54
12539,12,2021-03-10 17:47:00,4.5,0.9
12540,0,2021-03-10 18:08:00,21.8,4.36
12541,8,2021-03-10 18:49:00,14.6,2.92
12542,1,2021-03-10 19:16:00,27.1,5.42
12543,3,2021-03-10 19:25:00,359.8,71.96
12544,12,2021-03-10 20:17:00,13.3,2.66
12545,0,2021-03-10 20:24:00,10.6,2.12
12546,14,2021-03-10 20:26:00,124.6,24.92
12547,8,2021-03-10 21:09:00,44.0,8.8
12548,12,2021-03-10 21:12:00,25.5,5.1
12549,0,2021-03-10 21:47:00,26.5,5.3
12550,67,2021-03-10 22:41:00,25.6,5.12
12551,10,2021-03-10 22:50:00,46.1,9.22
12552,10,2021-03-10 22:56:00,4.3,0.86
12553,67,2021-03-11 10:12:00,2.1,0.42
12554,1,2021-03-11 10:14:00,121.5,24.3
12555,0,2021-03-11 10:21:00,2.1,0.42
12556,0,2021-03-11 10:46:00,24.2,4.84
12557,7,2021-03-11 11:34:00,112.2,22.44
12558,3,2021-03-11 11:42:00,37.4,7.48
12559,13,2021-03-11 11:55:00,24.0,4.8
12560,5,2021-03-11 12:54:00,19.7,3.94
12561,3,2021-03-11 13:03:00,12.5,2.5
12562,0,2021-03-11 13:42:00,20.1,4.02
12563,4,2021-03-11 14:33:00,75.9,15.18
12564,4,2021-03-11 15:22:00,47.6,9.52
12565,68,2021-03-11 16:02:00,2.4,0.48
12566,12,2021-03-11 16:16:00,133.9,26.78
12567,68,2021-03-11 16:32:00,11.4,2.28
12568,2,2021-03-11 17:15:00,6.8,1.36
12569,4,2021-03-11 17:18:00,2.4,0.48
12570,5,2021-03-11 17:48:00,29.2,5.84
12571,4,2021-03-11 17:53:00,64.5,12.9
12572,14,2021-03-11 18:00:00,113.3,22.66
12573,2,2021-03-11 18:44:00,53.6,10.72
12574,14,2021-03-11 18:53:00,8.5,1.7
12575,10,2021-03-11 19:50:00,2.1,0.42
12576,5,2021-03-11 20:01:00,12.8,2.56
12577,67,2021-03-11 20:28:00,27.9,5.58
12578,68,2021-03-11 20:53:00,17.4,3.48
12579,3,2021-03-11 21:38:00,133.5,26.7
12580,6,2021-03-11 22:33:00,30.0,6.0
12581,68,2021-03-12 10:55:00,13.2,2.64
12582,8,2021-03-12 11:46:00,28.6,5.72
12583,13,2021-03-12 12:12:00,39.6,7.92
12584,67,2021-03-12 12:35:00,5.6,1.12
12585,7,2021-03-12 12:36:00,64.9,12.98
12586,7,2021-03-12 13:36:00,14.1,2.82
12587,5,2021-03-12 14:18:00,73.5,14.7
12588,0,2021-03-12 14:45:00,11.1,2.22
12589,68,2021-03-12 14:49:00,30.4,6.08
12590,14,2021-03-12 15:30:00,15.9,3.18
12591,67,2021-03-12 16:19:00,173.2,34.64
12592,5,2021-03-12 16:25:00,46.1,9.22
12593,3,2021-03-12 16:56:00,13.9,2.78
12594,0,2021-03-12 17:10:00,21.7,4.34
12595,9,2021-03-12 17:29:00,263.7,52.74
12596,8,2021-03-12 18:10:00,13.0,2.6
12597,3,2021-03-12 18:48:00,57.0,11.4
12598,5,2021-03-12 18:53:00,116.9,23.38
12599,8,2021-03-12 19:33:00,109.6,21.92
12600,7,2021-03-12 20:08:00,21.7,4.34
12601,6,2021-03-12 20:12:00,134.6,26.92
12602,5,2021-03-12 20:12:00,167.9,33.58
12603,6,2021-03-12 20:50:00,100.2,20.04
12604,0,2021-03-12 21:37:00,151.6,30.32
12605,13,2021-03-12 22:16:00,15.4,3.08
12606,67,2021-03-12 22:52:00,45.5,9.1
12607,68,2021-03-12 22:59:00,224.2,44.84
12608,1,2021-03-13 10:01:00,166.8,33.36
12609,8,2021-03-13 10:31:00,9.7,1.94
12610,10,2021-03-13 10:55:00,21.7,4.34
12611,2,2021-03-13 11:06:00,68.3,13.66
12612,13,2021-03-13 11:11:00,18.6,3.72
12613,68,2021-03-13 11:13:00,178.4,35.68
12614,7,2021-03-13 11:19:00,162.3,32.46
12615,4,2021-03-13 11:24:00,2.6,0.52
12616,0,2021-03-13 11:26:00,127.3,25.46
12617,4,2021-03-13 11:34:00,136.8,27.36
12618,10,2021-03-13 11:46:00,41.5,8.3
12619,6,2021-03-13 12:08:00,41.8,8.36
12620,8,2021-03-13 12:20:00,253.1,50.62
12621,13,2021-03-13 12:26:00,16.2,3.24
12622,8,2021-03-13 12:30:00,12.8,2.56
12623,10,2021-03-13 12:46:00,15.3,3.06
12624,3,2021-03-13 13:00:00,71.9,14.38
12625,7,2021-03-13 13:26:00,64.4,12.88
12626,67,2021-03-13 13:38:00,275.4,55.08
12627,3,2021-03-13 13:39:00,137.7,27.54
12628,14,2021-03-13 13:42:00,4.8,0.96
12629,10,2021-03-13 13:42:00,164.6,32.92
12630,68,2021-03-13 13:49:00,4.5,0.9
12631,2,2021-03-13 14:19:00,57.2,11.44
12632,68,2021-03-13 14:37:00,8.5,1.7
12633,1,2021-03-13 14:38:00,32.9,6.58
12634,5,2021-03-13 14:59:00,24.1,4.82
12635,14,2021-03-13 15:29:00,11.7,2.34
12636,68,2021-03-13 15:55:00,8.7,1.74
12637,9,2021-03-13 15:58:00,108.2,21.64
12638,1,2021-03-13 15:59:00,2.4,0.48
12639,6,2021-03-13 16:18:00,2.4,0.48
12640,3,2021-03-13 16:19:00,239.1,47.82
12641,14,2021-03-13 16:26:00,143.0,28.6
12642,6,2021-03-13 16:49:00,23.3,4.66
12643,6,2021-03-13 17:14:00,48.4,9.68
12644,6,2021-03-13 17:43:00,50.0,10.0
12645,67,2021-03-13 17:48:00,133.2,26.64
12646,7,2021-03-13 18:15:00,180.4,36.08
12647,14,2021-03-13 18:32:00,52.4,10.48
12648,6,2021-03-13 18:39:00,42.5,8.5
12649,1,2021-03-13 18:57:00,186.2,37.24
12650,14,2021-03-13 19:23:00,48.6,9.72
12651,8,2021-03-13 19:53:00,17.1,3.42
12652,1,2021-03-13 20:07:00,155.1,31.02
12653,7,2021-03-13 20:08:00,32.7,6.54
12654,7,2021-03-13 20:18:00,41.2,8.24
12655,0,2021-03-13 20:20:00,2.1,0.42
12656,1,2021-03-13 20:40:00,15.5,3.1
12657,4,2021-03-13 20:40:00,2.2,0.44
12658,7,2021-03-13 20:57:00,140.1,28.02
12659,14,2021-03-13 21:25:00,33.2,6.64
12660,5,2021-03-13 21:48:00,8.5,1.7
12661,68,2021-03-13 21:56:00,248.7,49.74
12662,1,2021-03-13 22:02:00,170.9,34.18
12663,2,2021-03-13 22:07:00,25.3,5.06
12664,5,2021-03-13 22:27:00,336.6,67.32
12665,67,2021-03-13 22:30:00,12.9,2.58
12666,8,2021-03-13 22:44:00,18.6,3.72
12667,67,2021-03-14 11:22:00,111.3,22.26
12668,12,2021-03-14 12:14:00,23.2,4.64
12669,68,2021-03-14 13:11:00,133.7,26.74
12670,13,2021-03-14 13:20:00,65.9,13.18
12671,68,2021-03-14 13:43:00,12.2,2.44
12672,4,2021-03-14 13:45:00,110.7,22.14
12673,13,2021-03-14 14:12:00,8.5,1.7
12674,0,2021-03-14 14:57:00,97.0,19.4
12675,1,2021-03-14 14:59:00,17.4,3.48
12676,67,2021-03-14 15:16:00,38.7,7.74
12677,8,2021-03-14 15:53:00,44.0,8.8
12678,0,2021-03-14 16:41:00,141.5,28.3
12679,12,2021-03-14 16:56:00,13.2,2.64
12680,1,2021-03-14 17:00:00,29.0,5.8
12681,0,2021-03-14 17:08:00,66.1,13.22
12682,13,2021-03-14 17:45:00,13.3,2.66
12683,4,2021-03-14 18:37:00,25.5,5.1
12684,1,2021-03-14 19:36:00,37.7,7.54
12685,5,2021-03-14 20:06:00,14.0,2.8
12686,13,2021-03-14 20:11:00,22.1,4.42
12687,8,2021-03-14 20:28:00,399.5,79.9
12688,8,2021-03-14 20:48:00,115.9,23.18
12689,14,2021-03-14 21:48:00,19.1,3.82
12690,68,2021-03-14 22:29:00,4.8,0.96
12691,9,2021-03-15 10:54:00,10.1,2.02
12692,68,2021-03-15 11:11:00,50.4,10.08
12693,12,2021-03-15 12:03:00,145.4,29.08
12694,68,2021-03-15 12:25:00,2.2,0.44
12695,8,2021-03-15 13:20:00,145.6,29.12
12696,6,2021-03-15 14:13:00,13.2,2.64
12697,12,2021-03-15 15:02:00,107.5,21.5
12698,14,2021-03-15 15:39:00,5.4,1.08
12699,14,2021-03-15 16:31:00,15.4,3.08
12700,68,2021-03-15 16:54:00,19.1,3.82
12701,5,2021-03-15 17:48:00,2.4,0.48
12702,0,2021-03-15 18:39:00,129.0,25.8
12703,68,2021-03-15 19:31:00,104.5,20.9
12704,6,2021-03-15 20:14:00,18.4,3.68
12705,3,2021-03-15 21:07:00,13.8,2.76
12706,1,2021-03-15 21:45:00,44.0,8.8
12707,0,2021-03-15 22:08:00,164.8,32.96
12708,7,2021-03-15 22:25:00,2.1,0.42
12709,5,2021-03-16 10:47:00,8.5,1.7
12710,6,2021-03-16 11:30:00,74.1,14.82
12711,1,2021-03-16 11:43:00,65.0,13.0
12712,6,2021-03-16 12:22:00,47.9,9.58
12713,2,2021-03-16 12:51:00,110.5,22.1
12714,1,2021-03-16 13:31:00,14.6,2.92
12715,68,2021-03-16 14:13:00,162.1,32.42
12716,12,2021-03-16 14:44:00,101.2,20.24
12717,7,2021-03-16 15:21:00,143.0,28.6
12718,9,2021-03-16 15:45:00,4.6,0.92
12719,5,2021-03-16 16:11:00,222.0,44.4
12720,5,2021-03-16 16:25:00,5.2,1.04
12721,12,2021-03-16 17:10:00,211.1,42.22
12722,3,2021-03-16 17:34:00,23.6,4.72
12723,12,2021-03-16 17:43:00,5.6,1.12
12724,3,2021-03-16 17:48:00,128.3,25.66
12725,2,2021-03-16 17:50:00,58.6,11.72
12726,5,2021-03-16 18:26:00,11.4,2.28
12727,0,2021-03-16 19:10:00,14.2,2.84
12728,13,2021-03-16 19:56:00,10.9,2.18
12729,9,2021-03-16 20:04:00,31.5,6.3
12730,67,2021-03-16 20:34:00,11.7,2.34
12731,4,2021-03-16 20:57:00,61.7,12.34
12732,8,2021-03-16 21:45:00,280.9,56.18
12733,1,2021-03-16 21:59:00,57.2,11.44
12734,10,2021-03-16 22:15:00,11.4,2.28
12735,1,2021-03-16 22:57:00,44.0,8.8
12736,13,2021-03-17 10:49:00,8.7,1.74
12737,7,2021-03-17 11:27:00,35.3,7.06
12738,68,2021-03-17 11:40:00,177.2,35.44
12739,14,2021-03-17 11:51:00,30.4,6.08
12740,10,2021-03-17 11:56:00,4.8,0.96
12741,2,2021-03-17 12:29:00,10.6,2.12
12742,14,2021-03-17 12:40:00,117.5,23.5
12743,14,2021-03-17 12:54:00,47.5,9.5
12744,5,2021-03-17 13:49:00,8.5,1.7
12745,4,2021-03-17 14:18:00,168.6,33.72
12746,4,2021-03-17 14:56:00,13.9,2.78
12747,6,2021-03-17 15:20:00,2.4,0.48
12748,2,2021-03-17 16:18:00,2.1,0.42
12749,3,2021-03-17 16:38:00,146.9,29.38
12750,9,2021-03-17 17:18:00,13.0,2.6
12751,7,2021-03-17 17:48:00,2.6,0.52
12752,13,2021-03-17 18:34:00,8.8,1.76
12753,9,2021-03-17 19:12:00,10.1,2.02
12754,68,2021-03-17 19:54:00,236.7,47.34
12755,2,2021-03-17 20:49:00,22.5,4.5
12756,4,2021-03-17 21:16:00,14.3,2.86
12757,7,2021-03-17 22:06:00,176.4,35.28
12758,7,2021-03-17 22:09:00,10.9,2.18
12759,5,2021-03-17 22:56:00,8.5,1.7
12760,6,2021-03-18 10:49:00,13.5,2.7
12761,14,2021-03-18 11:45:00,78.3,15.66
12762,12,2021-03-18 12:23:00,163.5,32.7
12763,4,2021-03-18 12:45:00,2.1,0.42
12764,67,2021-03-18 13:17:00,6.6,1.32
12765,5,2021-03-18 13:17:00,22.6,4.52
12766,67,2021-03-18 13:50:00,26.7,5.34
12767,7,2021-03-18 14:24:00,66.0,13.2
12768,12,2021-03-18 14:55:00,188.5,37.7
12769,2,2021-03-18 15:33:00,24.6,4.92
12770,1,2021-03-18 15:58:00,2.4,0.48
12771,3,2021-03-18 16:00:00,10.9,2.18
12772,10,2021-03-18 16:55:00,18.6,3.72
12773,3,2021-03-18 17:32:00,21.7,4.34
12774,5,2021-03-18 18:04:00,89.1,17.82
12775,13,2021-03-18 18:41:00,20.2,4.04
12776,10,2021-03-18 18:46:00,159.2,31.84
12777,8,2021-03-18 19:32:00,141.8,28.36
12778,8,2021-03-18 19:41:00,135.4,27.08
12779,13,2021-03-18 19:54:00,332.4,66.48
12780,2,2021-03-18 20:08:00,17.2,3.44
12781,6,2021-03-18 20:59:00,226.7,45.34
12782,12,2021-03-18 21:36:00,24.4,4.88
12783,12,2021-03-18 21:52:00,23.4,4.68
12784,3,2021-03-18 21:54:00,63.9,12.78
12785,13,2021-03-18 22:21:00,60.9,12.18
12786,4,2021-03-19 10:52:00,103.2,20.64
12787,68,2021-03-19 10:53:00,10.1,2.02
12788,3,2021-03-19 11:47:00,154.7,30.94
12789,5,2021-03-19 12:02:00,226.2,45.24
12790,4,2021-03-19 12:31:00,46.1,9.22
12791,4,2021-03-19 12:52:00,4.5,0.9
12792,1,2021-03-19 13:12:00,23.1,4.62
12793,6,2021-03-19 13:38:00,33.3,6.66
12794,1,2021-03-19 14:26:00,28.9,5.78
12795,4,2021-03-19 14:26:00,144.5,28.9
12796,1,2021-03-19 14:36:00,15.5,3.1
12797,4,2021-03-19 15:35:00,4.8,0.96
12798,4,2021-03-19 15:40:00,135.9,27.18
12799,8,2021-03-19 16:28:00,45.5,9.1
12800,0,2021-03-19 16:52:00,12.9,2.58
12801,9,2021-03-19 17:11:00,123.9,24.78
12802,1,2021-03-19 17:15:00,21.2,4.24
12803,9,2021-03-19 17:26:00,19.6,3.92
12804,9,2021-03-19 17:28:00,8.7,1.74
12805,13,2021-03-19 18:09:00,74.3,14.86
12806,8,2021-03-19 18:42:00,40.8,8.16
12807,8,2021-03-19 19:24:00,16.9,3.38
12808,6,2021-03-19 19:46:00,30.3,6.06
12809,13,2021-03-19 20:13:00,30.7,6.14
12810,13,2021-03-19 20:34:00,26.1,5.22
12811,8,2021-03-19 21:12:00,24.2,4.84
12812,9,2021-03-19 22:06:00,54.9,10.98
12813,4,2021-03-19 22:26:00,66.7,13.34
12814,4,2021-03-20 10:46:00,15.6,3.12
12815,68,2021-03-20 11:03:00,121.5,24.3
12816,13,2021-03-20 11:05:00,26.6,5.32
12817,10,2021-03-20 11:31:00,24.7,4.94
12818,5,2021-03-20 11:33:00,12.3,2.46
12819,10,2021-03-20 11:51:00,20.0,4.0
12820,12,2021-03-20 11:58:00,2.2,0.44
12821,1,2021-03-20 11:58:00,13.9,2.78
12822,3,2021-03-20 12:10:00,2.6,0.52
12823,2,2021-03-20 12:15:00,169.8,33.96
12824,5,2021-03-20 12:34:00,4.7,0.94
12825,2,2021-03-20 12:39:00,24.7,4.94
12826,5,2021-03-20 13:09:00,23.3,4.66
12827,10,2021-03-20 13:17:00,16.9,3.38
12828,6,2021-03-20 13:37:00,30.8,6.16
12829,7,2021-03-20 13:40:00,10.1,2.02
12830,8,2021-03-20 13:43:00,22.4,4.48
12831,13,2021-03-20 14:12:00,27.3,5.46
12832,10,2021-03-20 14:15:00,8.5,1.7
12833,0,2021-03-20 14:18:00,2.1,0.42
12834,10,2021-03-20 14:27:00,164.4,32.88
12835,13,2021-03-20 14:57:00,2.6,0.52
12836,2,2021-03-20 15:16:00,161.5,32.3
12837,4,2021-03-20 15:26:00,26.4,5.28
12838,3,2021-03-20 15:36:00,13.5,2.7
12839,6,2021-03-20 16:03:00,41.3,8.26
12840,14,2021-03-20 16:25:00,4.6,0.92
12841,7,2021-03-20 16:41:00,57.8,11.56
12842,1,2021-03-20 17:05:00,47.9,9.58
12843,4,2021-03-20 17:13:00,2.1,0.42
12844,1,2021-03-20 17:43:00,61.3,12.26
12845,0,2021-03-20 17:51:00,47.0,9.4
12846,9,2021-03-20 17:52:00,2.4,0.48
12847,13,2021-03-20 17:52:00,14.1,2.82
12848,0,2021-03-20 18:14:00,11.6,2.32
12849,8,2021-03-20 18:15:00,151.8,30.36
12850,14,2021-03-20 18:42:00,7.1,1.42
12851,5,2021-03-20 19:05:00,167.8,33.56
12852,5,2021-03-20 19:19:00,6.9,1.38
12853,14,2021-03-20 19:35:00,14.3,2.86
12854,0,2021-03-20 19:54:00,15.9,3.18
12855,8,2021-03-20 20:14:00,4.8,0.96
12856,67,2021-03-20 20:24:00,38.4,7.68
12857,6,2021-03-20 20:37:00,34.2,6.84
12858,1,2021-03-20 20:55:00,156.2,31.24
12859,12,2021-03-20 21:20:00,198.6,39.72
12860,3,2021-03-20 21:47:00,136.3,27.26
12861,7,2021-03-20 22:16:00,158.4,31.68
12862,1,2021-03-20 22:28:00,171.7,34.34
12863,9,2021-03-20 22:58:00,24.9,4.98
12864,68,2021-03-21 11:04:00,81.2,16.24
12865,0,2021-03-21 11:34:00,141.4,28.28
12866,12,2021-03-21 11:38:00,32.5,6.5
12867,5,2021-03-21 12:10:00,55.0,11.0
12868,13,2021-03-21 12:24:00,12.2,2.44
12869,0,2021-03-21 13:24:00,13.1,2.62
12870,6,2021-03-21 14:17:00,56.9,11.38
12871,3,2021-03-21 15:04:00,148.1,29.62
12872,3,2021-03-21 15:47:00,130.0,26.0
12873,5,2021-03-21 16:34:00,7.4,1.48
12874,5,2021-03-21 17:09:00,176.9,35.38
12875,68,2021-03-21 17:31:00,8.5,1.7
12876,8,2021-03-21 17:43:00,17.1,3.42
12877,5,2021-03-21 18:03:00,67.3,13.46
12878,5,2021-03-21 18:04:00,12.2,2.44
12879,1,2021-03-21 19:04:00,32.4,6.48
12880,10,2021-03-21 19:15:00,19.9,3.98
12881,3,2021-03-21 20:01:00,56.6,11.32
12882,9,2021-03-21 20:16:00,4.3,0.86
12883,4,2021-03-21 20:55:00,67.2,13.44
12884,7,2021-03-21 21:01:00,18.1,3.62
12885,7,2021-03-21 21:58:00,110.7,22.14
12886,3,2021-03-21 22:51:00,17.0,3.4
12887,5,2021-03-22 10:12:00,8.5,1.7
12888,67,2021-03-22 10:49:00,22.3,4.46
12889,2,2021-03-22 10:51:00,2.4,0.48
12890,4,2021-03-22 11:11:00,134.2,26.84
12891,68,2021-03-22 11:25:00,76.6,15.32
12892,3,2021-03-22 12:10:00,20.1,4.02
12893,8,2021-03-22 12:46:00,114.3,22.86
12894,12,2021-03-22 13:36:00,134.0,26.8
12895,6,2021-03-22 14:31:00,32.3,6.46
12896,8,2021-03-22 15:25:00,6.9,1.38
12897,1,2021-03-22 15:50:00,15.6,3.12
12898,3,2021-03-22 16:39:00,135.7,27.14
12899,3,2021-03-22 16:57:00,8.8,1.76
12900,5,2021-03-22 17:34:00,13.8,2.76
12901,7,2021-03-22 18:26:00,27.7,5.54
12902,8,2021-03-22 19:24:00,17.5,3.5
12903,68,2021-03-22 20:18:00,122.6,24.52
12904,6,2021-03-22 20:26:00,4.5,0.9
12905,67,2021-03-22 20:48:00,29.0,5.8
12906,68,2021-03-22 21:18:00,122.4,24.48
12907,1,2021-03-22 21:19:00,266.2,53.24
12908,13,2021-03-22 21:22:00,2.1,0.42
12909,13,2021-03-22 22:13:00,133.9,26.78
12910,13,2021-03-22 22:42:00,138.1,27.62
12911,6,2021-03-23 10:46:00,25.2,5.04
12912,6,2021-03-23 11:36:00,59.3,11.86
12913,1,2021-03-23 11:47:00,7.2,1.44
12914,8,2021-03-23 12:33:00,112.2,22.44
12915,9,2021-03-23 13:23:00,13.9,2.78
12916,14,2021-03-23 13:33:00,19.9,3.98
12917,13,2021-03-23 14:31:00,54.1,10.82
12918,8,2021-03-23 14:34:00,144.5,28.9
12919,1,2021-03-23 15:02:00,11.9,2.38
12920,68,2021-03-23 15:53:00,123.9,24.78
12921,4,2021-03-23 16:19:00,13.2,2.64
12922,3,2021-03-23 17:06:00,166.0,33.2
12923,13,2021-03-23 17:17:00,66.4,13.28
12924,4,2021-03-23 17:19:00,7.2,1.44
12925,4,2021-03-23 17:20:00,10.0,2.0
12926,5,2021-03-23 17:43:00,23.2,4.64
12927,5,2021-03-23 17:55:00,48.2,9.64
12928,10,2021-03-23 18:47:00,7.6,1.52
12929,0,2021-03-23 19:19:00,13.8,2.76
12930,7,2021-03-23 20:05:00,90.4,18.08
12931,14,2021-03-23 20:52:00,177.3,35.46
12932,6,2021-03-23 20:57:00,63.7,12.74
12933,10,2021-03-23 21:55:00,25.2,5.04
12934,7,2021-03-23 22:30:00,131.1,26.22
12935,5,2021-03-23 22:56:00,119.2,23.84
12936,67,2021-03-24 10:59:00,23.3,4.66
12937,4,2021-03-24 11:08:00,59.5,11.9
12938,68,2021-03-24 11:12:00,255.9,51.18
12939,13,2021-03-24 11:45:00,70.1,14.02
12940,7,2021-03-24 12:39:00,173.4,34.68
12941,1,2021-03-24 13:33:00,14.1,2.82
12942,10,2021-03-24 14:25:00,65.6,13.12
12943,67,2021-03-24 15:20:00,100.1,20.02
12944,68,2021-03-24 15:32:00,2.4,0.48
12945,6,2021-03-24 15:47:00,13.3,2.66
12946,67,2021-03-24 16:18:00,27.7,5.54
12947,14,2021-03-24 17:11:00,22.5,4.5
12948,5,2021-03-24 18:02:00,57.7,11.54
12949,5,2021-03-24 18:15:00,17.0,3.4
12950,0,2021-03-24 18:24:00,11.7,2.34
12951,1,2021-03-24 19:09:00,46.4,9.28
12952,1,2021-03-24 19:10:00,75.1,15.02
12953,9,2021-03-24 19:51:00,171.9,34.38
12954,10,2021-03-24 20:50:00,24.1,4.82
12955,14,2021-03-24 21:22:00,10.1,2.02
12956,67,2021-03-24 21:48:00,103.7,20.74
12957,13,2021-03-24 21:48:00,33.6,6.72
12958,8,2021-03-24 21:53:00,115.2,23.04
12959,9,2021-03-24 22:33:00,36.5,7.3
12960,3,2021-03-25 10:33:00,27.6,5.52
12961,67,2021-03-25 10:35:00,54.0,10.8
12962,3,2021-03-25 10:59:00,18.6,3.72
12963,3,2021-03-25 11:40:00,14.1,2.82
12964,7,2021-03-25 12:25:00,108.7,21.74
12965,10,2021-03-25 13:01:00,8.7,1.74
12966,12,2021-03-25 13:25:00,48.5,9.7
12967,7,2021-03-25 14:07:00,249.8,49.96
12968,1,2021-03-25 14:45:00,21.7,4.34
12969,5,2021-03-25 15:16:00,115.1,23.02
12970,5,2021-03-25 16:12:00,67.1,13.42
12971,0,2021-03-25 16:57:00,57.2,11.44
12972,3,2021-03-25 17:24:00,13.2,2.64
12973,8,2021-03-25 18:18:00,26.6,5.32
12974,3,2021-03-25 18:53:00,111.3,22.26
12975,68,2021-03-25 18:59:00,48.8,9.76
12976,8,2021-03-25 19:10:00,8.7,1.74
12977,7,2021-03-25 19:48:00,8.5,1.7
12978,14,2021-03-25 19:59:00,115.9,23.18
12979,6,2021-03-25 20:33:00,67.1,13.42
12980,3,2021-03-25 21:11:00,19.4,3.88
12981,13,2021-03-25 21:11:00,234.2,46.84
12982,0,2021-03-25 21:13:00,48.5,9.7
12983,10,2021-03-25 22:01:00,41.9,8.38
12984,9,2021-03-25 22:08:00,60.9,12.18
12985,6,2021-03-25 22:42:00,107.7,21.54
12986,2,2021-03-26 10:30:00,56.6,11.32
12987,4,2021-03-26 10:39:00,20.6,4.12
12988,6,2021-03-26 11:35:00,115.2,23.04
12989,10,2021-03-26 11:51:00,102.7,20.54
12990,5,2021-03-26 11:54:00,61.5,12.3
12991,4,2021-03-26 12:21:00,18.3,3.66
12992,10,2021-03-26 12:21:00,50.0,10.0
12993,5,2021-03-26 12:41:00,101.3,20.26
12994,68,2021-03-26 13:00:00,154.7,30.94
12995,10,2021-03-26 13:40:00,13.8,2.76
12996,3,2021-03-26 14:40:00,109.9,21.98
12997,0,2021-03-26 14:44:00,70.0,14.0
12998,1,2021-03-26 15:25:00,12.2,2.44
12999,12,2021-03-26 16:01:00,21.5,4.3
13000,12,2021-03-26 16:28:00,14.1,2.82
13001,6,2021-03-26 16:57:00,61.7,12.34
13002,6,2021-03-26 17:27:00,71.2,14.24
13003,14,2021-03-26 17:43:00,111.5,22.3
13004,1,2021-03-26 18:24:00,135.0,27.0
13005,10,2021-03-26 19:11:00,71.6,14.32
13006,68,2021-03-26 19:51:00,109.1,21.82
13007,4,2021-03-26 20:18:00,351.7,70.34
13008,9,2021-03-26 20:54:00,70.9,14.18
13009,13,2021-03-26 21:03:00,19.9,3.98
13010,7,2021-03-26 21:31:00,134.7,26.94
13011,12,2021-03-26 22:08:00,145.4,29.08
13012,10,2021-03-26 22:14:00,22.1,4.42
13013,10,2021-03-26 22:44:00,33.3,6.66
13014,67,2021-03-26 22:44:00,46.4,9.28
13015,4,2021-03-27 10:30:00,200.8,40.16
13016,67,2021-03-27 10:50:00,125.3,25.06
13017,6,2021-03-27 11:09:00,16.3,3.26
13018,3,2021-03-27 11:20:00,227.1,45.42
13019,3,2021-03-27 11:45:00,170.8,34.16
13020,0,2021-03-27 11:46:00,130.9,26.18
13021,9,2021-03-27 12:08:00,137.1,27.42
13022,6,2021-03-27 12:17:00,38.8,7.76
13023,2,2021-03-27 12:40:00,17.8,3.56
13024,13,2021-03-27 12:53:00,10.9,2.18
13025,67,2021-03-27 12:55:00,46.4,9.28
13026,6,2021-03-27 12:57:00,58.9,11.78
13027,5,2021-03-27 13:14:00,12.5,2.5
13028,8,2021-03-27 13:15:00,10.9,2.18
13029,13,2021-03-27 13:27:00,23.8,4.76
13030,3,2021-03-27 13:29:00,21.7,4.34
13031,9,2021-03-27 13:55:00,2.1,0.42
13032,14,2021-03-27 14:11:00,184.0,36.8
13033,67,2021-03-27 14:19:00,26.3,5.26
13034,2,2021-03-27 14:32:00,14.8,2.96
13035,0,2021-03-27 14:34:00,72.6,14.52
13036,0,2021-03-27 15:04:00,91.7,18.34
13037,2,2021-03-27 15:25:00,114.9,22.98
13038,2,2021-03-27 15:26:00,16.2,3.24
13039,12,2021-03-27 15:49:00,7.5,1.5
13040,5,2021-03-27 15:51:00,113.5,22.7
13041,0,2021-03-27 16:19:00,54.5,10.9
13042,13,2021-03-27 16:48:00,51.8,10.36
13043,7,2021-03-27 16:56:00,48.5,9.7
13044,6,2021-03-27 17:11:00,23.3,4.66
13045,67,2021-03-27 17:17:00,2.4,0.48
13046,3,2021-03-27 17:17:00,4.6,0.92
13047,7,2021-03-27 17:21:00,166.6,33.32
13048,7,2021-03-27 17:47:00,16.1,3.22
13049,67,2021-03-27 18:14:00,63.3,12.66
13050,68,2021-03-27 18:35:00,60.2,12.04
13051,1,2021-03-27 18:37:00,6.7,1.34
13052,67,2021-03-27 18:57:00,175.3,35.06
13053,8,2021-03-27 19:19:00,199.2,39.84
13054,3,2021-03-27 19:24:00,2.1,0.42
13055,9,2021-03-27 19:47:00,51.8,10.36
13056,5,2021-03-27 20:02:00,54.2,10.84
13057,67,2021-03-27 20:31:00,126.0,25.2
13058,14,2021-03-27 20:39:00,71.6,14.32
13059,68,2021-03-27 20:42:00,4.3,0.86
13060,9,2021-03-27 20:43:00,2.1,0.42
13061,7,2021-03-27 21:07:00,42.3,8.46
13062,14,2021-03-27 21:20:00,5.4,1.08
13063,9,2021-03-27 21:33:00,10.0,2.0
13064,9,2021-03-27 21:58:00,16.2,3.24
13065,68,2021-03-27 22:19:00,6.9,1.38
13066,5,2021-03-27 22:34:00,12.9,2.58
13067,0,2021-03-27 22:48:00,2.6,0.52
13068,68,2021-03-28 11:22:00,32.9,6.58
13069,0,2021-03-28 11:52:00,142.5,28.5
13070,8,2021-03-28 12:16:00,110.7,22.14
13071,7,2021-03-28 13:07:00,2.1,0.42
13072,0,2021-03-28 13:36:00,179.0,35.8
13073,9,2021-03-28 13:51:00,17.6,3.52
13074,6,2021-03-28 13:51:00,143.5,28.7
13075,6,2021-03-28 14:11:00,122.4,24.48
13076,5,2021-03-28 14:42:00,25.2,5.04
13077,14,2021-03-28 15:18:00,44.0,8.8
13078,6,2021-03-28 15:59:00,2.4,0.48
13079,4,2021-03-28 16:20:00,4.5,0.9
13080,8,2021-03-28 17:11:00,10.1,2.02
13081,10,2021-03-28 17:59:00,21.4,4.28
13082,10,2021-03-28 18:15:00,60.0,12.0
13083,1,2021-03-28 18:59:00,8.7,1.74
13084,0,2021-03-28 19:37:00,137.2,27.44
13085,6,2021-03-28 20:25:00,6.3,1.26
13086,3,2021-03-28 20:55:00,74.0,14.8
13087,3,2021-03-28 21:19:00,10.1,2.02
13088,3,2021-03-28 21:36:00,59.6,11.92
13089,8,2021-03-28 21:54:00,2.1,0.42
13090,4,2021-03-28 22:23:00,184.1,36.82
13091,2,2021-03-28 22:42:00,54.9,10.98
13092,67,2021-03-29 10:22:00,116.7,23.34
13093,10,2021-03-29 10:41:00,23.3,4.66
13094,5,2021-03-29 11:00:00,46.1,9.22
13095,1,2021-03-29 11:35:00,23.3,4.66
13096,1,2021-03-29 12:09:00,5.0,1.0
13097,13,2021-03-29 12:13:00,110.5,22.1
13098,13,2021-03-29 12:22:00,164.2,32.84
13099,9,2021-03-29 12:36:00,35.0,7.0
13100,6,2021-03-29 13:26:00,29.4,5.88
13101,5,2021-03-29 14:01:00,68.9,13.78
13102,12,2021-03-29 14:57:00,16.2,3.24
13103,13,2021-03-29 15:21:00,53.0,10.6
13104,3,2021-03-29 15:29:00,17.1,3.42
13105,6,2021-03-29 16:05:00,7.0,1.4
13106,67,2021-03-29 16:11:00,197.1,39.42
13107,0,2021-03-29 16:18:00,4.3,0.86
13108,10,2021-03-29 17:11:00,78.0,15.6
13109,1,2021-03-29 18:02:00,10.6,2.12
13110,5,2021-03-29 18:41:00,14.5,2.9
13111,14,2021-03-29 18:42:00,48.8,9.76
13112,67,2021-03-29 19:21:00,6.9,1.38
13113,7,2021-03-29 19:59:00,50.9,10.18
13114,9,2021-03-29 20:26:00,35.0,7.0
13115,10,2021-03-29 20:51:00,34.2,6.84
13116,5,2021-03-29 21:42:00,64.7,12.94
13117,8,2021-03-29 22:16:00,8.5,1.7
13118,1,2021-03-29 22:24:00,31.7,6.34
13119,68,2021-03-30 10:36:00,73.3,14.66
13120,5,2021-03-30 10:55:00,10.9,2.18
13121,68,2021-03-30 11:24:00,119.7,23.94
13122,1,2021-03-30 11:28:00,39.0,7.8
13123,8,2021-03-30 12:21:00,13.7,2.74
13124,8,2021-03-30 13:14:00,49.1,9.82
13125,6,2021-03-30 13:57:00,52.5,10.5
13126,5,2021-03-30 14:14:00,23.4,4.68
13127,8,2021-03-30 14:35:00,23.8,4.76
13128,68,2021-03-30 14:44:00,109.9,21.98
13129,0,2021-03-30 15:05:00,146.3,29.26
13130,0,2021-03-30 15:36:00,27.6,5.52
13131,5,2021-03-30 15:37:00,27.2,5.44
13132,67,2021-03-30 15:51:00,96.1,19.22
13133,0,2021-03-30 16:44:00,7.5,1.5
13134,4,2021-03-30 17:36:00,4.5,0.9
13135,0,2021-03-30 18:13:00,43.3,8.66
13136,8,2021-03-30 18:51:00,44.0,8.8
13137,67,2021-03-30 19:34:00,68.2,13.64
13138,67,2021-03-30 19:37:00,25.5,5.1
13139,0,2021-03-30 20:15:00,8.5,1.7
13140,2,2021-03-30 21:04:00,16.1,3.22
13141,68,2021-03-30 22:00:00,67.4,13.48
13142,8,2021-03-30 22:32:00,110.7,22.14
13143,14,2021-03-30 22:37:00,4.8,0.96
13144,3,2021-03-31 10:24:00,36.5,7.3
13145,9,2021-03-31 11:20:00,2.2,0.44
13146,5,2021-03-31 11:37:00,21.9,4.38
13147,14,2021-03-31 11:47:00,214.2,42.84
13148,8,2021-03-31 12:07:00,159.3,31.86
13149,7,2021-03-31 12:17:00,232.7,46.54
13150,9,2021-03-31 12:35:00,18.6,3.72
13151,67,2021-03-31 12:54:00,223.7,44.74
13152,67,2021-03-31 13:24:00,38.7,7.74
13153,9,2021-03-31 13:29:00,9.3,1.86
13154,7,2021-03-31 13:40:00,2.1,0.42
13155,3,2021-03-31 14:15:00,2.1,0.42
13156,12,2021-03-31 15:15:00,108.0,21.6
13157,67,2021-03-31 15:54:00,42.4,8.48
13158,2,2021-03-31 16:52:00,125.3,25.06
13159,7,2021-03-31 17:01:00,160.6,32.12
13160,2,2021-03-31 17:46:00,4.8,0.96
13161,10,2021-03-31 18:43:00,53.5,10.7
13162,5,2021-03-31 19:34:00,11.7,2.34
13163,2,2021-03-31 19:46:00,24.2,4.84
13164,1,2021-03-31 19:51:00,110.7,22.14
13165,12,2021-03-31 19:51:00,160.1,32.02
13166,13,2021-03-31 20:23:00,15.2,3.04
13167,0,2021-03-31 21:19:00,71.9,14.38
13168,4,2021-03-31 21:39:00,56.2,11.24
13169,2,2021-03-31 21:54:00,21.7,4.34
13170,10,2021-03-31 22:54:00,73.5,14.7
13171,5,2021-04-01 10:14:00,50.3,10.06
13172,14,2021-04-01 10:24:00,33.7,6.74
13173,1,2021-04-01 11:23:00,2.6,0.52
13174,3,2021-04-01 12:08:00,11.7,2.34
13175,8,2021-04-01 12:47:00,27.6,5.52
13176,6,2021-04-01 13:04:00,2.4,0.48
13177,10,2021-04-01 13:43:00,2.4,0.48
13178,12,2021-04-01 13:52:00,2.6,0.52
13179,4,2021-04-01 13:52:00,4.5,0.9
13180,14,2021-04-01 14:37:00,34.5,6.9
13181,8,2021-04-01 14:38:00,82.7,16.54
13182,7,2021-04-01 14:49:00,4.3,0.86
13183,67,2021-04-01 15:46:00,35.0,7.0
13184,7,2021-04-01 16:30:00,14.1,2.82
13185,10,2021-04-01 16:49:00,109.6,21.92
13186,7,2021-04-01 16:50:00,11.6,2.32
13187,6,2021-04-01 17:31:00,55.1,11.02
13188,13,2021-04-01 17:31:00,11.3,2.26
13189,3,2021-04-01 18:18:00,29.4,5.88
13190,2,2021-04-01 19:01:00,122.3,24.46
13191,4,2021-04-01 19:23:00,46.4,9.28
13192,9,2021-04-01 19:23:00,4.8,0.96
13193,4,2021-04-01 20:22:00,11.7,2.34
13194,0,2021-04-01 20:56:00,24.4,4.88
13195,5,2021-04-01 21:21:00,104.3,20.86
13196,0,2021-04-01 22:18:00,28.8,5.76
13197,4,2021-04-02 10:49:00,56.2,11.24
13198,13,2021-04-02 11:03:00,132.4,26.48
13199,0,2021-04-02 12:03:00,8.7,1.74
13200,2,2021-04-02 12:44:00,22.2,4.44
13201,3,2021-04-02 13:03:00,10.1,2.02
13202,5,2021-04-02 13:49:00,31.1,6.22
13203,13,2021-04-02 13:56:00,2.6,0.52
13204,12,2021-04-02 14:13:00,227.5,45.5
13205,9,2021-04-02 14:59:00,60.2,12.04
13206,0,2021-04-02 15:01:00,25.9,5.18
13207,3,2021-04-02 15:08:00,54.4,10.88
13208,3,2021-04-02 15:32:00,4.6,0.92
13209,9,2021-04-02 16:04:00,35.0,7.0
13210,2,2021-04-02 16:26:00,13.8,2.76
13211,7,2021-04-02 16:58:00,59.5,11.9
13212,67,2021-04-02 17:27:00,2.1,0.42
13213,2,2021-04-02 17:51:00,10.1,2.02
13214,5,2021-04-02 18:41:00,41.5,8.3
13215,2,2021-04-02 19:03:00,114.9,22.98
13216,4,2021-04-02 19:35:00,13.9,2.78
13217,14,2021-04-02 19:51:00,10.0,2.0
13218,68,2021-04-02 20:39:00,25.6,5.12
13219,4,2021-04-02 20:42:00,16.4,3.28
13220,14,2021-04-02 21:30:00,15.6,3.12
13221,4,2021-04-02 22:22:00,175.5,35.1
13222,7,2021-04-02 22:27:00,28.2,5.64
13223,13,2021-04-03 10:56:00,31.8,6.36
13224,3,2021-04-03 11:11:00,276.8,55.36
13225,2,2021-04-03 11:33:00,57.5,11.5
13226,8,2021-04-03 11:53:00,23.4,4.68
13227,3,2021-04-03 12:04:00,8.5,1.7
13228,0,2021-04-03 12:19:00,21.8,4.36
13229,6,2021-04-03 12:34:00,145.1,29.02
13230,0,2021-04-03 12:46:00,21.0,4.2
13231,14,2021-04-03 12:46:00,5.0,1.0
13232,12,2021-04-03 12:48:00,91.9,18.38
13233,1,2021-04-03 13:03:00,14.0,2.8
13234,7,2021-04-03 13:32:00,2.4,0.48
13235,0,2021-04-03 13:46:00,24.0,4.8
13236,0,2021-04-03 14:07:00,2.4,0.48
13237,10,2021-04-03 14:24:00,78.7,15.74
13238,0,2021-04-03 14:33:00,23.7,4.74
13239,1,2021-04-03 14:43:00,10.1,2.02
13240,68,2021-04-03 14:45:00,33.8,6.76
13241,13,2021-04-03 15:04:00,112.6,22.52
13242,14,2021-04-03 15:27:00,55.4,11.08
13243,2,2021-04-03 15:52:00,14.1,2.82
13244,9,2021-04-03 16:11:00,39.6,7.92
13245,3,2021-04-03 16:37:00,117.0,23.4
13246,10,2021-04-03 16:48:00,302.1,60.42
13247,67,2021-04-03 17:07:00,149.0,29.8
13248,68,2021-04-03 17:18:00,13.2,2.64
13249,3,2021-04-03 17:22:00,32.7,6.54
13250,7,2021-04-03 17:32:00,37.1,7.42
13251,0,2021-04-03 17:54:00,87.4,17.48
13252,9,2021-04-03 18:05:00,169.6,33.92
13253,9,2021-04-03 18:20:00,36.0,7.2
13254,7,2021-04-03 18:43:00,36.5,7.3
13255,4,2021-04-03 19:08:00,156.1,31.22
13256,4,2021-04-03 19:29:00,8.5,1.7
13257,0,2021-04-03 19:35:00,35.9,7.18
13258,3,2021-04-03 19:49:00,7.8,1.56
13259,9,2021-04-03 19:57:00,2.6,0.52
13260,7,2021-04-03 20:17:00,59.6,11.92
13261,0,2021-04-03 20:33:00,2.1,0.42
13262,8,2021-04-03 20:42:00,26.9,5.38
13263,6,2021-04-03 20:45:00,2.4,0.48
13264,10,2021-04-03 21:07:00,73.0,14.6
13265,7,2021-04-03 21:30:00,60.3,12.06
13266,67,2021-04-03 21:40:00,6.9,1.38
13267,1,2021-04-03 21:43:00,13.2,2.64
13268,14,2021-04-03 21:52:00,13.2,2.64
13269,14,2021-04-03 22:16:00,25.7,5.14
13270,8,2021-04-03 22:25:00,61.0,12.2
13271,6,2021-04-03 22:29:00,163.1,32.62
13272,68,2021-04-03 22:57:00,10.0,2.0
13273,10,2021-04-04 11:20:00,8.5,1.7
13274,5,2021-04-04 11:26:00,2.1,0.42
13275,7,2021-04-04 11:33:00,20.4,4.08
13276,12,2021-04-04 12:28:00,2.6,0.52
13277,9,2021-04-04 13:19:00,130.1,26.02
13278,14,2021-04-04 14:03:00,152.8,30.56
13279,68,2021-04-04 15:00:00,229.9,45.98
13280,13,2021-04-04 15:11:00,40.3,8.06
13281,9,2021-04-04 16:03:00,91.9,18.38
13282,0,2021-04-04 16:22:00,4.8,0.96
13283,67,2021-04-04 17:01:00,52.7,10.54
13284,13,2021-04-04 17:07:00,11.7,2.34
13285,10,2021-04-04 18:06:00,123.0,24.6
13286,14,2021-04-04 18:23:00,173.6,34.72
13287,9,2021-04-04 19:00:00,10.1,2.02
13288,10,2021-04-04 19:23:00,135.0,27.0
13289,9,2021-04-04 19:55:00,78.2,15.64
13290,5,2021-04-04 20:30:00,13.8,2.76
13291,1,2021-04-04 20:40:00,154.6,30.92
13292,7,2021-04-04 20:40:00,112.2,22.44
13293,6,2021-04-04 21:02:00,5.0,1.0
13294,13,2021-04-04 21:57:00,11.7,2.34
13295,10,2021-04-04 22:20:00,16.5,3.3
13296,5,2021-04-04 22:31:00,54.2,10.84
13297,6,2021-04-05 11:00:00,68.3,13.66
13298,14,2021-04-05 11:52:00,2.2,0.44
13299,12,2021-04-05 11:59:00,124.5,24.9
13300,6,2021-04-05 12:38:00,163.1,32.62
13301,5,2021-04-05 13:01:00,12.2,2.44
13302,4,2021-04-05 13:45:00,168.0,33.6
13303,68,2021-04-05 14:03:00,13.8,2.76
13304,9,2021-04-05 14:51:00,51.1,10.22
13305,13,2021-04-05 15:25:00,39.2,7.84
13306,8,2021-04-05 15:57:00,18.1,3.62
13307,5,2021-04-05 16:26:00,5.6,1.12
13308,6,2021-04-05 17:05:00,128.0,25.6
13309,8,2021-04-05 17:12:00,17.8,3.56
13310,67,2021-04-05 17:24:00,23.2,4.64
13311,5,2021-04-05 18:07:00,10.0,2.0
13312,14,2021-04-05 18:33:00,138.3,27.66
13313,10,2021-04-05 19:01:00,18.4,3.68
13314,13,2021-04-05 19:21:00,8.5,1.7
13315,13,2021-04-05 19:46:00,10.1,2.02
13316,13,2021-04-05 19:54:00,8.8,1.76
13317,9,2021-04-05 20:40:00,80.5,16.1
13318,12,2021-04-05 21:17:00,47.9,9.58
13319,2,2021-04-05 21:53:00,16.3,3.26
13320,13,2021-04-05 22:40:00,2.6,0.52
13321,68,2021-04-06 10:25:00,10.0,2.0
13322,9,2021-04-06 10:45:00,21.8,4.36
13323,9,2021-04-06 10:49:00,30.3,6.06
13324,4,2021-04-06 11:20:00,112.2,22.44
13325,10,2021-04-06 11:51:00,12.7,2.54
13326,5,2021-04-06 11:52:00,103.9,20.78
13327,0,2021-04-06 12:18:00,8.5,1.7
13328,8,2021-04-06 12:47:00,4.8,0.96
13329,68,2021-04-06 13:34:00,33.5,6.7
13330,2,2021-04-06 13:36:00,10.1,2.02
13331,4,2021-04-06 13:52:00,158.3,31.66
13332,4,2021-04-06 14:45:00,31.7,6.34
13333,68,2021-04-06 14:48:00,158.9,31.78
13334,5,2021-04-06 15:02:00,23.7,4.74
13335,10,2021-04-06 15:05:00,8.5,1.7
13336,5,2021-04-06 15:52:00,54.0,10.8
13337,14,2021-04-06 16:14:00,109.9,21.98
13338,8,2021-04-06 17:13:00,44.0,8.8
13339,9,2021-04-06 17:36:00,61.3,12.26
13340,0,2021-04-06 18:19:00,8.5,1.7
13341,2,2021-04-06 18:47:00,11.6,2.32
13342,10,2021-04-06 19:35:00,32.5,6.5
13343,1,2021-04-06 19:51:00,31.0,6.2
13344,0,2021-04-06 20:15:00,61.6,12.32
13345,13,2021-04-06 20:54:00,5.6,1.12
13346,12,2021-04-06 21:01:00,61.0,12.2
13347,1,2021-04-06 21:13:00,2.4,0.48
13348,6,2021-04-06 21:24:00,2.2,0.44
13349,4,2021-04-06 21:50:00,17.2,3.44
13350,6,2021-04-06 22:19:00,29.3,5.86
13351,5,2021-04-07 10:55:00,90.4,18.08
13352,9,2021-04-07 11:40:00,23.3,4.66
13353,9,2021-04-07 12:31:00,65.9,13.18
13354,68,2021-04-07 13:28:00,56.7,11.34
13355,68,2021-04-07 13:55:00,44.0,8.8
13356,13,2021-04-07 14:53:00,4.5,0.9
13357,4,2021-04-07 15:25:00,55.5,11.1
13358,3,2021-04-07 16:16:00,40.3,8.06
13359,1,2021-04-07 16:28:00,109.1,21.82
13360,13,2021-04-07 17:27:00,4.2,0.84
13361,4,2021-04-07 17:31:00,4.6,0.92
13362,10,2021-04-07 18:05:00,54.6,10.92
13363,14,2021-04-07 18:48:00,241.5,48.3
13364,7,2021-04-07 19:42:00,21.3,4.26
13365,68,2021-04-07 20:42:00,12.5,2.5
13366,4,2021-04-07 20:47:00,122.3,24.46
13367,7,2021-04-07 20:51:00,19.6,3.92
13368,68,2021-04-07 21:41:00,23.2,4.64
13369,5,2021-04-07 22:40:00,10.9,2.18
13370,14,2021-04-07 22:48:00,71.9,14.38
13371,6,2021-04-07 22:52:00,8.7,1.74
13372,3,2021-04-08 10:25:00,134.3,26.86
13373,9,2021-04-08 10:29:00,26.0,5.2
13374,4,2021-04-08 10:50:00,71.5,14.3
13375,5,2021-04-08 11:38:00,2.4,0.48
13376,12,2021-04-08 12:15:00,135.4,27.08
13377,10,2021-04-08 12:15:00,24.9,4.98
13378,5,2021-04-08 13:09:00,10.8,2.16
13379,7,2021-04-08 13:53:00,228.8,45.76
13380,12,2021-04-08 14:11:00,276.3,55.26
13381,3,2021-04-08 14:49:00,2.4,0.48
13382,68,2021-04-08 15:05:00,2.4,0.48
13383,5,2021-04-08 15:29:00,369.1,73.82
13384,67,2021-04-08 15:38:00,20.5,4.1
13385,12,2021-04-08 15:57:00,42.4,8.48
13386,68,2021-04-08 16:38:00,12.8,2.56
13387,7,2021-04-08 17:31:00,10.9,2.18
13388,3,2021-04-08 17:35:00,74.9,14.98
13389,68,2021-04-08 17:39:00,135.8,27.16
13390,14,2021-04-08 18:39:00,61.9,12.38
13391,0,2021-04-08 18:55:00,5.6,1.12
13392,9,2021-04-08 19:47:00,122.1,24.42
13393,1,2021-04-08 20:34:00,42.4,8.48
13394,4,2021-04-08 20:36:00,117.5,23.5
13395,3,2021-04-08 20:54:00,93.4,18.68
13396,9,2021-04-08 21:08:00,270.8,54.16
13397,6,2021-04-08 21:43:00,81.4,16.28
13398,6,2021-04-08 21:43:00,74.8,14.96
13399,2,2021-04-08 22:25:00,15.5,3.1
13400,2,2021-04-09 10:51:00,47.0,9.4
13401,67,2021-04-09 11:05:00,16.4,3.28
13402,10,2021-04-09 11:08:00,45.5,9.1
13403,10,2021-04-09 11:44:00,18.3,3.66
13404,67,2021-04-09 12:15:00,115.4,23.08
13405,6,2021-04-09 12:37:00,8.5,1.7
13406,9,2021-04-09 12:51:00,12.8,2.56
13407,3,2021-04-09 13:15:00,11.4,2.28
13408,13,2021-04-09 13:54:00,15.3,3.06
13409,2,2021-04-09 14:50:00,11.6,2.32
13410,7,2021-04-09 15:12:00,17.2,3.44
13411,5,2021-04-09 15:37:00,2.4,0.48
13412,13,2021-04-09 16:12:00,4.8,0.96
13413,10,2021-04-09 16:58:00,10.0,2.0
13414,13,2021-04-09 17:15:00,35.0,7.0
13415,68,2021-04-09 18:14:00,16.1,3.22
13416,14,2021-04-09 18:35:00,45.5,9.1
13417,5,2021-04-09 19:14:00,20.2,4.04
13418,9,2021-04-09 19:49:00,129.4,25.88
13419,1,2021-04-09 20:06:00,143.0,28.6
13420,9,2021-04-09 20:29:00,122.2,24.44
13421,0,2021-04-09 21:16:00,230.6,46.12
13422,4,2021-04-09 21:18:00,75.7,15.14
13423,9,2021-04-09 22:17:00,2.6,0.52
13424,68,2021-04-09 22:18:00,29.6,5.92
13425,5,2021-04-09 22:24:00,164.7,32.94
13426,1,2021-04-09 22:33:00,62.6,12.52
13427,9,2021-04-09 22:39:00,30.2,6.04
13428,12,2021-04-10 10:47:00,67.6,13.52
13429,0,2021-04-10 11:03:00,8.5,1.7
13430,13,2021-04-10 11:14:00,60.2,12.04
13431,6,2021-04-10 11:37:00,52.6,10.52
13432,12,2021-04-10 11:58:00,149.7,29.94
13433,3,2021-04-10 12:14:00,204.1,40.82
13434,4,2021-04-10 12:29:00,211.8,42.36
13435,9,2021-04-10 12:51:00,74.2,14.84
13436,13,2021-04-10 13:15:00,13.5,2.7
13437,6,2021-04-10 13:21:00,17.7,3.54
13438,67,2021-04-10 13:42:00,8.5,1.7
13439,67,2021-04-10 13:43:00,60.2,12.04
13440,2,2021-04-10 14:02:00,7.0,1.4
13441,0,2021-04-10 14:26:00,23.2,4.64
13442,7,2021-04-10 14:38:00,2.2,0.44
13443,9,2021-04-10 14:39:00,252.9,50.58
13444,9,2021-04-10 15:00:00,125.4,25.08
13445,0,2021-04-10 15:16:00,50.0,10.0
13446,10,2021-04-10 15:33:00,131.1,26.22
13447,7,2021-04-10 15:41:00,76.1,15.22
13448,5,2021-04-10 15:53:00,13.2,2.64
13449,4,2021-04-10 16:19:00,25.3,5.06
13450,6,2021-04-10 16:39:00,2.1,0.42
13451,5,2021-04-10 17:00:00,13.8,2.76
13452,9,2021-04-10 17:14:00,7.2,1.44
13453,12,2021-04-10 17:40:00,8.5,1.7
13454,7,2021-04-10 18:01:00,16.5,3.3
13455,13,2021-04-10 18:13:00,113.1,22.62
13456,67,2021-04-10 18:27:00,13.2,2.64
13457,14,2021-04-10 18:36:00,13.3,2.66
13458,1,2021-04-10 18:51:00,72.0,14.4
13459,2,2021-04-10 19:02:00,31.6,6.32
13460,2,2021-04-10 19:32:00,2.6,0.52
13461,2,2021-04-10 19:59:00,6.8,1.36
13462,14,2021-04-10 20:22:00,120.7,24.14
13463,6,2021-04-10 20:42:00,128.3,25.66
13464,12,2021-04-10 21:02:00,2.1,0.42
13465,6,2021-04-10 21:32:00,24.4,4.88
13466,5,2021-04-10 21:58:00,28.7,5.74
13467,67,2021-04-10 22:10:00,111.7,22.34
13468,12,2021-04-10 22:40:00,14.4,2.88
13469,6,2021-04-10 22:44:00,71.4,14.28
13470,12,2021-04-11 11:19:00,47.5,9.5
13471,10,2021-04-11 11:50:00,46.1,9.22
13472,1,2021-04-11 12:37:00,41.3,8.26
13473,13,2021-04-11 12:58:00,109.6,21.92
13474,3,2021-04-11 13:25:00,11.7,2.34
13475,67,2021-04-11 14:16:00,30.1,6.02
13476,13,2021-04-11 14:40:00,6.9,1.38
13477,14,2021-04-11 15:30:00,44.0,8.8
13478,13,2021-04-11 15:47:00,62.0,12.4
13479,2,2021-04-11 16:13:00,2.2,0.44
13480,6,2021-04-11 16:55:00,4.7,0.94
13481,12,2021-04-11 17:44:00,159.8,31.96
13482,5,2021-04-11 18:08:00,7.7,1.54
13483,4,2021-04-11 18:14:00,33.9,6.78
13484,67,2021-04-11 19:14:00,8.5,1.7
13485,1,2021-04-11 19:28:00,47.9,9.58
13486,5,2021-04-11 20:01:00,20.8,4.16
13487,12,2021-04-11 20:25:00,10.1,2.02
13488,67,2021-04-11 20:33:00,66.6,13.32
13489,1,2021-04-11 20:52:00,62.7,12.54
13490,0,2021-04-11 21:34:00,7.8,1.56
13491,3,2021-04-11 21:42:00,5.4,1.08
13492,9,2021-04-11 21:50:00,21.7,4.34
13493,10,2021-04-11 22:05:00,117.7,23.54
13494,67,2021-04-11 22:24:00,21.7,4.34
13495,9,2021-04-12 10:38:00,68.6,13.72
13496,6,2021-04-12 11:34:00,54.6,10.92
13497,7,2021-04-12 12:03:00,11.6,2.32
13498,10,2021-04-12 12:48:00,24.9,4.98
13499,3,2021-04-12 13:29:00,85.9,17.18
13500,10,2021-04-12 14:29:00,22.6,4.52
13501,3,2021-04-12 14:41:00,4.7,0.94
13502,7,2021-04-12 15:36:00,132.0,26.4
13503,1,2021-04-12 15:41:00,24.5,4.9
13504,0,2021-04-12 16:13:00,119.5,23.9
13505,12,2021-04-12 17:12:00,112.0,22.4
13506,6,2021-04-12 18:04:00,23.2,4.64
13507,14,2021-04-12 18:08:00,56.2,11.24
13508,13,2021-04-12 18:09:00,7.6,1.52
13509,1,2021-04-12 18:28:00,16.1,3.22
13510,67,2021-04-12 19:04:00,28.7,5.74
13511,3,2021-04-12 19:42:00,124.7,24.94
13512,0,2021-04-12 19:50:00,64.2,12.84
13513,14,2021-04-12 20:14:00,157.7,31.54
13514,5,2021-04-12 20:29:00,23.8,4.76
13515,1,2021-04-12 21:15:00,2.4,0.48
13516,4,2021-04-12 21:37:00,180.9,36.18
13517,14,2021-04-12 22:25:00,15.6,3.12
13518,4,2021-04-13 10:41:00,15.9,3.18
13519,4,2021-04-13 11:12:00,28.9,5.78
13520,10,2021-04-13 11:34:00,17.1,3.42
13521,12,2021-04-13 12:11:00,36.7,7.34
13522,68,2021-04-13 12:17:00,26.9,5.38
13523,10,2021-04-13 12:55:00,2.6,0.52
13524,3,2021-04-13 13:46:00,11.4,2.28
13525,8,2021-04-13 14:03:00,2.2,0.44
13526,68,2021-04-13 14:49:00,36.2,7.24
13527,0,2021-04-13 15:08:00,10.1,2.02
13528,68,2021-04-13 15:42:00,49.5,9.9
13529,4,2021-04-13 16:27:00,167.8,33.56
13530,68,2021-04-13 17:13:00,8.5,1.7
13531,3,2021-04-13 17:31:00,144.5,28.9
13532,8,2021-04-13 18:06:00,130.0,26.0
13533,2,2021-04-13 18:55:00,11.6,2.32
13534,5,2021-04-13 19:41:00,71.7,14.34
13535,5,2021-04-13 20:04:00,178.7,35.74
13536,10,2021-04-13 20:51:00,18.8,3.76
13537,6,2021-04-13 21:37:00,128.7,25.74
13538,4,2021-04-13 22:15:00,4.3,0.86
13539,9,2021-04-13 22:29:00,10.1,2.02
13540,7,2021-04-13 22:54:00,40.2,8.04
13541,10,2021-04-14 10:55:00,15.1,3.02
13542,1,2021-04-14 11:50:00,57.9,11.58
13543,67,2021-04-14 12:45:00,5.4,1.08
13544,6,2021-04-14 13:11:00,38.9,7.78
13545,2,2021-04-14 13:28:00,112.2,22.44
13546,14,2021-04-14 13:50:00,65.7,13.14
13547,8,2021-04-14 14:00:00,10.1,2.02
13548,14,2021-04-14 14:58:00,19.9,3.98
13549,1,2021-04-14 15:24:00,296.1,59.22
13550,6,2021-04-14 16:05:00,4.5,0.9
13551,0,2021-04-14 16:24:00,8.7,1.74
13552,9,2021-04-14 16:47:00,10.1,2.02
13553,67,2021-04-14 17:19:00,4.3,0.86
13554,1,2021-04-14 18:16:00,30.0,6.0
13555,14,2021-04-14 18:49:00,132.3,26.46
13556,0,2021-04-14 18:51:00,31.3,6.26
13557,1,2021-04-14 19:44:00,13.0,2.6
13558,67,2021-04-14 20:12:00,143.6,28.72
13559,4,2021-04-14 20:58:00,71.7,14.34
13560,7,2021-04-14 21:58:00,66.2,13.24
13561,8,2021-04-14 22:55:00,19.6,3.92
13562,6,2021-04-15 10:35:00,24.3,4.86
13563,8,2021-04-15 11:13:00,21.6,4.32
13564,6,2021-04-15 11:35:00,177.5,35.5
13565,3,2021-04-15 12:28:00,121.2,24.24
13566,5,2021-04-15 12:36:00,4.8,0.96
13567,68,2021-04-15 13:32:00,45.4,9.08
13568,1,2021-04-15 14:01:00,60.3,12.06
13569,4,2021-04-15 14:28:00,26.4,5.28
13570,5,2021-04-15 15:15:00,154.7,30.94
13571,5,2021-04-15 15:31:00,130.3,26.06
13572,3,2021-04-15 15:58:00,265.1,53.02
13573,10,2021-04-15 16:29:00,107.5,21.5
13574,7,2021-04-15 16:43:00,10.1,2.02
13575,9,2021-04-15 17:37:00,120.1,24.02
13576,1,2021-04-15 17:56:00,161.6,32.32
13577,8,2021-04-15 18:07:00,27.5,5.5
13578,0,2021-04-15 18:56:00,4.6,0.92
13579,6,2021-04-15 19:17:00,17.4,3.48
13580,6,2021-04-15 20:17:00,8.5,1.7
13581,14,2021-04-15 20:44:00,134.0,26.8
13582,7,2021-04-15 21:39:00,20.7,4.14
13583,14,2021-04-15 22:18:00,201.6,40.32
13584,14,2021-04-15 22:38:00,6.4,1.28
13585,3,2021-04-16 10:41:00,120.6,24.12
13586,9,2021-04-16 10:51:00,30.2,6.04
13587,3,2021-04-16 11:01:00,2.4,0.48
13588,67,2021-04-16 11:04:00,45.5,9.1
13589,0,2021-04-16 11:58:00,2.1,0.42
13590,67,2021-04-16 12:19:00,2.1,0.42
13591,14,2021-04-16 12:43:00,4.5,0.9
13592,1,2021-04-16 13:26:00,57.1,11.42
13593,8,2021-04-16 14:25:00,27.6,5.52
13594,12,2021-04-16 15:17:00,52.7,10.54
13595,8,2021-04-16 15:53:00,204.7,40.94
13596,4,2021-04-16 16:15:00,30.7,6.14
13597,9,2021-04-16 16:20:00,124.3,24.86
13598,9,2021-04-16 17:20:00,35.4,7.08
13599,8,2021-04-16 18:03:00,12.7,2.54
13600,6,2021-04-16 18:51:00,22.5,4.5
13601,3,2021-04-16 19:42:00,62.0,12.4
13602,5,2021-04-16 20:07:00,61.1,12.22
13603,8,2021-04-16 20:19:00,2.4,0.48
13604,13,2021-04-16 21:11:00,109.9,21.98
13605,5,2021-04-16 21:28:00,2.4,0.48
13606,68,2021-04-16 22:17:00,8.5,1.7
13607,10,2021-04-17 10:58:00,113.0,22.6
13608,0,2021-04-17 11:25:00,117.3,23.46
13609,8,2021-04-17 11:40:00,84.2,16.84
13610,5,2021-04-17 12:07:00,119.2,23.84
13611,2,2021-04-17 12:36:00,15.7,3.14
13612,1,2021-04-17 12:47:00,82.5,16.5
13613,7,2021-04-17 13:17:00,118.0,23.6
13614,13,2021-04-17 13:35:00,4.5,0.9
13615,14,2021-04-17 13:59:00,61.0,12.2
13616,5,2021-04-17 14:13:00,14.1,2.82
13617,1,2021-04-17 14:30:00,58.3,11.66
13618,6,2021-04-17 14:48:00,33.5,6.7
13619,14,2021-04-17 15:09:00,351.1,70.22
13620,6,2021-04-17 15:23:00,250.5,50.1
13621,13,2021-04-17 15:44:00,70.9,14.18
13622,13,2021-04-17 16:01:00,120.8,24.16
13623,12,2021-04-17 16:19:00,13.2,2.64
13624,13,2021-04-17 16:36:00,208.7,41.74
13625,8,2021-04-17 16:47:00,62.4,12.48
13626,0,2021-04-17 17:15:00,20.4,4.08
13627,67,2021-04-17 17:39:00,158.3,31.66
13628,4,2021-04-17 17:51:00,19.4,3.88
13629,67,2021-04-17 18:04:00,36.2,7.24
13630,0,2021-04-17 18:05:00,48.2,9.64
13631,13,2021-04-17 18:34:00,132.4,26.48
13632,0,2021-04-17 18:45:00,18.6,3.72
13633,9,2021-04-17 18:56:00,171.3,34.26
13634,68,2021-04-17 19:23:00,13.2,2.64
13635,2,2021-04-17 19:53:00,51.8,10.36
13636,14,2021-04-17 19:56:00,7.4,1.48
13637,10,2021-04-17 20:01:00,114.6,22.92
13638,6,2021-04-17 20:04:00,122.8,24.56
13639,3,2021-04-17 20:10:00,24.4,4.88
13640,13,2021-04-17 20:16:00,27.2,5.44
13641,5,2021-04-17 20:20:00,12.5,2.5
13642,9,2021-04-17 20:39:00,18.0,3.6
13643,6,2021-04-17 20:42:00,257.5,51.5
13644,8,2021-04-17 21:04:00,148.0,29.6
13645,14,2021-04-17 21:20:00,59.0,11.8
13646,12,2021-04-17 21:22:00,47.1,9.42
13647,4,2021-04-17 21:32:00,12.2,2.44
13648,2,2021-04-17 21:45:00,188.0,37.6
13649,8,2021-04-17 22:03:00,11.4,2.28
13650,5,2021-04-17 22:16:00,62.6,12.52
13651,14,2021-04-17 22:45:00,153.0,30.6
13652,12,2021-04-18 11:30:00,18.2,3.64
13653,7,2021-04-18 12:18:00,120.8,24.16
13654,10,2021-04-18 13:01:00,15.6,3.12
13655,12,2021-04-18 13:47:00,32.3,6.46
13656,9,2021-04-18 13:54:00,14.9,2.98
13657,3,2021-04-18 13:54:00,99.6,19.92
13658,14,2021-04-18 14:31:00,166.6,33.32
13659,5,2021-04-18 14:32:00,113.2,22.64
13660,1,2021-04-18 15:25:00,167.7,33.54
13661,8,2021-04-18 16:21:00,10.0,2.0
13662,7,2021-04-18 16:34:00,110.7,22.14
13663,5,2021-04-18 17:13:00,167.1,33.42
13664,9,2021-04-18 18:11:00,37.4,7.48
13665,6,2021-04-18 18:21:00,49.6,9.92
13666,2,2021-04-18 19:01:00,10.6,2.12
13667,2,2021-04-18 19:24:00,58.9,11.78
13668,14,2021-04-18 19:50:00,11.6,2.32
13669,9,2021-04-18 19:55:00,17.8,3.56
13670,14,2021-04-18 20:06:00,74.8,14.96
13671,12,2021-04-18 20:40:00,24.8,4.96
13672,7,2021-04-18 21:04:00,31.1,6.22
13673,67,2021-04-18 21:25:00,27.1,5.42
13674,13,2021-04-18 21:32:00,52.7,10.54
13675,13,2021-04-18 21:56:00,138.8,27.76
13676,10,2021-04-18 22:03:00,5.4,1.08
13677,8,2021-04-18 22:23:00,177.2,35.44
13678,67,2021-04-19 10:48:00,172.2,34.44
13679,68,2021-04-19 11:07:00,135.9,27.18
13680,4,2021-04-19 11:43:00,14.7,2.94
13681,5,2021-04-19 12:38:00,104.2,20.84
13682,5,2021-04-19 12:45:00,128.5,25.7
13683,8,2021-04-19 13:02:00,9.8,1.96
13684,13,2021-04-19 13:17:00,25.5,5.1
13685,13,2021-04-19 13:42:00,14.6,2.92
13686,68,2021-04-19 14:38:00,18.8,3.76
13687,3,2021-04-19 15:12:00,128.5,25.7
13688,8,2021-04-19 15:19:00,61.3,12.26
13689,4,2021-04-19 16:17:00,273.9,54.78
13690,12,2021-04-19 17:01:00,27.1,5.42
13691,10,2021-04-19 17:13:00,11.7,2.34
13692,4,2021-04-19 17:41:00,224.9,44.98
13693,6,2021-04-19 17:41:00,241.4,48.28
13694,0,2021-04-19 18:03:00,112.3,22.46
13695,13,2021-04-19 18:23:00,2.1,0.42
13696,0,2021-04-19 19:07:00,124.6,24.92
13697,5,2021-04-19 19:28:00,61.7,12.34
13698,68,2021-04-19 19:36:00,65.5,13.1
13699,6,2021-04-19 20:20:00,13.2,2.64
13700,2,2021-04-19 21:16:00,61.9,12.38
13701,13,2021-04-19 21:43:00,33.2,6.64
13702,6,2021-04-19 21:53:00,8.5,1.7
13703,12,2021-04-19 22:05:00,159.5,31.9
13704,12,2021-04-19 22:59:00,134.7,26.94
13705,6,2021-04-20 10:01:00,166.5,33.3
13706,2,2021-04-20 10:25:00,137.1,27.42
13707,8,2021-04-20 11:06:00,2.4,0.48
13708,10,2021-04-20 11:37:00,22.8,4.56
13709,12,2021-04-20 11:56:00,69.2,13.84
13710,0,2021-04-20 12:25:00,42.4,8.48
13711,13,2021-04-20 13:00:00,145.2,29.04
13712,6,2021-04-20 13:12:00,55.5,11.1
13713,68,2021-04-20 13:21:00,139.9,27.98
13714,14,2021-04-20 14:15:00,60.2,12.04
13715,1,2021-04-20 14:55:00,112.0,22.4
13716,5,2021-04-20 15:36:00,8.5,1.7
13717,9,2021-04-20 16:33:00,27.1,5.42
13718,4,2021-04-20 17:09:00,33.5,6.7
13719,6,2021-04-20 17:36:00,91.0,18.2
13720,2,2021-04-20 18:19:00,91.0,18.2
13721,7,2021-04-20 18:55:00,18.8,3.76
13722,1,2021-04-20 19:51:00,133.5,26.7
13723,8,2021-04-20 20:46:00,11.7,2.34
13724,9,2021-04-20 21:38:00,57.0,11.4
13725,2,2021-04-20 21:42:00,68.9,13.78
13726,4,2021-04-20 22:02:00,5.4,1.08
13727,3,2021-04-20 22:33:00,5.6,1.12
13728,68,2021-04-21 10:37:00,174.1,34.82
13729,6,2021-04-21 11:30:00,18.1,3.62
13730,6,2021-04-21 11:35:00,33.4,6.68
13731,0,2021-04-21 11:52:00,152.2,30.44
13732,13,2021-04-21 12:21:00,268.4,53.68
13733,9,2021-04-21 12:21:00,10.1,2.02
13734,5,2021-04-21 12:50:00,125.4,25.08
13735,7,2021-04-21 13:34:00,54.1,10.82
13736,12,2021-04-21 13:58:00,273.8,54.76
13737,8,2021-04-21 14:13:00,188.5,37.7
13738,2,2021-04-21 14:32:00,8.5,1.7
13739,67,2021-04-21 14:55:00,22.2,4.44
13740,68,2021-04-21 15:35:00,18.3,3.66
13741,1,2021-04-21 15:53:00,210.8,42.16
13742,3,2021-04-21 16:31:00,5.6,1.12
13743,14,2021-04-21 16:51:00,134.9,26.98
13744,2,2021-04-21 16:58:00,11.4,2.28
13745,5,2021-04-21 17:40:00,2.4,0.48
13746,4,2021-04-21 18:09:00,28.5,5.7
13747,6,2021-04-21 18:18:00,63.5,12.7
13748,68,2021-04-21 18:42:00,44.0,8.8
13749,68,2021-04-21 19:41:00,31.5,6.3
13750,5,2021-04-21 19:57:00,24.0,4.8
13751,1,2021-04-21 20:33:00,46.4,9.28
13752,0,2021-04-21 21:01:00,14.7,2.94
13753,8,2021-04-21 21:41:00,47.9,9.58
13754,9,2021-04-21 22:27:00,143.3,28.66
13755,67,2021-04-22 10:52:00,26.5,5.3
13756,6,2021-04-22 11:17:00,13.8,2.76
13757,5,2021-04-22 11:40:00,49.4,9.88
13758,1,2021-04-22 12:18:00,113.9,22.78
13759,14,2021-04-22 13:17:00,169.3,33.86
13760,14,2021-04-22 14:12:00,112.0,22.4
13761,5,2021-04-22 14:45:00,130.9,26.18
13762,14,2021-04-22 15:09:00,5.0,1.0
13763,2,2021-04-22 15:33:00,171.6,34.32
13764,9,2021-04-22 15:54:00,18.6,3.72
13765,10,2021-04-22 16:18:00,218.2,43.64
13766,7,2021-04-22 16:50:00,197.9,39.58
13767,14,2021-04-22 17:24:00,162.3,32.46
13768,5,2021-04-22 17:54:00,10.4,2.08
13769,67,2021-04-22 18:31:00,2.4,0.48
13770,0,2021-04-22 19:03:00,18.7,3.74
13771,0,2021-04-22 19:47:00,10.9,2.18
13772,8,2021-04-22 19:51:00,212.6,42.52
13773,2,2021-04-22 20:00:00,26.2,5.24
13774,3,2021-04-22 20:50:00,56.6,11.32
13775,0,2021-04-22 20:58:00,216.0,43.2
13776,7,2021-04-22 21:16:00,60.3,12.06
13777,3,2021-04-22 22:01:00,4.5,0.9
13778,7,2021-04-22 22:58:00,67.2,13.44
13779,2,2021-04-23 10:18:00,2.1,0.42
13780,0,2021-04-23 10:30:00,8.4,1.68
13781,7,2021-04-23 11:28:00,2.4,0.48
13782,2,2021-04-23 11:59:00,146.4,29.28
13783,14,2021-04-23 12:38:00,287.5,57.5
13784,67,2021-04-23 13:08:00,33.6,6.72
13785,1,2021-04-23 13:53:00,53.1,10.62
13786,13,2021-04-23 14:29:00,5.0,1.0
13787,0,2021-04-23 15:07:00,60.9,12.18
13788,5,2021-04-23 15:33:00,2.1,0.42
13789,12,2021-04-23 15:39:00,104.5,20.9
13790,13,2021-04-23 16:11:00,98.2,19.64
13791,3,2021-04-23 16:33:00,2.1,0.42
13792,3,2021-04-23 17:22:00,61.3,12.26
13793,1,2021-04-23 17:47:00,166.0,33.2
13794,6,2021-04-23 18:09:00,23.8,4.76
13795,9,2021-04-23 18:57:00,13.8,2.76
13796,7,2021-04-23 19:43:00,111.2,22.24
13797,10,2021-04-23 19:50:00,13.7,2.74
13798,0,2021-04-23 20:08:00,36.3,7.26
13799,0,2021-04-23 20:32:00,42.5,8.5
13800,9,2021-04-23 21:05:00,29.1,5.82
13801,6,2021-04-23 21:23:00,257.6,51.52
13802,14,2021-04-23 21:47:00,12.7,2.54
13803,7,2021-04-23 22:02:00,2.6,0.52
13804,4,2021-04-23 22:14:00,203.4,40.68
13805,9,2021-04-23 22:38:00,14.1,2.82
13806,5,2021-04-23 22:38:00,11.6,2.32
13807,2,2021-04-24 10:42:00,13.0,2.6
13808,6,2021-04-24 10:51:00,159.7,31.94
13809,0,2021-04-24 11:03:00,263.8,52.76
13810,0,2021-04-24 11:11:00,48.6,9.72
13811,8,2021-04-24 11:28:00,31.3,6.26
13812,13,2021-04-24 11:49:00,71.1,14.22
13813,14,2021-04-24 12:02:00,148.1,29.62
13814,5,2021-04-24 12:13:00,158.9,31.78
13815,5,2021-04-24 12:21:00,9.5,1.9
13816,3,2021-04-24 12:33:00,18.2,3.64
13817,68,2021-04-24 12:59:00,189.4,37.88
13818,5,2021-04-24 13:14:00,4.5,0.9
13819,7,2021-04-24 13:17:00,499.5,99.9
13820,7,2021-04-24 13:29:00,10.1,2.02
13821,0,2021-04-24 13:31:00,11.7,2.34
13822,6,2021-04-24 13:33:00,278.6,55.72
13823,5,2021-04-24 14:01:00,122.2,24.44
13824,10,2021-04-24 14:05:00,10.9,2.18
13825,7,2021-04-24 14:32:00,133.7,26.74
13826,10,2021-04-24 14:34:00,60.1,12.02
13827,0,2021-04-24 14:55:00,10.9,2.18
13828,7,2021-04-24 15:07:00,11.6,2.32
13829,5,2021-04-24 15:15:00,15.6,3.12
13830,6,2021-04-24 15:20:00,47.6,9.52
13831,13,2021-04-24 15:37:00,8.7,1.74
13832,1,2021-04-24 16:07:00,16.5,3.3
13833,2,2021-04-24 16:17:00,22.0,4.4
13834,8,2021-04-24 16:44:00,56.3,11.26
13835,12,2021-04-24 16:51:00,46.1,9.22
13836,68,2021-04-24 17:09:00,19.7,3.94
13837,7,2021-04-24 17:19:00,183.0,36.6
13838,13,2021-04-24 17:45:00,22.9,4.58
13839,5,2021-04-24 18:11:00,17.0,3.4
13840,1,2021-04-24 18:31:00,161.6,32.32
13841,68,2021-04-24 18:52:00,44.0,8.8
13842,1,2021-04-24 19:09:00,15.6,3.12
13843,7,2021-04-24 19:39:00,26.8,5.36
13844,14,2021-04-24 19:54:00,10.9,2.18
13845,67,2021-04-24 20:21:00,36.4,7.28
13846,2,2021-04-24 20:44:00,57.9,11.58
13847,8,2021-04-24 20:57:00,114.3,22.86
13848,1,2021-04-24 20:59:00,111.5,22.3
13849,3,2021-04-24 21:08:00,28.0,5.6
13850,5,2021-04-24 21:23:00,38.2,7.64
13851,4,2021-04-24 21:33:00,89.5,17.9
13852,2,2021-04-24 21:39:00,17.0,3.4
13853,10,2021-04-24 21:39:00,177.0,35.4
13854,2,2021-04-24 21:47:00,27.6,5.52
13855,68,2021-04-24 21:54:00,8.5,1.7
13856,2,2021-04-24 21:57:00,16.6,3.32
13857,14,2021-04-24 22:04:00,6.7,1.34
13858,5,2021-04-24 22:30:00,10.1,2.02
13859,0,2021-04-24 22:50:00,78.3,15.66
13860,2,2021-04-24 22:54:00,13.9,2.78
13861,9,2021-04-25 11:13:00,8.7,1.74
13862,5,2021-04-25 11:20:00,8.5,1.7
13863,9,2021-04-25 11:30:00,2.2,0.44
13864,6,2021-04-25 11:43:00,22.3,4.46
13865,6,2021-04-25 12:22:00,44.0,8.8
13866,10,2021-04-25 12:33:00,139.3,27.86
13867,67,2021-04-25 12:59:00,156.7,31.34
13868,68,2021-04-25 13:54:00,68.9,13.78
13869,68,2021-04-25 14:24:00,114.6,22.92
13870,14,2021-04-25 15:20:00,14.0,2.8
13871,68,2021-04-25 16:11:00,35.8,7.16
13872,0,2021-04-25 16:35:00,24.2,4.84
13873,68,2021-04-25 17:23:00,120.0,24.0
13874,9,2021-04-25 17:42:00,72.4,14.48
13875,7,2021-04-25 18:00:00,129.4,25.88
13876,14,2021-04-25 18:22:00,111.7,22.34
13877,6,2021-04-25 19:03:00,59.8,11.96
13878,9,2021-04-25 19:14:00,18.7,3.74
13879,5,2021-04-25 19:51:00,2.2,0.44
13880,2,2021-04-25 20:51:00,10.1,2.02
13881,6,2021-04-25 21:16:00,24.2,4.84
13882,13,2021-04-25 21:56:00,230.5,46.1
13883,68,2021-04-25 22:23:00,14.6,2.92
13884,1,2021-04-25 22:25:00,11.7,2.34
13885,10,2021-04-25 22:51:00,4.3,0.86
13886,10,2021-04-26 10:35:00,156.8,31.36
13887,67,2021-04-26 11:12:00,149.9,29.98
13888,5,2021-04-26 11:31:00,166.4,33.28
13889,4,2021-04-26 11:46:00,211.2,42.24
13890,3,2021-04-26 11:59:00,112.3,22.46
13891,0,2021-04-26 12:18:00,65.7,13.14
13892,3,2021-04-26 12:35:00,27.2,5.44
13893,6,2021-04-26 12:59:00,13.9,2.78
13894,14,2021-04-26 13:04:00,2.4,0.48
13895,1,2021-04-26 13:17:00,26.0,5.2
13896,14,2021-04-26 13:25:00,14.7,2.94
13897,3,2021-04-26 14:08:00,22.8,4.56
13898,9,2021-04-26 14:14:00,69.4,13.88
13899,1,2021-04-26 14:15:00,18.8,3.76
13900,5,2021-04-26 14:23:00,57.2,11.44
13901,4,2021-04-26 14:48:00,45.5,9.1
13902,1,2021-04-26 15:14:00,8.7,1.74
13903,7,2021-04-26 16:04:00,53.9,10.78
13904,1,2021-04-26 16:29:00,7.1,1.42
13905,5,2021-04-26 17:26:00,29.2,5.84
13906,5,2021-04-26 18:11:00,202.3,40.46
13907,68,2021-04-26 18:43:00,91.7,18.34
13908,10,2021-04-26 18:44:00,19.1,3.82
13909,10,2021-04-26 19:43:00,10.7,2.14
13910,6,2021-04-26 20:08:00,18.6,3.72
13911,13,2021-04-26 20:11:00,17.4,3.48
13912,10,2021-04-26 20:46:00,10.2,2.04
13913,9,2021-04-26 20:50:00,98.9,19.78
13914,6,2021-04-26 21:15:00,23.2,4.64
13915,3,2021-04-26 21:57:00,18.5,3.7
13916,7,2021-04-26 22:49:00,14.6,2.92
13917,12,2021-04-27 10:33:00,32.0,6.4
13918,4,2021-04-27 11:16:00,109.1,21.82
13919,9,2021-04-27 11:56:00,10.1,2.02
13920,9,2021-04-27 12:11:00,68.8,13.76
13921,14,2021-04-27 12:22:00,4.3,0.86
13922,8,2021-04-27 12:24:00,203.5,40.7
13923,14,2021-04-27 12:55:00,143.4,28.68
13924,6,2021-04-27 13:46:00,56.3,11.26
13925,2,2021-04-27 14:29:00,52.0,10.4
13926,1,2021-04-27 15:08:00,127.7,25.54
13927,6,2021-04-27 15:32:00,16.0,3.2
13928,14,2021-04-27 16:07:00,57.2,11.44
13929,5,2021-04-27 16:09:00,148.8,29.76
13930,4,2021-04-27 17:06:00,27.1,5.42
13931,14,2021-04-27 17:35:00,151.7,30.34
13932,4,2021-04-27 18:22:00,99.5,19.9
13933,13,2021-04-27 19:09:00,4.8,0.96
13934,9,2021-04-27 20:07:00,11.1,2.22
13935,6,2021-04-27 20:19:00,121.3,24.26
13936,9,2021-04-27 20:42:00,19.7,3.94
13937,5,2021-04-27 20:56:00,17.2,3.44
13938,14,2021-04-27 21:41:00,375.5,75.1
13939,7,2021-04-27 21:46:00,61.0,12.2
13940,7,2021-04-27 22:15:00,27.9,5.58
13941,13,2021-04-27 22:19:00,9.7,1.94
13942,3,2021-04-27 22:25:00,106.9,21.38
13943,67,2021-04-27 22:36:00,128.3,25.66
13944,0,2021-04-27 22:43:00,45.5,9.1
13945,1,2021-04-28 10:18:00,7.8,1.56
13946,14,2021-04-28 11:12:00,17.3,3.46
13947,4,2021-04-28 11:24:00,4.5,0.9
13948,1,2021-04-28 12:24:00,84.6,16.92
13949,14,2021-04-28 12:52:00,10.1,2.02
13950,5,2021-04-28 13:02:00,63.5,12.7
13951,14,2021-04-28 13:40:00,6.9,1.38
13952,7,2021-04-28 14:06:00,65.7,13.14
13953,10,2021-04-28 14:22:00,10.6,2.12
13954,9,2021-04-28 14:33:00,14.1,2.82
13955,2,2021-04-28 15:23:00,143.0,28.6
13956,1,2021-04-28 15:54:00,48.5,9.7
13957,13,2021-04-28 16:29:00,158.0,31.6
13958,13,2021-04-28 17:06:00,10.1,2.02
13959,3,2021-04-28 17:16:00,11.7,2.34
13960,2,2021-04-28 17:24:00,53.1,10.62
13961,68,2021-04-28 17:34:00,25.7,5.14
13962,3,2021-04-28 18:01:00,117.5,23.5
13963,10,2021-04-28 18:05:00,2.1,0.42
13964,13,2021-04-28 19:01:00,102.7,20.54
13965,7,2021-04-28 19:49:00,2.4,0.48
13966,14,2021-04-28 20:06:00,16.4,3.28
13967,1,2021-04-28 20:13:00,26.6,5.32
13968,8,2021-04-28 20:41:00,2.1,0.42
13969,8,2021-04-28 21:08:00,4.2,0.84
13970,5,2021-04-28 21:52:00,8.5,1.7
13971,10,2021-04-28 22:24:00,173.2,34.64
13972,10,2021-04-28 22:33:00,33.7,6.74
13973,7,2021-04-29 10:52:00,274.6,54.92
13974,0,2021-04-29 11:25:00,6.7,1.34
13975,12,2021-04-29 12:01:00,25.6,5.12
13976,2,2021-04-29 12:43:00,65.3,13.06
13977,7,2021-04-29 13:43:00,13.0,2.6
13978,2,2021-04-29 13:50:00,2.4,0.48
13979,67,2021-04-29 14:47:00,11.6,2.32
13980,9,2021-04-29 15:15:00,10.9,2.18
13981,6,2021-04-29 15:47:00,140.1,28.02
13982,3,2021-04-29 16:31:00,10.6,2.12
13983,7,2021-04-29 17:11:00,117.8,23.56
13984,2,2021-04-29 17:45:00,150.2,30.04
13985,4,2021-04-29 18:39:00,27.8,5.56
13986,13,2021-04-29 18:40:00,8.5,1.7
13987,7,2021-04-29 19:39:00,142.6,28.52
13988,6,2021-04-29 19:39:00,2.4,0.48
13989,10,2021-04-29 20:15:00,81.6,16.32
13990,3,2021-04-29 20:23:00,159.5,31.9
13991,5,2021-04-29 20:54:00,25.9,5.18
13992,12,2021-04-29 21:15:00,2.1,0.42
13993,7,2021-04-29 22:11:00,13.1,2.62
13994,0,2021-04-29 22:33:00,125.8,25.16
13995,4,2021-04-30 10:32:00,20.6,4.12
13996,8,2021-04-30 10:48:00,27.2,5.44
13997,12,2021-04-30 11:43:00,13.2,2.64
13998,7,2021-04-30 11:50:00,167.3,33.46
13999,67,2021-04-30 12:06:00,126.9,25.38
14000,1,2021-04-30 12:51:00,33.7,6.74
14001,10,2021-04-30 13:20:00,24.0,4.8
14002,7,2021-04-30 13:46:00,28.6,5.72
14003,3,2021-04-30 14:39:00,2.2,0.44
14004,10,2021-04-30 14:42:00,65.0,13.0
14005,4,2021-04-30 15:35:00,27.3,5.46
14006,67,2021-04-30 16:24:00,162.8,32.56
14007,1,2021-04-30 16:49:00,67.5,13.5
14008,4,2021-04-30 17:23:00,13.7,2.74
14009,6,2021-04-30 17:39:00,54.6,10.92
14010,4,2021-04-30 18:29:00,14.0,2.8
14011,10,2021-04-30 18:39:00,128.4,25.68
14012,14,2021-04-30 19:39:00,5.4,1.08
14013,12,2021-04-30 19:42:00,2.6,0.52
14014,7,2021-04-30 19:43:00,17.0,3.4
14015,1,2021-04-30 20:21:00,13.5,2.7
14016,13,2021-04-30 20:26:00,160.5,32.1
14017,1,2021-04-30 21:04:00,211.1,42.22
14018,12,2021-04-30 22:04:00,60.7,12.14
14019,9,2021-04-30 22:56:00,2.2,0.44
14020,13,2021-05-01 10:24:00,33.2,6.64
14021,1,2021-05-01 10:30:00,4.5,0.9
14022,4,2021-05-01 10:50:00,4.8,0.96
14023,67,2021-05-01 10:51:00,8.7,1.74
14024,68,2021-05-01 10:57:00,10.0,2.0
14025,9,2021-05-01 11:17:00,26.9,5.38
14026,68,2021-05-01 11:20:00,63.4,12.68
14027,6,2021-05-01 11:28:00,165.2,33.04
14028,13,2021-05-01 11:57:00,11.4,2.28
14029,10,2021-05-01 12:12:00,38.7,7.74
14030,1,2021-05-01 12:24:00,119.3,23.86
14031,67,2021-05-01 12:51:00,34.7,6.94
14032,5,2021-05-01 13:15:00,21.0,4.2
14033,14,2021-05-01 13:18:00,2.4,0.48
14034,13,2021-05-01 13:30:00,41.6,8.32
14035,4,2021-05-01 13:45:00,182.0,36.4
14036,0,2021-05-01 13:49:00,23.0,4.6
14037,10,2021-05-01 13:58:00,66.0,13.2
14038,13,2021-05-01 14:22:00,29.0,5.8
14039,2,2021-05-01 14:26:00,12.2,2.44
14040,68,2021-05-01 14:36:00,8.5,1.7
14041,10,2021-05-01 14:43:00,50.0,10.0
14042,68,2021-05-01 15:06:00,267.3,53.46
14043,1,2021-05-01 15:08:00,56.5,11.3
14044,1,2021-05-01 15:21:00,2.1,0.42
14045,6,2021-05-01 15:44:00,32.7,6.54
14046,5,2021-05-01 15:46:00,269.2,53.84
14047,5,2021-05-01 15:46:00,17.7,3.54
14048,68,2021-05-01 15:55:00,251.4,50.28
14049,2,2021-05-01 16:04:00,46.6,9.32
14050,1,2021-05-01 16:12:00,45.5,9.1
14051,10,2021-05-01 16:41:00,14.6,2.92
14052,14,2021-05-01 16:59:00,19.1,3.82
14053,2,2021-05-01 17:07:00,23.3,4.66
14054,67,2021-05-01 17:11:00,13.2,2.64
14055,12,2021-05-01 17:32:00,100.5,20.1
14056,68,2021-05-01 17:37:00,4.6,0.92
14057,14,2021-05-01 18:03:00,14.6,2.92
14058,9,2021-05-01 18:11:00,33.3,6.66
14059,8,2021-05-01 18:16:00,123.1,24.62
14060,68,2021-05-01 18:27:00,10.2,2.04
14061,10,2021-05-01 18:32:00,82.8,16.56
14062,14,2021-05-01 19:02:00,232.0,46.4
14063,3,2021-05-01 19:10:00,105.9,21.18
14064,13,2021-05-01 19:10:00,107.5,21.5
14065,67,2021-05-01 19:39:00,62.4,12.48
14066,68,2021-05-01 20:00:00,10.9,2.18
14067,8,2021-05-01 20:12:00,27.1,5.42
14068,68,2021-05-01 20:31:00,24.2,4.84
14069,0,2021-05-01 20:56:00,224.8,44.96
14070,2,2021-05-01 20:57:00,23.9,4.78
14071,14,2021-05-01 21:26:00,75.1,15.02
14072,12,2021-05-01 21:27:00,168.5,33.7
14073,8,2021-05-01 21:35:00,52.5,10.5
14074,14,2021-05-01 22:01:00,11.7,2.34
14075,0,2021-05-01 22:04:00,66.2,13.24
14076,6,2021-05-01 22:10:00,120.0,24.0
14077,1,2021-05-01 22:35:00,28.7,5.74
14078,2,2021-05-01 22:49:00,2.4,0.48
14079,4,2021-05-01 22:52:00,37.9,7.58
14080,7,2021-05-01 22:58:00,70.2,14.04
14081,67,2021-05-02 11:04:00,76.2,15.24
14082,10,2021-05-02 11:28:00,289.9,57.98
14083,4,2021-05-02 11:55:00,13.2,2.64
14084,0,2021-05-02 11:58:00,30.8,6.16
14085,3,2021-05-02 12:28:00,5.6,1.12
14086,7,2021-05-02 13:11:00,13.5,2.7
14087,10,2021-05-02 13:55:00,56.4,11.28
14088,5,2021-05-02 14:42:00,8.5,1.7
14089,14,2021-05-02 15:09:00,5.0,1.0
14090,2,2021-05-02 16:04:00,60.5,12.1
14091,8,2021-05-02 16:56:00,10.0,2.0
14092,12,2021-05-02 17:28:00,15.9,3.18
14093,2,2021-05-02 17:45:00,56.4,11.28
14094,9,2021-05-02 18:10:00,12.5,2.5
14095,14,2021-05-02 18:44:00,20.6,4.12
14096,10,2021-05-02 19:14:00,29.4,5.88
14097,2,2021-05-02 19:26:00,107.5,21.5
14098,13,2021-05-02 19:30:00,2.1,0.42
14099,2,2021-05-02 20:21:00,62.2,12.44
14100,7,2021-05-02 20:51:00,147.5,29.5
14101,13,2021-05-02 21:26:00,38.0,7.6
14102,67,2021-05-02 21:47:00,65.7,13.14
14103,5,2021-05-02 21:52:00,13.8,2.76
14104,0,2021-05-02 22:10:00,18.6,3.72
14105,4,2021-05-02 22:36:00,7.8,1.56
14106,1,2021-05-03 10:32:00,27.0,5.4
14107,10,2021-05-03 11:15:00,8.5,1.7
14108,68,2021-05-03 11:53:00,23.7,4.74
14109,68,2021-05-03 12:37:00,20.4,4.08
14110,14,2021-05-03 13:16:00,107.5,21.5
14111,4,2021-05-03 13:16:00,15.7,3.14
14112,9,2021-05-03 13:25:00,59.8,11.96
14113,5,2021-05-03 14:15:00,25.0,5.0
14114,1,2021-05-03 14:22:00,48.5,9.7
14115,3,2021-05-03 14:51:00,61.3,12.26
14116,10,2021-05-03 15:17:00,24.1,4.82
14117,0,2021-05-03 16:14:00,153.1,30.62
14118,10,2021-05-03 16:37:00,24.2,4.84
14119,13,2021-05-03 17:20:00,139.5,27.9
14120,13,2021-05-03 17:20:00,10.1,2.02
14121,3,2021-05-03 17:38:00,56.6,11.32
14122,12,2021-05-03 18:09:00,41.2,8.24
14123,2,2021-05-03 19:06:00,11.1,2.22
14124,7,2021-05-03 20:05:00,35.6,7.12
14125,6,2021-05-03 20:09:00,100.4,20.08
14126,67,2021-05-03 20:19:00,13.8,2.76
14127,68,2021-05-03 20:26:00,110.7,22.14
14128,14,2021-05-03 20:48:00,25.9,5.18
14129,0,2021-05-03 21:26:00,101.9,20.38
14130,3,2021-05-03 22:08:00,26.4,5.28
14131,14,2021-05-03 22:47:00,18.6,3.72
14132,2,2021-05-04 10:57:00,7.7,1.54
14133,6,2021-05-04 11:46:00,4.5,0.9
14134,2,2021-05-04 12:31:00,8.9,1.78
14135,7,2021-05-04 13:00:00,19.6,3.92
14136,2,2021-05-04 13:03:00,221.4,44.28
14137,4,2021-05-04 13:47:00,370.9,74.18
14138,13,2021-05-04 14:31:00,11.4,2.28
14139,1,2021-05-04 14:42:00,111.5,22.3
14140,3,2021-05-04 15:10:00,107.5,21.5
14141,5,2021-05-04 15:26:00,11.7,2.34
14142,14,2021-05-04 16:15:00,39.8,7.96
14143,1,2021-05-04 17:14:00,14.0,2.8
14144,3,2021-05-04 17:59:00,5.4,1.08
14145,8,2021-05-04 18:30:00,130.8,26.16
14146,14,2021-05-04 18:57:00,11.6,2.32
14147,6,2021-05-04 19:35:00,32.3,6.46
14148,4,2021-05-04 19:54:00,2.6,0.52
14149,8,2021-05-04 20:01:00,167.1,33.42
14150,0,2021-05-04 20:40:00,2.4,0.48
14151,1,2021-05-04 20:56:00,4.6,0.92
14152,3,2021-05-04 21:42:00,82.4,16.48
14153,1,2021-05-04 22:23:00,192.6,38.52
14154,68,2021-05-04 22:57:00,10.0,2.0
14155,13,2021-05-05 10:53:00,11.6,2.32
14156,0,2021-05-05 10:55:00,87.2,17.44
14157,67,2021-05-05 11:22:00,2.1,0.42
14158,0,2021-05-05 12:18:00,36.7,7.34
14159,2,2021-05-05 12:34:00,168.5,33.7
14160,5,2021-05-05 13:16:00,20.5,4.1
14161,67,2021-05-05 13:56:00,31.2,6.24
14162,10,2021-05-05 14:42:00,50.3,10.06
14163,6,2021-05-05 15:20:00,50.1,10.02
14164,7,2021-05-05 16:13:00,7.1,1.42
14165,4,2021-05-05 16:41:00,70.7,14.14
14166,10,2021-05-05 16:53:00,71.6,14.32
14167,10,2021-05-05 17:17:00,11.6,2.32
14168,3,2021-05-05 17:56:00,297.7,59.54
14169,3,2021-05-05 18:56:00,41.2,8.24
14170,2,2021-05-05 19:28:00,69.9,13.98
14171,4,2021-05-05 19:42:00,120.0,24.0
14172,67,2021-05-05 19:53:00,102.1,20.42
14173,1,2021-05-05 20:35:00,89.5,17.9
14174,0,2021-05-05 21:11:00,17.0,3.4
14175,5,2021-05-05 21:32:00,203.1,40.62
14176,4,2021-05-05 22:03:00,114.1,22.82
14177,67,2021-05-05 22:57:00,26.7,5.34
14178,10,2021-05-06 10:32:00,22.4,4.48
14179,4,2021-05-06 11:01:00,336.6,67.32
14180,13,2021-05-06 11:48:00,118.2,23.64
14181,13,2021-05-06 12:37:00,7.8,1.56
14182,12,2021-05-06 12:49:00,181.7,36.34
14183,7,2021-05-06 13:35:00,21.2,4.24
14184,5,2021-05-06 14:18:00,87.6,17.52
14185,1,2021-05-06 14:42:00,110.7,22.14
14186,67,2021-05-06 15:11:00,8.5,1.7
14187,0,2021-05-06 15:14:00,124.0,24.8
14188,0,2021-05-06 16:01:00,65.6,13.12
14189,68,2021-05-06 16:19:00,2.1,0.42
14190,2,2021-05-06 17:14:00,209.5,41.9
14191,3,2021-05-06 17:26:00,21.7,4.34
14192,12,2021-05-06 17:34:00,7.4,1.48
14193,6,2021-05-06 17:52:00,24.4,4.88
14194,67,2021-05-06 17:57:00,101.0,20.2
14195,3,2021-05-06 18:23:00,24.0,4.8
14196,8,2021-05-06 18:38:00,61.3,12.26
14197,1,2021-05-06 18:47:00,30.2,6.04
14198,0,2021-05-06 19:09:00,10.1,2.02
14199,13,2021-05-06 19:49:00,26.7,5.34
14200,14,2021-05-06 20:06:00,14.3,2.86
14201,1,2021-05-06 20:28:00,16.5,3.3
14202,8,2021-05-06 20:43:00,22.7,4.54
14203,3,2021-05-06 21:16:00,132.9,26.58
14204,4,2021-05-06 22:13:00,96.6,19.32
14205,1,2021-05-07 10:53:00,92.5,18.5
14206,68,2021-05-07 11:14:00,12.2,2.44
14207,1,2021-05-07 11:43:00,2.4,0.48
14208,2,2021-05-07 12:41:00,237.7,47.54
14209,13,2021-05-07 12:44:00,59.5,11.9
14210,14,2021-05-07 13:15:00,28.3,5.66
14211,9,2021-05-07 14:05:00,38.0,7.6
14212,1,2021-05-07 14:44:00,14.0,2.8
14213,9,2021-05-07 15:38:00,64.0,12.8
14214,13,2021-05-07 16:16:00,64.2,12.84
14215,3,2021-05-07 16:17:00,262.7,52.54
14216,14,2021-05-07 16:30:00,24.2,4.84
14217,12,2021-05-07 16:41:00,48.8,9.76
14218,6,2021-05-07 17:37:00,11.7,2.34
14219,1,2021-05-07 17:54:00,166.8,33.36
14220,1,2021-05-07 18:49:00,117.4,23.48
14221,1,2021-05-07 19:21:00,28.2,5.64
14222,4,2021-05-07 20:06:00,36.6,7.32
14223,10,2021-05-07 20:08:00,173.9,34.78
14224,2,2021-05-07 20:32:00,5.4,1.08
14225,9,2021-05-07 21:06:00,16.8,3.36
14226,5,2021-05-07 22:00:00,172.4,34.48
14227,6,2021-05-07 22:04:00,2.4,0.48
14228,13,2021-05-07 22:21:00,10.1,2.02
14229,68,2021-05-07 22:48:00,64.8,12.96
14230,6,2021-05-08 10:40:00,246.8,49.36
14231,10,2021-05-08 11:09:00,143.1,28.62
14232,9,2021-05-08 11:10:00,2.6,0.52
14233,14,2021-05-08 11:23:00,155.4,31.08
14234,67,2021-05-08 11:27:00,2.1,0.42
14235,8,2021-05-08 11:31:00,113.7,22.74
14236,12,2021-05-08 11:40:00,62.6,12.52
14237,7,2021-05-08 11:49:00,126.0,25.2
14238,9,2021-05-08 11:54:00,34.3,6.86
14239,2,2021-05-08 12:00:00,17.1,3.42
14240,9,2021-05-08 12:04:00,119.7,23.94
14241,3,2021-05-08 12:26:00,137.3,27.46
14242,6,2021-05-08 12:41:00,10.9,2.18
14243,6,2021-05-08 12:45:00,14.1,2.82
14244,2,2021-05-08 13:10:00,78.8,15.76
14245,8,2021-05-08 13:24:00,10.1,2.02
14246,6,2021-05-08 13:51:00,71.2,14.24
14247,1,2021-05-08 13:55:00,20.5,4.1
14248,5,2021-05-08 14:22:00,64.2,12.84
14249,8,2021-05-08 14:24:00,2.4,0.48
14250,13,2021-05-08 14:25:00,2.1,0.42
14251,1,2021-05-08 14:25:00,10.7,2.14
14252,3,2021-05-08 14:43:00,2.4,0.48
14253,12,2021-05-08 14:46:00,55.7,11.14
14254,0,2021-05-08 14:56:00,113.3,22.66
14255,13,2021-05-08 15:13:00,171.1,34.22
14256,68,2021-05-08 15:14:00,135.0,27.0
14257,6,2021-05-08 15:25:00,2.4,0.48
14258,0,2021-05-08 15:55:00,22.5,4.5
14259,14,2021-05-08 16:00:00,54.1,10.82
14260,0,2021-05-08 16:29:00,127.9,25.58
14261,3,2021-05-08 16:32:00,152.1,30.42
14262,2,2021-05-08 16:32:00,10.8,2.16
14263,7,2021-05-08 16:41:00,246.6,49.32
14264,14,2021-05-08 16:46:00,58.5,11.7
14265,7,2021-05-08 17:12:00,48.3,9.66
14266,67,2021-05-08 17:16:00,10.8,2.16
14267,67,2021-05-08 17:24:00,14.6,2.92
14268,7,2021-05-08 17:50:00,126.1,25.22
14269,10,2021-05-08 17:52:00,15.3,3.06
14270,8,2021-05-08 18:00:00,107.2,21.44
14271,12,2021-05-08 18:09:00,17.0,3.4
14272,12,2021-05-08 18:37:00,156.1,31.22
14273,12,2021-05-08 18:52:00,2.6,0.52
14274,7,2021-05-08 18:59:00,170.7,34.14
14275,9,2021-05-08 19:13:00,21.6,4.32
14276,67,2021-05-08 19:19:00,13.9,2.78
14277,5,2021-05-08 19:37:00,51.6,10.32
14278,6,2021-05-08 19:40:00,109.1,21.82
14279,1,2021-05-08 20:08:00,35.2,7.04
14280,14,2021-05-08 20:12:00,16.3,3.26
14281,13,2021-05-08 20:17:00,27.0,5.4
14282,14,2021-05-08 20:24:00,180.0,36.0
14283,2,2021-05-08 20:39:00,49.9,9.98
14284,68,2021-05-08 20:58:00,45.7,9.14
14285,6,2021-05-08 21:27:00,32.7,6.54
14286,9,2021-05-08 21:44:00,75.8,15.16
14287,5,2021-05-08 22:05:00,2.1,0.42
14288,0,2021-05-08 22:09:00,58.4,11.68
14289,8,2021-05-08 22:17:00,8.5,1.7
14290,0,2021-05-08 22:36:00,2.1,0.42
14291,0,2021-05-08 22:43:00,93.8,18.76
14292,8,2021-05-08 22:45:00,16.7,3.34
14293,10,2021-05-08 22:58:00,299.2,59.84
14294,5,2021-05-08 22:58:00,11.4,2.28
14295,3,2021-05-09 11:06:00,20.5,4.1
14296,7,2021-05-09 11:51:00,46.2,9.24
14297,4,2021-05-09 12:35:00,74.1,14.82
14298,12,2021-05-09 12:43:00,10.4,2.08
14299,8,2021-05-09 13:32:00,17.9,3.58
14300,6,2021-05-09 14:19:00,28.4,5.68
14301,9,2021-05-09 14:34:00,210.6,42.12
14302,2,2021-05-09 14:56:00,110.7,22.14
14303,12,2021-05-09 15:39:00,51.2,10.24
14304,9,2021-05-09 15:52:00,2.4,0.48
14305,67,2021-05-09 15:56:00,54.1,10.82
14306,12,2021-05-09 15:58:00,16.0,3.2
14307,9,2021-05-09 16:16:00,49.2,9.84
14308,10,2021-05-09 17:02:00,20.3,4.06
14309,5,2021-05-09 17:31:00,10.9,2.18
14310,12,2021-05-09 18:21:00,20.7,4.14
14311,67,2021-05-09 18:51:00,20.2,4.04
14312,9,2021-05-09 19:50:00,133.3,26.66
14313,67,2021-05-09 20:22:00,14.9,2.98
14314,2,2021-05-09 20:31:00,39.5,7.9
14315,3,2021-05-09 21:21:00,20.7,4.14
14316,13,2021-05-09 21:43:00,8.5,1.7
14317,68,2021-05-09 22:43:00,28.5,5.7
14318,8,2021-05-10 10:22:00,45.6,9.12
14319,9,2021-05-10 10:36:00,144.5,28.9
14320,5,2021-05-10 11:08:00,6.7,1.34
14321,7,2021-05-10 11:59:00,46.6,9.32
14322,9,2021-05-10 12:23:00,4.6,0.92
14323,0,2021-05-10 13:02:00,93.8,18.76
14324,14,2021-05-10 13:50:00,375.2,75.04
14325,67,2021-05-10 14:39:00,2.4,0.48
14326,13,2021-05-10 14:44:00,8.5,1.7
14327,1,2021-05-10 15:31:00,8.5,1.7
14328,6,2021-05-10 16:12:00,30.3,6.06
14329,10,2021-05-10 16:56:00,55.5,11.1
14330,5,2021-05-10 17:50:00,43.6,8.72
14331,9,2021-05-10 18:05:00,161.3,32.26
14332,14,2021-05-10 18:22:00,44.0,8.8
14333,6,2021-05-10 18:31:00,22.1,4.42
14334,6,2021-05-10 19:01:00,168.5,33.7
14335,67,2021-05-10 19:39:00,2.2,0.44
14336,9,2021-05-10 20:12:00,48.2,9.64
14337,7,2021-05-10 20:29:00,30.3,6.06
14338,3,2021-05-10 20:57:00,77.6,15.52
14339,12,2021-05-10 21:12:00,65.9,13.18
14340,5,2021-05-10 21:37:00,145.1,29.02
14341,12,2021-05-10 21:54:00,49.1,9.82
14342,3,2021-05-10 22:48:00,153.0,30.6
14343,8,2021-05-11 10:29:00,27.8,5.56
14344,0,2021-05-11 11:28:00,131.8,26.36
14345,12,2021-05-11 12:09:00,164.6,32.92
14346,5,2021-05-11 13:04:00,13.3,2.66
14347,3,2021-05-11 13:16:00,5.0,1.0
14348,5,2021-05-11 13:18:00,2.4,0.48
14349,1,2021-05-11 13:19:00,116.1,23.22
14350,6,2021-05-11 13:33:00,5.2,1.04
14351,8,2021-05-11 13:42:00,170.1,34.02
14352,12,2021-05-11 13:59:00,121.5,24.3
14353,7,2021-05-11 14:04:00,110.7,22.14
14354,8,2021-05-11 14:30:00,21.8,4.36
14355,13,2021-05-11 14:43:00,164.0,32.8
14356,14,2021-05-11 14:45:00,8.0,1.6
14357,0,2021-05-11 15:32:00,13.5,2.7
14358,14,2021-05-11 16:02:00,129.8,25.96
14359,13,2021-05-11 16:37:00,28.6,5.72
14360,3,2021-05-11 16:38:00,13.2,2.64
14361,10,2021-05-11 16:39:00,47.0,9.4
14362,7,2021-05-11 16:59:00,2.1,0.42
14363,10,2021-05-11 17:20:00,17.0,3.4
14364,0,2021-05-11 18:14:00,31.1,6.22
14365,13,2021-05-11 19:03:00,44.0,8.8
14366,9,2021-05-11 19:06:00,113.8,22.76
14367,9,2021-05-11 19:10:00,47.9,9.58
14368,13,2021-05-11 20:09:00,40.2,8.04
14369,8,2021-05-11 20:27:00,2.2,0.44
14370,14,2021-05-11 20:50:00,30.8,6.16
14371,4,2021-05-11 20:54:00,11.7,2.34
14372,1,2021-05-11 21:31:00,25.2,5.04
14373,10,2021-05-11 22:28:00,137.4,27.48
14374,7,2021-05-12 10:47:00,118.6,23.72
14375,9,2021-05-12 11:42:00,10.1,2.02
14376,13,2021-05-12 11:54:00,14.1,2.82
14377,12,2021-05-12 12:33:00,145.1,29.02
14378,68,2021-05-12 12:43:00,11.7,2.34
14379,9,2021-05-12 12:59:00,22.1,4.42
14380,12,2021-05-12 13:55:00,31.0,6.2
14381,68,2021-05-12 14:36:00,2.4,0.48
14382,1,2021-05-12 14:59:00,123.9,24.78
14383,9,2021-05-12 15:01:00,112.6,22.52
14384,0,2021-05-12 15:38:00,73.0,14.6
14385,5,2021-05-12 15:40:00,123.2,24.64
14386,5,2021-05-12 15:40:00,304.8,60.96
14387,3,2021-05-12 15:48:00,46.1,9.22
14388,5,2021-05-12 16:18:00,32.8,6.56
14389,12,2021-05-12 16:46:00,10.1,2.02
14390,5,2021-05-12 17:37:00,30.4,6.08
14391,8,2021-05-12 18:03:00,131.9,26.38
14392,13,2021-05-12 18:52:00,2.1,0.42
14393,5,2021-05-12 19:34:00,29.1,5.82
14394,67,2021-05-12 19:59:00,20.9,4.18
14395,14,2021-05-12 20:50:00,18.0,3.6
14396,10,2021-05-12 21:30:00,19.9,3.98
14397,8,2021-05-12 21:46:00,88.0,17.6
14398,67,2021-05-12 22:23:00,74.7,14.94
14399,1,2021-05-12 22:47:00,147.5,29.5
14400,6,2021-05-13 10:17:00,65.4,13.08
14401,12,2021-05-13 10:41:00,14.0,2.8
14402,8,2021-05-13 11:37:00,36.6,7.32
14403,6,2021-05-13 11:48:00,64.1,12.82
14404,3,2021-05-13 12:44:00,73.6,14.72
14405,7,2021-05-13 13:12:00,2.1,0.42
14406,14,2021-05-13 14:01:00,2.4,0.48
14407,10,2021-05-13 14:53:00,14.1,2.82
14408,5,2021-05-13 15:05:00,127.7,25.54
14409,0,2021-05-13 15:12:00,75.5,15.1
14410,68,2021-05-13 15:37:00,12.9,2.58
14411,5,2021-05-13 15:46:00,30.8,6.16
14412,4,2021-05-13 16:21:00,61.8,12.36
14413,7,2021-05-13 16:48:00,4.8,0.96
14414,5,2021-05-13 17:31:00,16.2,3.24
14415,4,2021-05-13 18:31:00,123.1,24.62
14416,68,2021-05-13 18:40:00,119.7,23.94
14417,12,2021-05-13 19:10:00,15.6,3.12
14418,8,2021-05-13 19:46:00,2.1,0.42
14419,12,2021-05-13 19:57:00,20.1,4.02
14420,3,2021-05-13 20:11:00,8.5,1.7
14421,5,2021-05-13 21:08:00,112.2,22.44
14422,1,2021-05-13 21:25:00,14.7,2.94
14423,2,2021-05-13 22:07:00,6.8,1.36
14424,9,2021-05-13 22:40:00,11.1,2.22
14425,67,2021-05-14 10:44:00,9.7,1.94
14426,12,2021-05-14 11:36:00,20.9,4.18
14427,13,2021-05-14 11:58:00,11.4,2.28
14428,4,2021-05-14 12:17:00,187.0,37.4
14429,5,2021-05-14 12:33:00,255.8,51.16
14430,13,2021-05-14 12:39:00,21.0,4.2
14431,5,2021-05-14 13:11:00,168.1,33.62
14432,8,2021-05-14 13:59:00,29.2,5.84
14433,9,2021-05-14 14:14:00,35.9,7.18
14434,2,2021-05-14 14:43:00,6.9,1.38
14435,10,2021-05-14 15:09:00,225.5,45.1
14436,13,2021-05-14 16:06:00,85.6,17.12
14437,14,2021-05-14 16:27:00,25.6,5.12
14438,0,2021-05-14 17:22:00,238.9,47.78
14439,14,2021-05-14 17:29:00,350.2,70.04
14440,1,2021-05-14 18:01:00,212.5,42.5
14441,12,2021-05-14 18:48:00,10.1,2.02
14442,5,2021-05-14 19:37:00,237.6,47.52
14443,5,2021-05-14 20:15:00,63.3,12.66
14444,7,2021-05-14 20:38:00,6.9,1.38
14445,5,2021-05-14 21:20:00,21.0,4.2
14446,7,2021-05-14 22:08:00,115.3,23.06
14447,13,2021-05-14 22:56:00,56.8,11.36
14448,67,2021-05-15 10:08:00,16.7,3.34
14449,1,2021-05-15 10:19:00,44.6,8.92
14450,1,2021-05-15 10:25:00,55.3,11.06
14451,6,2021-05-15 10:25:00,165.0,33.0
14452,6,2021-05-15 10:29:00,6.7,1.34
14453,5,2021-05-15 10:29:00,125.5,25.1
14454,3,2021-05-15 10:35:00,15.2,3.04
14455,6,2021-05-15 10:46:00,13.9,2.78
14456,4,2021-05-15 10:53:00,13.3,2.66
14457,10,2021-05-15 10:53:00,30.0,6.0
14458,68,2021-05-15 10:59:00,4.5,0.9
14459,7,2021-05-15 11:00:00,2.1,0.42
14460,14,2021-05-15 11:06:00,8.5,1.7
14461,1,2021-05-15 11:10:00,29.5,5.9
14462,2,2021-05-15 11:21:00,2.4,0.48
14463,2,2021-05-15 11:22:00,5.0,1.0
14464,3,2021-05-15 11:28:00,10.1,2.02
14465,2,2021-05-15 11:31:00,22.5,4.5
14466,0,2021-05-15 11:46:00,72.3,14.46
14467,4,2021-05-15 11:57:00,110.5,22.1
14468,2,2021-05-15 12:01:00,20.0,4.0
14469,10,2021-05-15 12:07:00,36.6,7.32
14470,2,2021-05-15 12:16:00,57.8,11.56
14471,5,2021-05-15 12:27:00,12.3,2.46
14472,13,2021-05-15 12:33:00,65.6,13.12
14473,7,2021-05-15 12:37:00,45.5,9.1
14474,68,2021-05-15 12:48:00,61.8,12.36
14475,10,2021-05-15 12:56:00,36.8,7.36
14476,0,2021-05-15 13:01:00,168.7,33.74
14477,8,2021-05-15 13:11:00,25.7,5.14
14478,8,2021-05-15 13:21:00,89.5,17.9
14479,3,2021-05-15 13:24:00,4.7,0.94
14480,1,2021-05-15 13:32:00,52.5,10.5
14481,13,2021-05-15 13:38:00,45.5,9.1
14482,14,2021-05-15 13:50:00,137.1,27.42
14483,13,2021-05-15 14:00:00,14.9,2.98
14484,8,2021-05-15 14:09:00,4.6,0.92
14485,1,2021-05-15 14:10:00,18.3,3.66
14486,8,2021-05-15 14:17:00,155.3,31.06
14487,4,2021-05-15 14:27:00,4.5,0.9
14488,0,2021-05-15 14:33:00,18.4,3.68
14489,14,2021-05-15 14:33:00,30.5,6.1
14490,13,2021-05-15 14:33:00,76.8,15.36
14491,13,2021-05-15 14:37:00,119.7,23.94
14492,14,2021-05-15 14:37:00,109.1,21.82
14493,10,2021-05-15 14:45:00,2.2,0.44
14494,68,2021-05-15 14:56:00,159.9,31.98
14495,10,2021-05-15 15:03:00,2.2,0.44
14496,1,2021-05-15 15:13:00,148.5,29.7
14497,67,2021-05-15 15:26:00,24.2,4.84
14498,5,2021-05-15 15:37:00,21.4,4.28
14499,14,2021-05-15 15:51:00,367.5,73.5
14500,14,2021-05-15 16:03:00,59.5,11.9
14501,67,2021-05-15 16:10:00,50.0,10.0
14502,67,2021-05-15 16:22:00,164.7,32.94
14503,1,2021-05-15 16:25:00,69.1,13.82
14504,7,2021-05-15 16:26:00,15.6,3.12
14505,2,2021-05-15 16:27:00,22.4,4.48
14506,5,2021-05-15 16:27:00,75.9,15.18
14507,3,2021-05-15 16:35:00,14.1,2.82
14508,1,2021-05-15 16:39:00,6.3,1.26
14509,9,2021-05-15 16:49:00,15.5,3.1
14510,14,2021-05-15 16:59:00,4.8,0.96
14511,67,2021-05-15 17:14:00,17.9,3.58
14512,1,2021-05-15 17:26:00,13.0,2.6
14513,6,2021-05-15 17:27:00,35.4,7.08
14514,9,2021-05-15 17:37:00,6.9,1.38
14515,10,2021-05-15 17:45:00,14.4,2.88
14516,13,2021-05-15 17:59:00,24.9,4.98
14517,0,2021-05-15 18:13:00,70.4,14.08
14518,14,2021-05-15 18:13:00,28.0,5.6
14519,8,2021-05-15 18:20:00,72.8,14.56
14520,7,2021-05-15 18:20:00,2.4,0.48
14521,3,2021-05-15 18:22:00,39.1,7.82
14522,68,2021-05-15 18:37:00,258.2,51.64
14523,2,2021-05-15 18:50:00,10.1,2.02
14524,2,2021-05-15 19:01:00,57.8,11.56
14525,4,2021-05-15 19:06:00,204.2,40.84
14526,1,2021-05-15 19:19:00,12.5,2.5
14527,4,2021-05-15 19:22:00,11.4,2.28
14528,7,2021-05-15 19:37:00,116.8,23.36
14529,5,2021-05-15 19:47:00,10.6,2.12
14530,67,2021-05-15 19:54:00,135.1,27.02
14531,68,2021-05-15 20:03:00,2.1,0.42
14532,14,2021-05-15 20:07:00,14.1,2.82
14533,68,2021-05-15 20:12:00,173.8,34.76
14534,2,2021-05-15 20:16:00,2.4,0.48
14535,5,2021-05-15 20:18:00,23.9,4.78
14536,0,2021-05-15 20:31:00,79.4,15.88
14537,13,2021-05-15 20:42:00,10.9,2.18
14538,10,2021-05-15 20:43:00,10.0,2.0
14539,14,2021-05-15 20:46:00,2.6,0.52
14540,14,2021-05-15 20:48:00,23.4,4.68
14541,2,2021-05-15 20:50:00,2.2,0.44
14542,67,2021-05-15 20:55:00,8.0,1.6
14543,2,2021-05-15 20:59:00,8.5,1.7
14544,14,2021-05-15 21:05:00,127.5,25.5
14545,10,2021-05-15 21:17:00,2.1,0.42
14546,9,2021-05-15 21:28:00,7.8,1.56
14547,0,2021-05-15 21:32:00,8.5,1.7
14548,68,2021-05-15 21:42:00,50.1,10.02
14549,67,2021-05-15 21:49:00,2.1,0.42
14550,0,2021-05-15 21:50:00,8.5,1.7
14551,67,2021-05-15 21:50:00,145.4,29.08
14552,10,2021-05-15 21:58:00,82.8,16.56
14553,12,2021-05-15 22:08:00,16.8,3.36
14554,4,2021-05-15 22:12:00,18.6,3.72
14555,3,2021-05-15 22:16:00,13.2,2.64
14556,0,2021-05-15 22:26:00,11.7,2.34
14557,4,2021-05-15 22:41:00,227.0,45.4
14558,9,2021-05-15 22:49:00,57.2,11.44
14559,68,2021-05-15 22:54:00,17.4,3.48
14560,68,2021-05-16 11:07:00,15.9,3.18
14561,12,2021-05-16 12:01:00,17.8,3.56
14562,4,2021-05-16 12:36:00,20.9,4.18
14563,68,2021-05-16 12:43:00,132.5,26.5
14564,9,2021-05-16 13:11:00,67.2,13.44
14565,67,2021-05-16 13:41:00,18.5,3.7
14566,1,2021-05-16 14:22:00,69.1,13.82
14567,2,2021-05-16 14:59:00,55.5,11.1
14568,3,2021-05-16 15:10:00,168.9,33.78
14569,2,2021-05-16 15:20:00,60.5,12.1
14570,13,2021-05-16 16:11:00,52.1,10.42
14571,13,2021-05-16 16:43:00,2.1,0.42
14572,8,2021-05-16 17:25:00,4.5,0.9
14573,1,2021-05-16 18:11:00,26.2,5.24
14574,1,2021-05-16 19:10:00,10.7,2.14
14575,68,2021-05-16 19:28:00,45.9,9.18
14576,8,2021-05-16 20:05:00,54.9,10.98
14577,67,2021-05-16 20:18:00,122.1,24.42
14578,4,2021-05-16 21:16:00,73.4,14.68
14579,2,2021-05-16 21:47:00,157.6,31.52
14580,4,2021-05-16 21:53:00,10.8,2.16
14581,0,2021-05-16 22:08:00,11.6,2.32
14582,9,2021-05-16 22:14:00,2.1,0.42
14583,13,2021-05-16 22:44:00,42.5,8.5
14584,68,2021-05-17 10:49:00,13.8,2.76
14585,7,2021-05-17 11:06:00,28.5,5.7
14586,68,2021-05-17 11:14:00,11.4,2.28
14587,10,2021-05-17 11:19:00,28.3,5.66
14588,13,2021-05-17 12:07:00,13.4,2.68
14589,12,2021-05-17 12:07:00,201.6,40.32
14590,6,2021-05-17 12:52:00,170.8,34.16
14591,1,2021-05-17 13:24:00,21.4,4.28
14592,3,2021-05-17 13:38:00,4.2,0.84
14593,3,2021-05-17 14:30:00,20.1,4.02
14594,0,2021-05-17 14:42:00,45.5,9.1
14595,12,2021-05-17 14:58:00,2.1,0.42
14596,67,2021-05-17 15:56:00,5.0,1.0
14597,14,2021-05-17 15:58:00,40.3,8.06
14598,5,2021-05-17 16:49:00,234.1,46.82
14599,10,2021-05-17 17:02:00,19.9,3.98
14600,1,2021-05-17 17:18:00,144.3,28.86
14601,3,2021-05-17 17:36:00,24.9,4.98
14602,4,2021-05-17 17:43:00,20.8,4.16
14603,67,2021-05-17 18:38:00,22.3,4.46
14604,5,2021-05-17 19:00:00,6.3,1.26
14605,2,2021-05-17 19:57:00,28.8,5.76
14606,5,2021-05-17 20:03:00,10.1,2.02
14607,12,2021-05-17 20:06:00,21.0,4.2
14608,1,2021-05-17 20:29:00,48.8,9.76
14609,1,2021-05-17 20:57:00,25.3,5.06
14610,4,2021-05-17 21:41:00,85.7,17.14
14611,8,2021-05-17 22:14:00,2.1,0.42
14612,14,2021-05-17 22:45:00,152.7,30.54
14613,1,2021-05-18 10:16:00,19.7,3.94
14614,1,2021-05-18 10:51:00,65.6,13.12
14615,14,2021-05-18 11:14:00,16.2,3.24
14616,5,2021-05-18 12:10:00,8.7,1.74
14617,10,2021-05-18 12:24:00,144.5,28.9
14618,5,2021-05-18 12:28:00,30.3,6.06
14619,9,2021-05-18 13:06:00,27.0,5.4
14620,7,2021-05-18 13:23:00,14.7,2.94
14621,2,2021-05-18 13:41:00,58.0,11.6
14622,10,2021-05-18 13:48:00,212.1,42.42
14623,1,2021-05-18 14:19:00,34.4,6.88
14624,7,2021-05-18 15:15:00,90.1,18.02
14625,67,2021-05-18 16:00:00,12.7,2.54
14626,12,2021-05-18 16:29:00,145.1,29.02
14627,68,2021-05-18 16:42:00,66.3,13.26
14628,8,2021-05-18 17:37:00,40.4,8.08
14629,5,2021-05-18 18:27:00,55.6,11.12
14630,2,2021-05-18 18:42:00,12.5,2.5
14631,68,2021-05-18 19:34:00,19.2,3.84
14632,67,2021-05-18 20:27:00,21.5,4.3
14633,9,2021-05-18 20:59:00,8.5,1.7
14634,12,2021-05-18 21:59:00,68.4,13.68
14635,0,2021-05-18 22:52:00,10.9,2.18
14636,8,2021-05-19 10:14:00,125.6,25.12
14637,13,2021-05-19 10:40:00,121.6,24.32
14638,0,2021-05-19 11:32:00,134.8,26.96
14639,13,2021-05-19 12:14:00,10.1,2.02
14640,68,2021-05-19 12:44:00,10.1,2.02
14641,7,2021-05-19 12:54:00,11.7,2.34
14642,68,2021-05-19 13:45:00,14.3,2.86
14643,14,2021-05-19 14:05:00,15.2,3.04
14644,9,2021-05-19 14:16:00,137.3,27.46
14645,12,2021-05-19 14:52:00,67.0,13.4
14646,68,2021-05-19 15:08:00,21.1,4.22
14647,12,2021-05-19 15:47:00,7.2,1.44
14648,3,2021-05-19 15:59:00,46.4,9.28
14649,9,2021-05-19 16:11:00,2.4,0.48
14650,9,2021-05-19 17:10:00,63.4,12.68
14651,7,2021-05-19 17:10:00,160.1,32.02
14652,6,2021-05-19 17:25:00,21.8,4.36
14653,5,2021-05-19 17:31:00,4.5,0.9
14654,14,2021-05-19 17:57:00,4.3,0.86
14655,2,2021-05-19 18:40:00,56.1,11.22
14656,8,2021-05-19 19:20:00,120.4,24.08
14657,2,2021-05-19 19:48:00,21.5,4.3
14658,68,2021-05-19 20:24:00,66.6,13.32
14659,13,2021-05-19 21:23:00,158.6,31.72
14660,5,2021-05-19 22:04:00,297.6,59.52
14661,13,2021-05-19 22:15:00,126.0,25.2
14662,12,2021-05-19 22:38:00,57.1,11.42
14663,10,2021-05-20 10:59:00,20.2,4.04
14664,5,2021-05-20 11:31:00,18.6,3.72
14665,2,2021-05-20 12:31:00,163.2,32.64
14666,8,2021-05-20 12:50:00,8.5,1.7
14667,13,2021-05-20 12:54:00,48.8,9.76
14668,67,2021-05-20 13:35:00,24.2,4.84
14669,2,2021-05-20 13:36:00,15.4,3.08
14670,14,2021-05-20 13:59:00,15.3,3.06
14671,4,2021-05-20 14:32:00,22.3,4.46
14672,9,2021-05-20 15:02:00,2.6,0.52
14673,0,2021-05-20 15:03:00,67.6,13.52
14674,10,2021-05-20 15:52:00,15.2,3.04
14675,5,2021-05-20 16:33:00,20.2,4.04
14676,6,2021-05-20 17:02:00,15.9,3.18
14677,8,2021-05-20 17:09:00,33.9,6.78
14678,3,2021-05-20 17:25:00,66.5,13.3
14679,8,2021-05-20 17:42:00,2.1,0.42
14680,10,2021-05-20 18:14:00,33.9,6.78
14681,2,2021-05-20 18:19:00,34.2,6.84
14682,3,2021-05-20 19:16:00,11.6,2.32
14683,67,2021-05-20 19:22:00,20.4,4.08
14684,6,2021-05-20 19:46:00,77.9,15.58
14685,14,2021-05-20 20:45:00,46.1,9.22
14686,4,2021-05-20 20:59:00,12.9,2.58
14687,7,2021-05-20 21:03:00,101.2,20.24
14688,14,2021-05-20 21:06:00,54.6,10.92
14689,14,2021-05-20 21:10:00,22.8,4.56
14690,14,2021-05-20 22:07:00,63.8,12.76
14691,3,2021-05-20 22:49:00,13.2,2.64
14692,9,2021-05-21 10:51:00,7.8,1.56
14693,14,2021-05-21 11:11:00,44.0,8.8
14694,9,2021-05-21 11:12:00,24.0,4.8
14695,3,2021-05-21 11:22:00,60.9,12.18
14696,67,2021-05-21 11:39:00,170.4,34.08
14697,8,2021-05-21 11:41:00,66.7,13.34
14698,67,2021-05-21 12:20:00,28.7,5.74
14699,6,2021-05-21 13:16:00,30.1,6.02
14700,14,2021-05-21 13:28:00,32.3,6.46
14701,8,2021-05-21 14:09:00,19.4,3.88
14702,3,2021-05-21 15:02:00,48.8,9.76
14703,10,2021-05-21 15:45:00,180.5,36.1
14704,12,2021-05-21 16:19:00,267.2,53.44
14705,9,2021-05-21 16:21:00,50.8,10.16
14706,4,2021-05-21 17:03:00,10.9,2.18
14707,2,2021-05-21 17:38:00,11.7,2.34
14708,9,2021-05-21 17:45:00,127.7,25.54
14709,1,2021-05-21 18:40:00,195.0,39.0
14710,0,2021-05-21 18:49:00,159.3,31.86
14711,3,2021-05-21 19:14:00,39.3,7.86
14712,0,2021-05-21 19:56:00,11.4,2.28
14713,8,2021-05-21 20:19:00,24.0,4.8
14714,9,2021-05-21 21:18:00,103.4,20.68
14715,1,2021-05-21 22:03:00,8.7,1.74
14716,3,2021-05-21 22:35:00,53.9,10.78
14717,10,2021-05-22 10:34:00,12.3,2.46
14718,5,2021-05-22 11:03:00,111.5,22.3
14719,13,2021-05-22 11:14:00,62.7,12.54
14720,14,2021-05-22 11:19:00,11.6,2.32
14721,4,2021-05-22 11:30:00,6.9,1.38
14722,2,2021-05-22 11:52:00,121.5,24.3
14723,67,2021-05-22 12:22:00,28.6,5.72
14724,14,2021-05-22 12:25:00,13.2,2.64
14725,14,2021-05-22 12:31:00,122.3,24.46
14726,12,2021-05-22 12:37:00,13.8,2.76
14727,14,2021-05-22 12:54:00,4.7,0.94
14728,7,2021-05-22 13:19:00,8.5,1.7
14729,6,2021-05-22 13:47:00,190.6,38.12
14730,14,2021-05-22 14:04:00,13.1,2.62
14731,14,2021-05-22 14:19:00,121.3,24.26
14732,12,2021-05-22 14:20:00,121.6,24.32
14733,14,2021-05-22 14:41:00,14.2,2.84
14734,3,2021-05-22 14:44:00,6.9,1.38
14735,1,2021-05-22 15:06:00,143.0,28.6
14736,14,2021-05-22 15:30:00,280.6,56.12
14737,9,2021-05-22 15:44:00,122.4,24.48
14738,7,2021-05-22 15:49:00,170.3,34.06
14739,67,2021-05-22 15:50:00,27.8,5.56
14740,2,2021-05-22 16:19:00,2.2,0.44
14741,6,2021-05-22 16:30:00,11.4,2.28
14742,4,2021-05-22 16:51:00,18.9,3.78
14743,68,2021-05-22 17:08:00,128.7,25.74
14744,4,2021-05-22 17:38:00,130.1,26.02
14745,67,2021-05-22 17:57:00,27.1,5.42
14746,9,2021-05-22 18:09:00,8.5,1.7
14747,8,2021-05-22 18:20:00,37.6,7.52
14748,14,2021-05-22 18:46:00,76.6,15.32
14749,13,2021-05-22 19:06:00,66.3,13.26
14750,68,2021-05-22 19:16:00,105.0,21.0
14751,8,2021-05-22 19:19:00,145.6,29.12
14752,9,2021-05-22 19:48:00,15.2,3.04
14753,10,2021-05-22 20:14:00,53.9,10.78
14754,67,2021-05-22 20:44:00,55.7,11.14
14755,68,2021-05-22 21:08:00,10.9,2.18
14756,13,2021-05-22 21:37:00,156.2,31.24
14757,4,2021-05-22 22:07:00,38.0,7.6
14758,5,2021-05-22 22:30:00,42.6,8.52
14759,9,2021-05-22 22:44:00,135.3,27.06
14760,9,2021-05-23 11:30:00,23.3,4.66
14761,2,2021-05-23 12:06:00,10.1,2.02
14762,0,2021-05-23 12:28:00,10.9,2.18
14763,14,2021-05-23 13:23:00,2.1,0.42
14764,8,2021-05-23 13:31:00,18.9,3.78
14765,3,2021-05-23 14:31:00,127.5,25.5
14766,13,2021-05-23 15:24:00,52.1,10.42
14767,12,2021-05-23 15:28:00,11.7,2.34
14768,7,2021-05-23 15:29:00,4.6,0.92
14769,13,2021-05-23 16:28:00,2.1,0.42
14770,12,2021-05-23 17:20:00,46.1,9.22
14771,0,2021-05-23 18:20:00,2.1,0.42
14772,9,2021-05-23 18:56:00,12.2,2.44
14773,10,2021-05-23 19:11:00,10.9,2.18
14774,1,2021-05-23 19:59:00,98.8,19.76
14775,9,2021-05-23 20:33:00,21.4,4.28
14776,2,2021-05-23 20:59:00,29.5,5.9
14777,2,2021-05-23 20:59:00,11.7,2.34
14778,6,2021-05-23 21:19:00,36.8,7.36
14779,68,2021-05-23 21:27:00,12.5,2.5
14780,3,2021-05-23 21:47:00,60.8,12.16
14781,0,2021-05-23 22:41:00,22.3,4.46
14782,3,2021-05-24 10:46:00,217.1,43.42
14783,0,2021-05-24 10:53:00,37.5,7.5
14784,7,2021-05-24 11:35:00,30.2,6.04
14785,1,2021-05-24 12:27:00,14.0,2.8
14786,12,2021-05-24 12:52:00,55.1,11.02
14787,0,2021-05-24 13:01:00,26.4,5.28
14788,6,2021-05-24 13:55:00,2.4,0.48
14789,8,2021-05-24 14:18:00,102.2,20.44
14790,68,2021-05-24 14:38:00,67.4,13.48
14791,3,2021-05-24 15:21:00,5.0,1.0
14792,6,2021-05-24 16:21:00,22.5,4.5
14793,4,2021-05-24 16:30:00,107.5,21.5
14794,67,2021-05-24 17:07:00,22.5,4.5
14795,0,2021-05-24 17:42:00,105.9,21.18
14796,68,2021-05-24 18:33:00,9.3,1.86
14797,4,2021-05-24 19:17:00,7.8,1.56
14798,9,2021-05-24 19:49:00,21.7,4.34
14799,0,2021-05-24 20:34:00,94.3,18.86
14800,10,2021-05-24 21:22:00,10.6,2.12
14801,8,2021-05-24 21:31:00,2.4,0.48
14802,4,2021-05-24 22:12:00,23.8,4.76
14803,67,2021-05-24 22:22:00,22.0,4.4
14804,68,2021-05-24 22:29:00,18.8,3.76
14805,6,2021-05-25 10:42:00,161.0,32.2
14806,6,2021-05-25 11:16:00,57.7,11.54
14807,5,2021-05-25 12:02:00,121.5,24.3
14808,3,2021-05-25 12:03:00,2.2,0.44
14809,8,2021-05-25 12:08:00,21.5,4.3
14810,1,2021-05-25 12:31:00,18.7,3.74
14811,8,2021-05-25 12:58:00,8.5,1.7
14812,10,2021-05-25 13:21:00,117.8,23.56
14813,9,2021-05-25 13:41:00,170.9,34.18
14814,5,2021-05-25 14:32:00,77.0,15.4
14815,14,2021-05-25 14:56:00,55.6,11.12
14816,8,2021-05-25 15:30:00,23.2,4.64
14817,3,2021-05-25 15:39:00,172.0,34.4
14818,9,2021-05-25 15:55:00,23.0,4.6
14819,6,2021-05-25 16:10:00,112.2,22.44
14820,12,2021-05-25 16:18:00,14.7,2.94
14821,14,2021-05-25 17:18:00,53.3,10.66
14822,0,2021-05-25 17:57:00,20.1,4.02
14823,1,2021-05-25 18:42:00,11.6,2.32
14824,1,2021-05-25 19:07:00,156.7,31.34
14825,3,2021-05-25 19:28:00,22.6,4.52
14826,68,2021-05-25 19:36:00,119.8,23.96
14827,12,2021-05-25 20:02:00,2.1,0.42
14828,5,2021-05-25 20:32:00,48.8,9.76
14829,67,2021-05-25 21:01:00,12.1,2.42
14830,1,2021-05-25 21:42:00,18.6,3.72
14831,7,2021-05-25 21:48:00,10.1,2.02
14832,6,2021-05-25 22:23:00,2.4,0.48
14833,4,2021-05-25 22:26:00,171.7,34.34
14834,68,2021-05-25 22:32:00,44.0,8.8
14835,8,2021-05-25 22:37:00,117.5,23.5
14836,7,2021-05-25 22:39:00,10.9,2.18
14837,9,2021-05-25 22:49:00,13.2,2.64
14838,5,2021-05-26 10:51:00,91.7,18.34
14839,8,2021-05-26 11:26:00,18.0,3.6
14840,7,2021-05-26 11:39:00,10.6,2.12
14841,3,2021-05-26 12:32:00,59.0,11.8
14842,3,2021-05-26 13:07:00,26.4,5.28
14843,8,2021-05-26 13:41:00,4.8,0.96
14844,12,2021-05-26 14:38:00,4.8,0.96
14845,4,2021-05-26 15:18:00,8.5,1.7
14846,1,2021-05-26 15:29:00,44.6,8.92
14847,67,2021-05-26 15:52:00,41.1,8.22
14848,0,2021-05-26 16:15:00,60.1,12.02
14849,2,2021-05-26 16:20:00,14.9,2.98
14850,3,2021-05-26 17:11:00,128.8,25.76
14851,14,2021-05-26 17:39:00,56.4,11.28
14852,14,2021-05-26 18:09:00,64.2,12.84
14853,0,2021-05-26 18:24:00,6.7,1.34
14854,12,2021-05-26 19:15:00,109.1,21.82
14855,4,2021-05-26 19:29:00,2.4,0.48
14856,4,2021-05-26 20:17:00,23.1,4.62
14857,14,2021-05-26 21:00:00,278.4,55.68
14858,13,2021-05-26 21:17:00,2.4,0.48
14859,2,2021-05-26 21:36:00,151.4,30.28
14860,0,2021-05-26 21:52:00,25.9,5.18
14861,7,2021-05-26 22:03:00,160.3,32.06
14862,10,2021-05-26 22:51:00,176.3,35.26
14863,6,2021-05-27 10:13:00,14.0,2.8
14864,5,2021-05-27 10:27:00,65.4,13.08
14865,10,2021-05-27 11:02:00,9.1,1.82
14866,67,2021-05-27 11:31:00,15.1,3.02
14867,12,2021-05-27 12:28:00,2.2,0.44
14868,68,2021-05-27 12:50:00,28.2,5.64
14869,0,2021-05-27 13:12:00,200.8,40.16
14870,4,2021-05-27 14:05:00,25.4,5.08
14871,10,2021-05-27 14:54:00,45.5,9.1
14872,1,2021-05-27 15:11:00,172.4,34.48
14873,8,2021-05-27 15:30:00,22.6,4.52
14874,3,2021-05-27 16:04:00,13.7,2.74
14875,14,2021-05-27 16:47:00,58.6,11.72
14876,1,2021-05-27 17:23:00,5.6,1.12
14877,2,2021-05-27 18:04:00,32.7,6.54
14878,4,2021-05-27 18:04:00,11.3,2.26
14879,68,2021-05-27 18:53:00,11.4,2.28
14880,10,2021-05-27 19:28:00,81.3,16.26
14881,6,2021-05-27 19:42:00,171.6,34.32
14882,3,2021-05-27 19:53:00,11.6,2.32
14883,4,2021-05-27 20:47:00,11.4,2.28
14884,10,2021-05-27 21:07:00,122.0,24.4
14885,14,2021-05-27 21:27:00,31.6,6.32
14886,3,2021-05-27 22:21:00,24.9,4.98
14887,13,2021-05-28 10:43:00,45.5,9.1
14888,10,2021-05-28 11:32:00,19.2,3.84
14889,7,2021-05-28 12:13:00,53.3,10.66
14890,6,2021-05-28 12:42:00,85.8,17.16
14891,7,2021-05-28 12:56:00,173.5,34.7
14892,7,2021-05-28 13:14:00,40.0,8.0
14893,3,2021-05-28 13:15:00,24.9,4.98
14894,14,2021-05-28 14:15:00,174.6,34.92
14895,14,2021-05-28 14:25:00,220.6,44.12
14896,6,2021-05-28 14:46:00,241.0,48.2
14897,1,2021-05-28 15:04:00,16.9,3.38
14898,68,2021-05-28 15:09:00,12.4,2.48
14899,6,2021-05-28 15:55:00,24.3,4.86
14900,9,2021-05-28 16:40:00,171.7,34.34
14901,68,2021-05-28 17:36:00,107.5,21.5
14902,7,2021-05-28 17:47:00,11.7,2.34
14903,8,2021-05-28 18:43:00,2.4,0.48
14904,14,2021-05-28 19:27:00,134.5,26.9
14905,0,2021-05-28 19:53:00,17.2,3.44
14906,4,2021-05-28 20:50:00,156.2,31.24
14907,10,2021-05-28 21:35:00,4.5,0.9
14908,6,2021-05-28 22:24:00,2.1,0.42
14909,13,2021-05-29 11:00:00,29.4,5.88
14910,12,2021-05-29 11:16:00,19.9,3.98
14911,10,2021-05-29 11:22:00,116.9,23.38
14912,1,2021-05-29 11:41:00,56.6,11.32
14913,12,2021-05-29 11:54:00,56.6,11.32
14914,2,2021-05-29 12:00:00,12.2,2.44
14915,9,2021-05-29 12:14:00,2.4,0.48
14916,1,2021-05-29 12:27:00,4.5,0.9
14917,12,2021-05-29 12:50:00,10.1,2.02
14918,5,2021-05-29 12:51:00,32.4,6.48
14919,68,2021-05-29 12:51:00,23.1,4.62
14920,6,2021-05-29 13:13:00,45.5,9.1
14921,1,2021-05-29 13:17:00,2.1,0.42
14922,7,2021-05-29 13:25:00,12.1,2.42
14923,1,2021-05-29 13:55:00,169.4,33.88
14924,0,2021-05-29 13:59:00,20.0,4.0
14925,4,2021-05-29 14:21:00,195.1,39.02
14926,3,2021-05-29 14:49:00,113.4,22.68
14927,68,2021-05-29 15:08:00,2.1,0.42
14928,6,2021-05-29 15:38:00,2.1,0.42
14929,9,2021-05-29 15:39:00,11.7,2.34
14930,1,2021-05-29 16:04:00,6.9,1.38
14931,3,2021-05-29 16:34:00,169.4,33.88
14932,6,2021-05-29 17:03:00,69.0,13.8
14933,13,2021-05-29 17:18:00,79.3,15.86
14934,10,2021-05-29 17:30:00,143.0,28.6
14935,4,2021-05-29 17:34:00,12.1,2.42
14936,13,2021-05-29 17:57:00,11.7,2.34
14937,2,2021-05-29 18:08:00,46.4,9.28
14938,7,2021-05-29 18:25:00,17.7,3.54
14939,68,2021-05-29 18:35:00,16.2,3.24
14940,14,2021-05-29 18:51:00,112.8,22.56
14941,2,2021-05-29 19:02:00,2.4,0.48
14942,0,2021-05-29 19:09:00,357.4,71.48
14943,12,2021-05-29 19:37:00,10.8,2.16
14944,0,2021-05-29 20:01:00,17.1,3.42
14945,10,2021-05-29 20:12:00,12.2,2.44
14946,67,2021-05-29 20:29:00,63.1,12.62
14947,2,2021-05-29 20:37:00,2.1,0.42
14948,67,2021-05-29 20:52:00,33.5,6.7
14949,10,2021-05-29 20:57:00,10.0,2.0
14950,7,2021-05-29 21:13:00,2.1,0.42
14951,4,2021-05-29 21:34:00,10.1,2.02
14952,5,2021-05-29 21:45:00,2.6,0.52
14953,6,2021-05-29 21:55:00,29.5,5.9
14954,6,2021-05-29 22:22:00,16.5,3.3
14955,8,2021-05-29 22:42:00,2.4,0.48
14956,3,2021-05-30 11:18:00,164.7,32.94
14957,4,2021-05-30 11:26:00,125.3,25.06
14958,68,2021-05-30 12:16:00,192.1,38.42
14959,12,2021-05-30 12:20:00,22.6,4.52
14960,14,2021-05-30 12:46:00,4.2,0.84
14961,12,2021-05-30 13:11:00,210.2,42.04
14962,67,2021-05-30 14:01:00,128.9,25.78
14963,12,2021-05-30 14:42:00,250.0,50.0
14964,13,2021-05-30 14:46:00,5.0,1.0
14965,1,2021-05-30 15:36:00,14.3,2.86
14966,12,2021-05-30 15:40:00,244.9,48.98
14967,5,2021-05-30 16:22:00,19.8,3.96
14968,1,2021-05-30 17:08:00,44.0,8.8
14969,9,2021-05-30 17:57:00,53.3,10.66
14970,2,2021-05-30 18:04:00,26.2,5.24
14971,2,2021-05-30 18:38:00,21.3,4.26
14972,4,2021-05-30 19:27:00,22.3,4.46
14973,12,2021-05-30 20:16:00,17.8,3.56
14974,8,2021-05-30 21:13:00,131.6,26.32
14975,10,2021-05-30 21:28:00,21.8,4.36
14976,9,2021-05-30 21:46:00,9.9,1.98
14977,13,2021-05-30 21:49:00,26.4,5.28
14978,0,2021-05-30 22:28:00,25.9,5.18
14979,68,2021-05-30 22:42:00,20.8,4.16
14980,6,2021-05-30 22:43:00,22.2,4.44
14981,9,2021-05-30 22:48:00,2.1,0.42
14982,7,2021-05-31 10:18:00,13.5,2.7
14983,4,2021-05-31 10:39:00,124.5,24.9
14984,4,2021-05-31 11:26:00,231.5,46.3
14985,5,2021-05-31 12:17:00,80.2,16.04
14986,14,2021-05-31 12:34:00,46.1,9.22
14987,5,2021-05-31 12:53:00,5.4,1.08
14988,3,2021-05-31 13:17:00,17.8,3.56
14989,9,2021-05-31 13:51:00,166.9,33.38
14990,6,2021-05-31 14:25:00,47.9,9.58
14991,13,2021-05-31 15:25:00,2.1,0.42
14992,10,2021-05-31 15:41:00,11.7,2.34
14993,3,2021-05-31 15:52:00,10.9,2.18
14994,7,2021-05-31 16:34:00,149.4,29.88
14995,6,2021-05-31 16:43:00,98.0,19.6
14996,6,2021-05-31 17:34:00,416.8,83.36
14997,0,2021-05-31 17:56:00,13.9,2.78
14998,8,2021-05-31 17:59:00,266.0,53.2
14999,6,2021-05-31 18:03:00,8.5,1.7
15000,1,2021-05-31 18:29:00,160.3,32.06
15001,13,2021-05-31 19:20:00,105.2,21.04
15002,0,2021-05-31 19:46:00,25.6,5.12
15003,0,2021-05-31 19:58:00,20.9,4.18
15004,12,2021-05-31 20:15:00,71.9,14.38
15005,2,2021-05-31 21:03:00,140.3,28.06
15006,9,2021-05-31 21:33:00,48.8,9.76
15007,13,2021-05-31 22:31:00,66.8,13.36
15008,3,2021-06-01 10:57:00,24.4,4.88
15009,0,2021-06-01 11:16:00,115.5,23.1
15010,68,2021-06-01 11:16:00,158.4,31.68
15011,3,2021-06-01 11:41:00,11.6,2.32
15012,13,2021-06-01 12:41:00,62.6,12.52
15013,8,2021-06-01 12:51:00,165.3,33.06
15014,14,2021-06-01 13:17:00,11.0,2.2
15015,4,2021-06-01 13:48:00,80.3,16.06
15016,9,2021-06-01 14:16:00,117.5,23.5
15017,2,2021-06-01 14:39:00,5.6,1.12
15018,14,2021-06-01 14:52:00,2.1,0.42
15019,7,2021-06-01 15:21:00,25.5,5.1
15020,5,2021-06-01 15:25:00,75.5,15.1
15021,12,2021-06-01 15:52:00,203.2,40.64
15022,5,2021-06-01 16:07:00,208.1,41.62
15023,12,2021-06-01 16:19:00,17.4,3.48
15024,1,2021-06-01 17:17:00,121.6,24.32
15025,12,2021-06-01 17:33:00,8.5,1.7
15026,9,2021-06-01 18:11:00,117.8,23.56
15027,9,2021-06-01 18:53:00,24.9,4.98
15028,0,2021-06-01 19:38:00,69.2,13.84
15029,1,2021-06-01 19:40:00,25.2,5.04
15030,3,2021-06-01 20:01:00,5.6,1.12
15031,0,2021-06-01 20:20:00,24.3,4.86
15032,5,2021-06-01 20:35:00,32.6,6.52
15033,8,2021-06-01 21:26:00,35.2,7.04
15034,9,2021-06-01 21:26:00,11.4,2.28
15035,7,2021-06-01 21:39:00,171.8,34.36
15036,7,2021-06-01 22:11:00,32.5,6.5
15037,10,2021-06-01 22:41:00,163.1,32.62
15038,0,2021-06-02 10:32:00,14.7,2.94
15039,9,2021-06-02 10:58:00,162.3,32.46
15040,9,2021-06-02 11:51:00,340.0,68.0
15041,4,2021-06-02 12:37:00,2.1,0.42
15042,8,2021-06-02 13:05:00,25.7,5.14
15043,68,2021-06-02 13:22:00,69.9,13.98
15044,13,2021-06-02 14:02:00,76.3,15.26
15045,9,2021-06-02 15:02:00,55.5,11.1
15046,3,2021-06-02 15:28:00,44.0,8.8
15047,8,2021-06-02 16:21:00,109.1,21.82
15048,3,2021-06-02 17:01:00,14.9,2.98
15049,4,2021-06-02 17:55:00,129.3,25.86
15050,1,2021-06-02 18:29:00,40.6,8.12
15051,4,2021-06-02 19:21:00,17.0,3.4
15052,8,2021-06-02 19:50:00,16.9,3.38
15053,8,2021-06-02 20:36:00,18.8,3.76
15054,9,2021-06-02 20:44:00,12.6,2.52
15055,12,2021-06-02 21:26:00,60.8,12.16
15056,68,2021-06-02 21:28:00,2.6,0.52
15057,2,2021-06-02 22:26:00,35.3,7.06
15058,68,2021-06-03 10:55:00,339.5,67.9
15059,12,2021-06-03 11:37:00,46.2,9.24
15060,7,2021-06-03 11:42:00,34.8,6.96
15061,8,2021-06-03 11:49:00,15.6,3.12
15062,10,2021-06-03 12:39:00,59.3,11.86
15063,6,2021-06-03 12:55:00,35.3,7.06
15064,67,2021-06-03 13:29:00,217.1,43.42
15065,3,2021-06-03 14:03:00,11.4,2.28
15066,1,2021-06-03 14:54:00,123.2,24.64
15067,6,2021-06-03 15:36:00,113.3,22.66
15068,2,2021-06-03 15:52:00,51.2,10.24
15069,7,2021-06-03 16:06:00,27.3,5.46
15070,68,2021-06-03 16:26:00,27.5,5.5
15071,9,2021-06-03 16:56:00,468.7,93.74
15072,1,2021-06-03 17:20:00,23.0,4.6
15073,13,2021-06-03 17:53:00,62.6,12.52
15074,9,2021-06-03 18:22:00,29.1,5.82
15075,8,2021-06-03 18:45:00,60.7,12.14
15076,3,2021-06-03 19:23:00,89.5,17.9
15077,67,2021-06-03 19:57:00,4.2,0.84
15078,8,2021-06-03 20:50:00,2.2,0.44
15079,8,2021-06-03 20:59:00,13.1,2.62
15080,5,2021-06-03 21:42:00,60.7,12.14
15081,9,2021-06-03 22:26:00,5.0,1.0
15082,4,2021-06-04 10:45:00,61.3,12.26
15083,6,2021-06-04 11:00:00,2.6,0.52
15084,8,2021-06-04 11:28:00,14.7,2.94
15085,1,2021-06-04 11:50:00,181.7,36.34
15086,3,2021-06-04 12:16:00,28.5,5.7
15087,2,2021-06-04 12:50:00,16.2,3.24
15088,4,2021-06-04 13:40:00,157.1,31.42
15089,8,2021-06-04 14:19:00,2.4,0.48
15090,5,2021-06-04 15:10:00,14.7,2.94
15091,7,2021-06-04 16:03:00,24.9,4.98
15092,3,2021-06-04 16:28:00,341.6,68.32
15093,0,2021-06-04 16:38:00,15.6,3.12
15094,1,2021-06-04 16:56:00,18.7,3.74
15095,6,2021-06-04 17:46:00,41.5,8.3
15096,67,2021-06-04 18:34:00,2.1,0.42
15097,0,2021-06-04 19:07:00,2.4,0.48
15098,12,2021-06-04 19:54:00,28.4,5.68
15099,12,2021-06-04 19:55:00,70.9,14.18
15100,3,2021-06-04 20:09:00,61.0,12.2
15101,7,2021-06-04 21:02:00,187.0,37.4
15102,7,2021-06-04 21:29:00,123.6,24.72
15103,13,2021-06-04 22:05:00,116.0,23.2
15104,1,2021-06-04 22:14:00,2.4,0.48
15105,1,2021-06-05 10:57:00,2.4,0.48
15106,7,2021-06-05 10:58:00,57.1,11.42
15107,10,2021-06-05 11:09:00,6.6,1.32
15108,6,2021-06-05 11:26:00,19.1,3.82
15109,7,2021-06-05 11:30:00,126.1,25.22
15110,1,2021-06-05 11:32:00,273.3,54.66
15111,10,2021-06-05 11:35:00,54.2,10.84
15112,14,2021-06-05 11:58:00,35.8,7.16
15113,7,2021-06-05 12:02:00,41.7,8.34
15114,3,2021-06-05 12:25:00,38.3,7.66
15115,3,2021-06-05 12:40:00,59.3,11.86
15116,8,2021-06-05 13:01:00,10.7,2.14
15117,0,2021-06-05 13:21:00,16.2,3.24
15118,68,2021-06-05 13:31:00,11.6,2.32
15119,68,2021-06-05 13:41:00,50.1,10.02
15120,7,2021-06-05 14:08:00,45.4,9.08
15121,0,2021-06-05 14:19:00,10.1,2.02
15122,12,2021-06-05 14:41:00,13.7,2.74
15123,68,2021-06-05 14:47:00,75.6,15.12
15124,7,2021-06-05 15:17:00,12.5,2.5
15125,7,2021-06-05 15:45:00,9.0,1.8
15126,12,2021-06-05 15:59:00,227.4,45.48
15127,6,2021-06-05 16:12:00,62.9,12.58
15128,9,2021-06-05 16:13:00,18.8,3.76
15129,8,2021-06-05 16:28:00,67.9,13.58
15130,4,2021-06-05 16:34:00,128.0,25.6
15131,9,2021-06-05 16:47:00,130.8,26.16
15132,3,2021-06-05 17:15:00,13.0,2.6
15133,8,2021-06-05 17:25:00,112.8,22.56
15134,3,2021-06-05 17:27:00,2.1,0.42
15135,3,2021-06-05 17:42:00,23.9,4.78
15136,2,2021-06-05 18:07:00,16.8,3.36
15137,68,2021-06-05 18:30:00,141.9,28.38
15138,8,2021-06-05 18:50:00,441.6,88.32
15139,14,2021-06-05 19:17:00,141.5,28.3
15140,3,2021-06-05 19:41:00,4.6,0.92
15141,5,2021-06-05 19:48:00,65.7,13.14
15142,4,2021-06-05 19:59:00,11.1,2.22
15143,5,2021-06-05 20:00:00,257.3,51.46
15144,0,2021-06-05 20:18:00,14.3,2.86
15145,3,2021-06-05 20:41:00,23.3,4.66
15146,12,2021-06-05 20:50:00,5.6,1.12
15147,7,2021-06-05 21:03:00,16.2,3.24
15148,2,2021-06-05 21:03:00,68.2,13.64
15149,8,2021-06-05 21:09:00,60.3,12.06
15150,10,2021-06-05 21:24:00,175.3,35.06
15151,68,2021-06-05 21:43:00,4.6,0.92
15152,13,2021-06-05 22:03:00,114.9,22.98
15153,5,2021-06-05 22:07:00,14.1,2.82
15154,9,2021-06-05 22:19:00,155.5,31.1
15155,14,2021-06-05 22:42:00,70.4,14.08
15156,9,2021-06-06 11:26:00,45.1,9.02
15157,13,2021-06-06 11:41:00,149.9,29.98
15158,7,2021-06-06 12:36:00,60.6,12.12
15159,0,2021-06-06 13:00:00,221.3,44.26
15160,1,2021-06-06 13:41:00,126.6,25.32
15161,67,2021-06-06 14:07:00,138.9,27.78
15162,4,2021-06-06 14:49:00,73.6,14.72
15163,3,2021-06-06 15:42:00,105.1,21.02
15164,4,2021-06-06 16:11:00,37.3,7.46
15165,0,2021-06-06 16:52:00,188.5,37.7
15166,9,2021-06-06 17:30:00,33.5,6.7
15167,2,2021-06-06 18:01:00,9.0,1.8
15168,68,2021-06-06 18:52:00,23.9,4.78
15169,2,2021-06-06 19:49:00,17.7,3.54
15170,9,2021-06-06 19:56:00,14.8,2.96
15171,68,2021-06-06 20:43:00,19.5,3.9
15172,3,2021-06-06 20:58:00,46.1,9.22
15173,2,2021-06-06 21:53:00,176.4,35.28
15174,1,2021-06-06 22:33:00,2.1,0.42
15175,9,2021-06-06 22:48:00,20.7,4.14
15176,4,2021-06-06 22:51:00,11.4,2.28
15177,7,2021-06-07 10:19:00,132.5,26.5
15178,68,2021-06-07 10:25:00,6.7,1.34
15179,10,2021-06-07 10:59:00,44.0,8.8
15180,7,2021-06-07 11:25:00,386.5,77.3
15181,1,2021-06-07 11:42:00,46.2,9.24
15182,4,2021-06-07 12:16:00,128.8,25.76
15183,68,2021-06-07 13:09:00,9.7,1.94
15184,68,2021-06-07 13:46:00,30.7,6.14
15185,5,2021-06-07 14:08:00,46.2,9.24
15186,5,2021-06-07 14:43:00,2.4,0.48
15187,2,2021-06-07 15:06:00,65.7,13.14
15188,12,2021-06-07 15:06:00,15.3,3.06
15189,6,2021-06-07 15:17:00,107.5,21.5
15190,5,2021-06-07 15:52:00,4.8,0.96
15191,14,2021-06-07 16:03:00,17.9,3.58
15192,9,2021-06-07 16:17:00,172.8,34.56
15193,10,2021-06-07 16:27:00,2.1,0.42
15194,10,2021-06-07 17:18:00,68.0,13.6
15195,67,2021-06-07 17:45:00,14.9,2.98
15196,6,2021-06-07 18:02:00,10.5,2.1
15197,4,2021-06-07 18:56:00,9.9,1.98
15198,68,2021-06-07 19:29:00,127.6,25.52
15199,10,2021-06-07 19:43:00,60.1,12.02
15200,3,2021-06-07 20:21:00,16.8,3.36
15201,12,2021-06-07 21:02:00,81.1,16.22
15202,1,2021-06-07 21:34:00,185.2,37.04
15203,9,2021-06-07 21:52:00,2.2,0.44
15204,3,2021-06-07 22:33:00,19.9,3.98
15205,5,2021-06-08 10:48:00,10.0,2.0
15206,6,2021-06-08 11:42:00,2.4,0.48
15207,10,2021-06-08 12:03:00,30.5,6.1
15208,0,2021-06-08 12:07:00,2.4,0.48
15209,8,2021-06-08 12:28:00,2.6,0.52
15210,13,2021-06-08 13:21:00,12.3,2.46
15211,2,2021-06-08 13:23:00,155.5,31.1
15212,0,2021-06-08 14:01:00,58.6,11.72
15213,10,2021-06-08 14:47:00,4.6,0.92
15214,4,2021-06-08 15:23:00,23.0,4.6
15215,1,2021-06-08 15:30:00,67.9,13.58
15216,12,2021-06-08 16:10:00,2.4,0.48
15217,67,2021-06-08 16:54:00,139.1,27.82
15218,68,2021-06-08 17:50:00,16.7,3.34
15219,68,2021-06-08 18:44:00,23.3,4.66
15220,4,2021-06-08 18:57:00,24.9,4.98
15221,0,2021-06-08 19:25:00,10.1,2.02
15222,1,2021-06-08 20:03:00,154.1,30.82
15223,12,2021-06-08 20:23:00,64.1,12.82
15224,3,2021-06-08 21:23:00,35.6,7.12
15225,68,2021-06-08 22:19:00,43.4,8.68
15226,1,2021-06-09 10:44:00,7.2,1.44
15227,13,2021-06-09 11:01:00,18.8,3.76
15228,9,2021-06-09 11:16:00,58.7,11.74
15229,1,2021-06-09 11:36:00,10.0,2.0
15230,14,2021-06-09 11:39:00,132.9,26.58
15231,1,2021-06-09 12:33:00,28.0,5.6
15232,4,2021-06-09 13:27:00,112.9,22.58
15233,68,2021-06-09 14:25:00,163.7,32.74
15234,12,2021-06-09 14:51:00,11.6,2.32
15235,5,2021-06-09 14:53:00,112.8,22.56
15236,8,2021-06-09 15:19:00,161.0,32.2
15237,4,2021-06-09 15:21:00,144.6,28.92
15238,7,2021-06-09 15:34:00,123.5,24.7
15239,1,2021-06-09 16:14:00,58.0,11.6
15240,13,2021-06-09 16:34:00,45.5,9.1
15241,3,2021-06-09 17:10:00,112.9,22.58
15242,14,2021-06-09 18:02:00,60.4,12.08
15243,14,2021-06-09 18:29:00,67.6,13.52
15244,67,2021-06-09 19:09:00,5.4,1.08
15245,14,2021-06-09 19:12:00,122.4,24.48
15246,12,2021-06-09 20:04:00,48.8,9.76
15247,7,2021-06-09 20:43:00,54.1,10.82
15248,8,2021-06-09 20:51:00,57.5,11.5
15249,68,2021-06-09 21:04:00,153.9,30.78
15250,14,2021-06-09 21:10:00,28.5,5.7
15251,13,2021-06-09 21:19:00,22.8,4.56
15252,0,2021-06-09 21:57:00,8.5,1.7
15253,7,2021-06-09 22:06:00,4.8,0.96
15254,14,2021-06-10 10:59:00,4.6,0.92
15255,8,2021-06-10 11:16:00,107.5,21.5
15256,67,2021-06-10 11:20:00,45.5,9.1
15257,13,2021-06-10 11:35:00,2.4,0.48
15258,0,2021-06-10 12:28:00,6.6,1.32
15259,3,2021-06-10 12:55:00,131.9,26.38
15260,14,2021-06-10 13:26:00,332.0,66.4
15261,3,2021-06-10 13:55:00,4.3,0.86
15262,7,2021-06-10 14:41:00,58.9,11.78
15263,6,2021-06-10 15:16:00,24.7,4.94
15264,2,2021-06-10 15:59:00,13.9,2.78
15265,8,2021-06-10 16:25:00,117.8,23.56
15266,1,2021-06-10 16:45:00,167.8,33.56
15267,4,2021-06-10 17:26:00,308.5,61.7
15268,6,2021-06-10 18:10:00,56.4,11.28
15269,9,2021-06-10 18:52:00,21.5,4.3
15270,8,2021-06-10 19:48:00,11.4,2.28
15271,1,2021-06-10 20:21:00,44.0,8.8
15272,8,2021-06-10 21:19:00,15.5,3.1
15273,2,2021-06-10 21:23:00,125.3,25.06
15274,9,2021-06-10 21:49:00,29.2,5.84
15275,8,2021-06-10 21:53:00,2.6,0.52
15276,0,2021-06-10 22:00:00,23.0,4.6
15277,7,2021-06-10 22:05:00,94.3,18.86
15278,3,2021-06-10 22:11:00,264.5,52.9
15279,9,2021-06-11 11:00:00,62.3,12.46
15280,68,2021-06-11 11:39:00,41.0,8.2
15281,3,2021-06-11 11:51:00,49.0,9.8
15282,13,2021-06-11 11:59:00,239.2,47.84
15283,3,2021-06-11 12:38:00,7.4,1.48
15284,6,2021-06-11 13:25:00,5.4,1.08
15285,6,2021-06-11 13:35:00,59.6,11.92
15286,68,2021-06-11 14:04:00,67.3,13.46
15287,7,2021-06-11 14:30:00,136.7,27.34
15288,67,2021-06-11 15:12:00,35.6,7.12
15289,0,2021-06-11 15:13:00,10.6,2.12
15290,9,2021-06-11 15:40:00,2.1,0.42
15291,13,2021-06-11 15:44:00,24.2,4.84
15292,1,2021-06-11 16:11:00,22.5,4.5
15293,1,2021-06-11 16:47:00,202.4,40.48
15294,3,2021-06-11 17:46:00,28.9,5.78
15295,13,2021-06-11 18:27:00,11.7,2.34
15296,14,2021-06-11 18:30:00,77.4,15.48
15297,10,2021-06-11 19:01:00,4.2,0.84
15298,7,2021-06-11 19:33:00,68.5,13.7
15299,4,2021-06-11 19:36:00,2.2,0.44
15300,8,2021-06-11 19:53:00,323.4,64.68
15301,3,2021-06-11 20:12:00,64.4,12.88
15302,14,2021-06-11 20:51:00,153.1,30.62
15303,3,2021-06-11 21:39:00,143.0,28.6
15304,7,2021-06-11 21:42:00,149.4,29.88
15305,12,2021-06-11 22:03:00,8.5,1.7
15306,2,2021-06-11 22:28:00,19.3,3.86
15307,4,2021-06-12 10:53:00,2.4,0.48
15308,1,2021-06-12 11:12:00,21.1,4.22
15309,7,2021-06-12 11:37:00,69.2,13.84
15310,12,2021-06-12 12:03:00,13.2,2.64
15311,4,2021-06-12 12:30:00,31.8,6.36
15312,13,2021-06-12 12:48:00,79.7,15.94
15313,1,2021-06-12 13:08:00,222.2,44.44
15314,9,2021-06-12 13:16:00,122.4,24.48
15315,4,2021-06-12 13:31:00,2.4,0.48
15316,14,2021-06-12 13:54:00,2.1,0.42
15317,68,2021-06-12 14:12:00,64.1,12.82
15318,68,2021-06-12 14:27:00,16.4,3.28
15319,1,2021-06-12 14:33:00,2.1,0.42
15320,6,2021-06-12 14:48:00,160.6,32.12
15321,3,2021-06-12 14:56:00,128.7,25.74
15322,8,2021-06-12 15:16:00,12.7,2.54
15323,14,2021-06-12 15:24:00,18.6,3.72
15324,6,2021-06-12 15:36:00,158.0,31.6
15325,67,2021-06-12 16:03:00,10.1,2.02
15326,7,2021-06-12 16:20:00,11.7,2.34
15327,6,2021-06-12 16:26:00,28.1,5.62
15328,2,2021-06-12 16:54:00,12.5,2.5
15329,68,2021-06-12 16:59:00,21.8,4.36
15330,14,2021-06-12 17:29:00,17.1,3.42
15331,8,2021-06-12 17:36:00,52.5,10.5
15332,67,2021-06-12 17:42:00,16.2,3.24
15333,68,2021-06-12 17:52:00,5.4,1.08
15334,7,2021-06-12 18:04:00,13.9,2.78
15335,7,2021-06-12 18:11:00,7.6,1.52
15336,5,2021-06-12 18:35:00,64.3,12.86
15337,3,2021-06-12 18:58:00,12.7,2.54
15338,1,2021-06-12 19:00:00,4.6,0.92
15339,10,2021-06-12 19:16:00,67.4,13.48
15340,8,2021-06-12 19:34:00,8.5,1.7
15341,0,2021-06-12 19:51:00,55.7,11.14
15342,6,2021-06-12 20:02:00,159.8,31.96
15343,3,2021-06-12 20:31:00,17.4,3.48
15344,14,2021-06-12 21:00:00,10.2,2.04
15345,4,2021-06-12 21:12:00,2.6,0.52
15346,12,2021-06-12 21:36:00,56.9,11.38
15347,13,2021-06-12 21:44:00,40.3,8.06
15348,6,2021-06-12 22:08:00,14.0,2.8
15349,13,2021-06-12 22:22:00,74.9,14.98
15350,6,2021-06-12 22:46:00,20.6,4.12
15351,14,2021-06-13 11:20:00,150.8,30.16
15352,8,2021-06-13 11:58:00,5.4,1.08
15353,1,2021-06-13 12:13:00,123.6,24.72
15354,13,2021-06-13 12:52:00,27.0,5.4
15355,13,2021-06-13 13:44:00,11.6,2.32
15356,67,2021-06-13 14:42:00,379.9,75.98
15357,9,2021-06-13 15:36:00,166.8,33.36
15358,10,2021-06-13 15:41:00,20.7,4.14
15359,7,2021-06-13 16:38:00,4.7,0.94
15360,0,2021-06-13 16:52:00,92.1,18.42
15361,6,2021-06-13 17:06:00,88.0,17.6
15362,9,2021-06-13 17:50:00,11.7,2.34
15363,1,2021-06-13 18:42:00,11.1,2.22
15364,12,2021-06-13 19:09:00,31.0,6.2
15365,13,2021-06-13 19:43:00,125.3,25.06
15366,0,2021-06-13 20:36:00,4.2,0.84
15367,10,2021-06-13 21:04:00,17.0,3.4
15368,6,2021-06-13 21:12:00,68.7,13.74
15369,0,2021-06-13 21:36:00,11.8,2.36
15370,4,2021-06-13 21:53:00,22.4,4.48
15371,14,2021-06-13 22:42:00,25.5,5.1
15372,4,2021-06-14 10:19:00,119.6,23.92
15373,3,2021-06-14 10:51:00,59.7,11.94
15374,7,2021-06-14 10:55:00,6.7,1.34
15375,4,2021-06-14 11:53:00,47.7,9.54
15376,0,2021-06-14 12:06:00,2.1,0.42
15377,1,2021-06-14 12:26:00,28.5,5.7
15378,68,2021-06-14 13:04:00,8.7,1.74
15379,2,2021-06-14 13:54:00,2.1,0.42
15380,9,2021-06-14 14:26:00,130.7,26.14
15381,4,2021-06-14 14:42:00,54.8,10.96
15382,9,2021-06-14 14:54:00,4.4,0.88
15383,0,2021-06-14 15:33:00,48.6,9.72
15384,0,2021-06-14 16:23:00,164.7,32.94
15385,68,2021-06-14 16:26:00,44.7,8.94
15386,67,2021-06-14 16:33:00,26.2,5.24
15387,68,2021-06-14 17:04:00,101.9,20.38
15388,67,2021-06-14 18:04:00,18.0,3.6
15389,9,2021-06-14 18:33:00,23.2,4.64
15390,3,2021-06-14 19:03:00,156.1,31.22
15391,13,2021-06-14 19:50:00,59.1,11.82
15392,5,2021-06-14 19:59:00,20.4,4.08
15393,14,2021-06-14 20:12:00,60.1,12.02
15394,12,2021-06-14 20:40:00,111.2,22.24
15395,7,2021-06-14 21:01:00,11.7,2.34
15396,7,2021-06-14 21:27:00,51.2,10.24
15397,13,2021-06-14 21:44:00,45.5,9.1
15398,13,2021-06-14 22:27:00,16.2,3.24
15399,13,2021-06-15 10:56:00,122.7,24.54
15400,7,2021-06-15 11:38:00,65.7,13.14
15401,1,2021-06-15 12:33:00,112.8,22.56
15402,2,2021-06-15 12:34:00,11.7,2.34
15403,5,2021-06-15 12:49:00,21.7,4.34
15404,7,2021-06-15 13:17:00,40.3,8.06
15405,0,2021-06-15 13:36:00,117.6,23.52
15406,6,2021-06-15 14:35:00,34.9,6.98
15407,67,2021-06-15 15:30:00,38.0,7.6
15408,14,2021-06-15 16:04:00,15.9,3.18
15409,8,2021-06-15 16:58:00,36.3,7.26
15410,2,2021-06-15 17:07:00,23.0,4.6
15411,3,2021-06-15 17:40:00,52.4,10.48
15412,4,2021-06-15 18:15:00,36.4,7.28
15413,5,2021-06-15 18:42:00,135.2,27.04
15414,67,2021-06-15 19:26:00,16.9,3.38
15415,3,2021-06-15 20:04:00,27.1,5.42
15416,0,2021-06-15 21:01:00,2.4,0.48
15417,68,2021-06-15 21:04:00,57.2,11.44
15418,5,2021-06-15 21:50:00,14.0,2.8
15419,0,2021-06-15 22:22:00,8.0,1.6
15420,4,2021-06-16 10:58:00,22.8,4.56
15421,13,2021-06-16 11:17:00,25.5,5.1
15422,8,2021-06-16 11:38:00,147.8,29.56
15423,12,2021-06-16 12:36:00,12.5,2.5
15424,68,2021-06-16 13:34:00,2.2,0.44
15425,7,2021-06-16 13:48:00,13.7,2.74
15426,14,2021-06-16 14:48:00,9.3,1.86
15427,4,2021-06-16 15:05:00,10.0,2.0
15428,5,2021-06-16 15:30:00,71.0,14.2
15429,68,2021-06-16 16:15:00,62.4,12.48
15430,6,2021-06-16 17:15:00,15.4,3.08
15431,14,2021-06-16 17:19:00,188.0,37.6
15432,0,2021-06-16 17:55:00,61.0,12.2
15433,0,2021-06-16 18:41:00,145.6,29.12
15434,10,2021-06-16 19:12:00,165.2,33.04
15435,6,2021-06-16 20:00:00,28.1,5.62
15436,14,2021-06-16 20:53:00,45.5,9.1
15437,9,2021-06-16 21:15:00,14.3,2.86
15438,13,2021-06-16 22:12:00,12.4,2.48
15439,68,2021-06-16 22:20:00,51.0,10.2
15440,6,2021-06-16 22:27:00,8.5,1.7
15441,12,2021-06-16 22:33:00,2.4,0.48
15442,67,2021-06-16 22:45:00,8.5,1.7
15443,10,2021-06-17 10:40:00,136.0,27.2
15444,13,2021-06-17 10:53:00,8.5,1.7
15445,67,2021-06-17 10:59:00,8.7,1.74
15446,4,2021-06-17 11:19:00,190.0,38.0
15447,5,2021-06-17 11:41:00,30.2,6.04
15448,12,2021-06-17 11:59:00,13.2,2.64
15449,7,2021-06-17 12:33:00,12.7,2.54
15450,13,2021-06-17 12:36:00,18.6,3.72
15451,10,2021-06-17 13:17:00,61.0,12.2
15452,68,2021-06-17 14:12:00,17.7,3.54
15453,2,2021-06-17 14:48:00,68.4,13.68
15454,9,2021-06-17 14:52:00,22.3,4.46
15455,1,2021-06-17 15:42:00,33.9,6.78
15456,6,2021-06-17 16:25:00,13.7,2.74
15457,5,2021-06-17 16:36:00,44.0,8.8
15458,12,2021-06-17 17:34:00,73.7,14.74
15459,6,2021-06-17 17:37:00,17.8,3.56
15460,68,2021-06-17 18:03:00,178.1,35.62
15461,2,2021-06-17 18:39:00,12.4,2.48
15462,3,2021-06-17 18:55:00,127.7,25.54
15463,12,2021-06-17 18:57:00,109.1,21.82
15464,2,2021-06-17 19:49:00,62.0,12.4
15465,4,2021-06-17 20:45:00,8.5,1.7
15466,67,2021-06-17 21:18:00,14.8,2.96
15467,8,2021-06-17 22:04:00,10.1,2.02
15468,6,2021-06-17 22:04:00,29.4,5.88
15469,10,2021-06-17 22:31:00,62.8,12.56
15470,1,2021-06-17 22:38:00,44.0,8.8
15471,10,2021-06-18 10:46:00,29.7,5.94
15472,67,2021-06-18 10:52:00,11.6,2.32
15473,9,2021-06-18 11:06:00,110.7,22.14
15474,0,2021-06-18 11:59:00,6.9,1.38
15475,67,2021-06-18 12:15:00,118.8,23.76
15476,67,2021-06-18 12:59:00,10.1,2.02
15477,8,2021-06-18 13:45:00,64.2,12.84
15478,13,2021-06-18 14:02:00,11.7,2.34
15479,3,2021-06-18 14:51:00,69.6,13.92
15480,68,2021-06-18 15:42:00,89.5,17.9
15481,4,2021-06-18 16:32:00,18.9,3.78
15482,67,2021-06-18 17:16:00,153.5,30.7
15483,7,2021-06-18 18:03:00,62.7,12.54
15484,3,2021-06-18 18:31:00,28.4,5.68
15485,0,2021-06-18 19:14:00,2.1,0.42
15486,9,2021-06-18 19:30:00,144.5,28.9
15487,2,2021-06-18 19:39:00,7.5,1.5
15488,9,2021-06-18 19:51:00,117.1,23.42
15489,10,2021-06-18 19:55:00,161.7,32.34
15490,12,2021-06-18 19:59:00,321.0,64.2
15491,5,2021-06-18 20:25:00,37.4,7.48
15492,12,2021-06-18 20:38:00,10.1,2.02
15493,10,2021-06-18 20:50:00,240.9,48.18
15494,0,2021-06-18 21:30:00,24.7,4.94
15495,4,2021-06-18 21:38:00,6.7,1.34
15496,9,2021-06-18 22:27:00,7.5,1.5
15497,67,2021-06-18 22:40:00,23.3,4.66
15498,1,2021-06-18 22:54:00,7.7,1.54
15499,9,2021-06-19 10:28:00,31.0,6.2
15500,5,2021-06-19 10:42:00,8.5,1.7
15501,0,2021-06-19 11:04:00,5.4,1.08
15502,2,2021-06-19 11:20:00,21.7,4.34
15503,2,2021-06-19 11:29:00,24.8,4.96
15504,13,2021-06-19 11:55:00,56.4,11.28
15505,9,2021-06-19 12:02:00,2.1,0.42
15506,13,2021-06-19 12:05:00,77.5,15.5
15507,5,2021-06-19 12:19:00,13.5,2.7
15508,3,2021-06-19 12:24:00,91.9,18.38
15509,8,2021-06-19 12:43:00,22.4,4.48
15510,1,2021-06-19 13:10:00,52.5,10.5
15511,5,2021-06-19 13:18:00,5.4,1.08
15512,5,2021-06-19 13:30:00,23.2,4.64
15513,9,2021-06-19 13:32:00,22.3,4.46
15514,9,2021-06-19 13:59:00,14.1,2.82
15515,3,2021-06-19 14:09:00,45.5,9.1
15516,6,2021-06-19 14:09:00,14.8,2.96
15517,2,2021-06-19 14:19:00,47.0,9.4
15518,1,2021-06-19 14:41:00,21.5,4.3
15519,12,2021-06-19 15:07:00,35.8,7.16
15520,12,2021-06-19 15:35:00,15.8,3.16
15521,8,2021-06-19 16:04:00,62.3,12.46
15522,1,2021-06-19 16:27:00,26.2,5.24
15523,12,2021-06-19 16:29:00,19.6,3.92
15524,5,2021-06-19 16:36:00,18.2,3.64
15525,68,2021-06-19 16:52:00,8.7,1.74
15526,6,2021-06-19 17:13:00,253.6,50.72
15527,68,2021-06-19 17:20:00,24.8,4.96
15528,10,2021-06-19 17:48:00,45.5,9.1
15529,7,2021-06-19 17:51:00,208.6,41.72
15530,6,2021-06-19 17:51:00,78.9,15.78
15531,7,2021-06-19 18:03:00,60.3,12.06
15532,9,2021-06-19 18:33:00,29.2,5.84
15533,67,2021-06-19 19:03:00,55.5,11.1
15534,10,2021-06-19 19:32:00,26.3,5.26
15535,67,2021-06-19 19:52:00,114.7,22.94
15536,68,2021-06-19 20:10:00,32.0,6.4
15537,8,2021-06-19 20:21:00,256.0,51.2
15538,10,2021-06-19 20:42:00,67.9,13.58
15539,9,2021-06-19 20:59:00,144.7,28.94
15540,10,2021-06-19 20:59:00,143.0,28.6
15541,4,2021-06-19 21:22:00,61.3,12.26
15542,5,2021-06-19 21:51:00,105.9,21.18
15543,5,2021-06-19 22:02:00,8.7,1.74
15544,6,2021-06-19 22:10:00,44.0,8.8
15545,12,2021-06-19 22:24:00,4.6,0.92
15546,9,2021-06-19 22:48:00,27.5,5.5
15547,6,2021-06-19 22:54:00,29.3,5.86
15548,7,2021-06-20 11:28:00,135.5,27.1
15549,3,2021-06-20 11:54:00,7.2,1.44
15550,3,2021-06-20 12:30:00,44.0,8.8
15551,68,2021-06-20 13:09:00,168.0,33.6
15552,68,2021-06-20 13:21:00,106.5,21.3
15553,14,2021-06-20 13:56:00,102.7,20.54
15554,6,2021-06-20 14:54:00,178.1,35.62
15555,7,2021-06-20 15:22:00,36.5,7.3
15556,0,2021-06-20 15:33:00,131.5,26.3
15557,12,2021-06-20 15:48:00,54.7,10.94
15558,3,2021-06-20 16:11:00,24.7,4.94
15559,2,2021-06-20 16:46:00,63.8,12.76
15560,7,2021-06-20 17:34:00,77.9,15.58
15561,7,2021-06-20 18:20:00,245.6,49.12
15562,67,2021-06-20 18:25:00,62.4,12.48
15563,1,2021-06-20 19:08:00,46.1,9.22
15564,0,2021-06-20 20:05:00,2.4,0.48
15565,4,2021-06-20 20:31:00,2.2,0.44
15566,68,2021-06-20 21:08:00,13.0,2.6
15567,6,2021-06-20 22:01:00,44.0,8.8
15568,7,2021-06-20 22:38:00,69.2,13.84
15569,6,2021-06-21 10:31:00,255.2,51.04
15570,6,2021-06-21 11:22:00,121.6,24.32
15571,67,2021-06-21 11:28:00,25.0,5.0
15572,67,2021-06-21 12:01:00,67.1,13.42
15573,10,2021-06-21 12:12:00,133.2,26.64
15574,5,2021-06-21 13:00:00,27.8,5.56
15575,14,2021-06-21 13:40:00,140.6,28.12
15576,2,2021-06-21 14:38:00,11.4,2.28
15577,6,2021-06-21 15:19:00,32.9,6.58
15578,0,2021-06-21 15:55:00,129.5,25.9
15579,1,2021-06-21 16:20:00,12.5,2.5
15580,13,2021-06-21 16:46:00,57.7,11.54
15581,10,2021-06-21 17:10:00,20.7,4.14
15582,1,2021-06-21 17:55:00,19.4,3.88
15583,1,2021-06-21 18:04:00,115.3,23.06
15584,3,2021-06-21 18:39:00,64.7,12.94
15585,12,2021-06-21 19:11:00,44.0,8.8
15586,9,2021-06-21 19:47:00,55.7,11.14
15587,67,2021-06-21 20:39:00,2.6,0.52
15588,5,2021-06-21 21:29:00,63.4,12.68
15589,67,2021-06-21 21:33:00,173.6,34.72
15590,0,2021-06-21 21:43:00,70.0,14.0
15591,3,2021-06-21 22:42:00,25.6,5.12
15592,8,2021-06-22 10:23:00,123.7,24.74
15593,7,2021-06-22 10:54:00,2.4,0.48
15594,13,2021-06-22 11:34:00,14.4,2.88
15595,10,2021-06-22 11:37:00,10.8,2.16
15596,67,2021-06-22 11:51:00,62.6,12.52
15597,14,2021-06-22 12:17:00,158.3,31.66
15598,10,2021-06-22 12:19:00,40.8,8.16
15599,1,2021-06-22 12:25:00,2.4,0.48
15600,5,2021-06-22 13:07:00,2.4,0.48
15601,12,2021-06-22 13:28:00,119.7,23.94
15602,3,2021-06-22 13:46:00,16.9,3.38
15603,12,2021-06-22 14:19:00,294.3,58.86
15604,14,2021-06-22 14:40:00,93.4,18.68
15605,5,2021-06-22 15:29:00,2.4,0.48
15606,14,2021-06-22 16:04:00,278.5,55.7
15607,2,2021-06-22 17:04:00,60.9,12.18
15608,0,2021-06-22 17:25:00,2.4,0.48
15609,9,2021-06-22 17:52:00,57.6,11.52
15610,10,2021-06-22 18:19:00,61.7,12.34
15611,7,2021-06-22 18:37:00,21.1,4.22
15612,10,2021-06-22 19:24:00,12.7,2.54
15613,8,2021-06-22 20:01:00,78.0,15.6
15614,67,2021-06-22 20:50:00,309.6,61.92
15615,7,2021-06-22 21:39:00,129.1,25.82
15616,2,2021-06-22 21:54:00,54.6,10.92
15617,10,2021-06-22 22:07:00,32.2,6.44
15618,10,2021-06-22 22:47:00,28.9,5.78
15619,10,2021-06-23 10:46:00,7.2,1.44
15620,67,2021-06-23 11:24:00,28.0,5.6
15621,10,2021-06-23 12:14:00,7.0,1.4
15622,68,2021-06-23 12:18:00,24.5,4.9
15623,14,2021-06-23 12:25:00,2.4,0.48
15624,7,2021-06-23 12:56:00,34.0,6.8
15625,8,2021-06-23 13:43:00,10.9,2.18
15626,2,2021-06-23 14:24:00,116.0,23.2
15627,2,2021-06-23 14:45:00,14.3,2.86
15628,67,2021-06-23 14:58:00,4.8,0.96
15629,14,2021-06-23 15:39:00,54.9,10.98
15630,0,2021-06-23 16:34:00,28.7,5.74
15631,0,2021-06-23 17:05:00,146.2,29.24
15632,0,2021-06-23 17:23:00,37.5,7.5
15633,2,2021-06-23 17:42:00,14.9,2.98
15634,67,2021-06-23 18:30:00,44.0,8.8
15635,1,2021-06-23 18:44:00,4.6,0.92
15636,8,2021-06-23 19:43:00,236.0,47.2
15637,2,2021-06-23 19:58:00,6.4,1.28
15638,6,2021-06-23 20:14:00,24.9,4.98
15639,13,2021-06-23 21:06:00,118.2,23.64
15640,13,2021-06-23 21:08:00,237.1,47.42
15641,9,2021-06-23 21:35:00,10.1,2.02
15642,9,2021-06-23 21:49:00,67.3,13.46
15643,8,2021-06-23 22:18:00,141.0,28.2
15644,1,2021-06-24 10:49:00,43.8,8.76
15645,8,2021-06-24 11:11:00,2.2,0.44
15646,12,2021-06-24 11:40:00,10.1,2.02
15647,13,2021-06-24 12:02:00,13.8,2.76
15648,0,2021-06-24 12:17:00,95.8,19.16
15649,1,2021-06-24 12:19:00,135.3,27.06
15650,5,2021-06-24 13:06:00,24.6,4.92
15651,8,2021-06-24 14:06:00,117.6,23.52
15652,12,2021-06-24 14:55:00,30.4,6.08
15653,0,2021-06-24 15:15:00,2.1,0.42
15654,6,2021-06-24 16:04:00,14.1,2.82
15655,13,2021-06-24 16:14:00,10.1,2.02
15656,67,2021-06-24 16:17:00,44.0,8.8
15657,0,2021-06-24 16:37:00,107.5,21.5
15658,7,2021-06-24 17:22:00,2.6,0.52
15659,9,2021-06-24 17:50:00,54.9,10.98
15660,0,2021-06-24 18:04:00,45.5,9.1
15661,0,2021-06-24 18:48:00,158.6,31.72
15662,6,2021-06-24 19:04:00,24.1,4.82
15663,0,2021-06-24 20:00:00,13.5,2.7
15664,10,2021-06-24 20:55:00,124.9,24.98
15665,8,2021-06-24 21:01:00,121.5,24.3
15666,6,2021-06-24 21:08:00,57.2,11.44
15667,68,2021-06-24 22:07:00,50.3,10.06
15668,2,2021-06-24 22:48:00,27.3,5.46
15669,7,2021-06-24 22:58:00,16.7,3.34
15670,2,2021-06-25 10:42:00,38.0,7.6
15671,10,2021-06-25 10:42:00,106.8,21.36
15672,14,2021-06-25 10:47:00,13.9,2.78
15673,10,2021-06-25 11:01:00,10.1,2.02
15674,67,2021-06-25 11:20:00,12.5,2.5
15675,6,2021-06-25 11:23:00,245.0,49.0
15676,1,2021-06-25 11:41:00,159.3,31.86
15677,4,2021-06-25 12:26:00,28.2,5.64
15678,9,2021-06-25 13:25:00,53.6,10.72
15679,8,2021-06-25 14:13:00,172.7,34.54
15680,10,2021-06-25 15:04:00,143.0,28.6
15681,0,2021-06-25 15:37:00,113.0,22.6
15682,1,2021-06-25 16:19:00,4.3,0.86
15683,7,2021-06-25 17:18:00,13.9,2.78
15684,14,2021-06-25 18:13:00,166.3,33.26
15685,4,2021-06-25 18:28:00,79.0,15.8
15686,14,2021-06-25 19:17:00,138.8,27.76
15687,67,2021-06-25 19:41:00,21.5,4.3
15688,67,2021-06-25 20:23:00,27.9,5.58
15689,1,2021-06-25 21:05:00,27.2,5.44
15690,9,2021-06-25 21:35:00,27.4,5.48
15691,9,2021-06-25 22:31:00,2.4,0.48
15692,67,2021-06-26 10:39:00,53.8,10.76
15693,9,2021-06-26 11:07:00,218.2,43.64
15694,3,2021-06-26 11:16:00,11.4,2.28
15695,68,2021-06-26 11:44:00,165.2,33.04
15696,6,2021-06-26 11:49:00,25.7,5.14
15697,10,2021-06-26 12:14:00,10.1,2.02
15698,8,2021-06-26 12:38:00,17.3,3.46
15699,2,2021-06-26 12:45:00,154.6,30.92
15700,6,2021-06-26 12:48:00,11.7,2.34
15701,8,2021-06-26 13:15:00,123.6,24.72
15702,9,2021-06-26 13:38:00,2.2,0.44
15703,6,2021-06-26 14:02:00,274.4,54.88
15704,10,2021-06-26 14:12:00,72.5,14.5
15705,6,2021-06-26 14:14:00,28.7,5.74
15706,14,2021-06-26 14:24:00,18.8,3.76
15707,10,2021-06-26 14:30:00,209.4,41.88
15708,1,2021-06-26 14:53:00,129.3,25.86
15709,12,2021-06-26 15:17:00,22.2,4.44
15710,12,2021-06-26 15:37:00,2.6,0.52
15711,2,2021-06-26 15:38:00,2.4,0.48
15712,7,2021-06-26 15:54:00,27.2,5.44
15713,14,2021-06-26 16:06:00,67.7,13.54
15714,9,2021-06-26 16:28:00,4.8,0.96
15715,12,2021-06-26 16:30:00,122.4,24.48
15716,3,2021-06-26 16:55:00,120.7,24.14
15717,1,2021-06-26 17:05:00,71.3,14.26
15718,13,2021-06-26 17:34:00,102.8,20.56
15719,6,2021-06-26 17:34:00,48.7,9.74
15720,2,2021-06-26 18:01:00,123.4,24.68
15721,7,2021-06-26 18:16:00,177.2,35.44
15722,7,2021-06-26 18:19:00,8.5,1.7
15723,8,2021-06-26 18:21:00,13.8,2.76
15724,7,2021-06-26 18:25:00,2.4,0.48
15725,2,2021-06-26 18:30:00,30.8,6.16
15726,10,2021-06-26 18:41:00,123.0,24.6
15727,0,2021-06-26 18:46:00,103.2,20.64
15728,7,2021-06-26 19:05:00,147.6,29.52
15729,13,2021-06-26 19:35:00,23.6,4.72
15730,8,2021-06-26 19:35:00,110.6,22.12
15731,6,2021-06-26 19:35:00,173.2,34.64
15732,5,2021-06-26 20:01:00,35.2,7.04
15733,10,2021-06-26 20:24:00,154.7,30.94
15734,7,2021-06-26 20:44:00,28.8,5.76
15735,10,2021-06-26 21:03:00,30.9,6.18
15736,9,2021-06-26 21:28:00,122.0,24.4
15737,2,2021-06-26 21:32:00,10.8,2.16
15738,14,2021-06-26 21:46:00,17.9,3.58
15739,0,2021-06-26 21:52:00,7.0,1.4
15740,0,2021-06-26 22:02:00,4.7,0.94
15741,4,2021-06-26 22:32:00,30.2,6.04
15742,2,2021-06-26 22:37:00,15.9,3.18
15743,67,2021-06-26 22:41:00,39.6,7.92
15744,13,2021-06-26 22:45:00,161.6,32.32
15745,12,2021-06-26 22:48:00,109.7,21.94
15746,12,2021-06-27 11:17:00,4.6,0.92
15747,9,2021-06-27 11:54:00,19.2,3.84
15748,67,2021-06-27 12:31:00,48.6,9.72
15749,68,2021-06-27 13:28:00,288.4,57.68
15750,10,2021-06-27 14:24:00,8.7,1.74
15751,7,2021-06-27 14:38:00,25.5,5.1
15752,6,2021-06-27 15:17:00,241.6,48.32
15753,13,2021-06-27 15:45:00,13.2,2.64
15754,0,2021-06-27 15:46:00,24.1,4.82
15755,1,2021-06-27 16:03:00,16.7,3.34
15756,3,2021-06-27 16:10:00,68.9,13.78
15757,67,2021-06-27 16:43:00,2.6,0.52
15758,10,2021-06-27 16:52:00,13.2,2.64
15759,14,2021-06-27 17:47:00,2.1,0.42
15760,10,2021-06-27 18:24:00,155.6,31.12
15761,67,2021-06-27 19:11:00,34.9,6.98
15762,0,2021-06-27 19:12:00,69.4,13.88
15763,2,2021-06-27 19:57:00,100.4,20.08
15764,68,2021-06-27 20:43:00,115.5,23.1
15765,3,2021-06-27 20:54:00,7.1,1.42
15766,7,2021-06-27 21:28:00,2.6,0.52
15767,5,2021-06-27 21:42:00,31.7,6.34
15768,67,2021-06-27 22:31:00,19.4,3.88
15769,6,2021-06-27 22:35:00,2.4,0.48
15770,8,2021-06-27 22:56:00,73.8,14.76
15771,8,2021-06-28 10:28:00,21.0,4.2
15772,1,2021-06-28 10:43:00,38.8,7.76
15773,4,2021-06-28 11:02:00,136.0,27.2
15774,14,2021-06-28 11:43:00,68.7,13.74
15775,10,2021-06-28 12:01:00,48.8,9.76
15776,67,2021-06-28 13:01:00,35.8,7.16
15777,14,2021-06-28 14:00:00,34.7,6.94
15778,3,2021-06-28 14:31:00,2.6,0.52
15779,9,2021-06-28 14:45:00,79.6,15.92
15780,4,2021-06-28 15:35:00,119.2,23.84
15781,10,2021-06-28 16:29:00,259.1,51.82
15782,68,2021-06-28 16:58:00,122.2,24.44
15783,7,2021-06-28 17:25:00,30.2,6.04
15784,10,2021-06-28 18:00:00,13.9,2.78
15785,8,2021-06-28 18:25:00,16.2,3.24
15786,3,2021-06-28 18:45:00,8.5,1.7
15787,4,2021-06-28 18:47:00,11.4,2.28
15788,13,2021-06-28 19:42:00,30.0,6.0
15789,8,2021-06-28 20:37:00,20.2,4.04
15790,9,2021-06-28 21:16:00,15.6,3.12
15791,13,2021-06-28 21:58:00,61.1,12.22
15792,2,2021-06-28 22:14:00,8.5,1.7
15793,6,2021-06-28 22:40:00,19.1,3.82
15794,5,2021-06-28 22:47:00,44.0,8.8
15795,2,2021-06-29 10:55:00,306.3,61.26
15796,9,2021-06-29 11:17:00,33.2,6.64
15797,0,2021-06-29 11:40:00,263.7,52.74
15798,14,2021-06-29 12:28:00,41.2,8.24
15799,7,2021-06-29 13:13:00,22.5,4.5
15800,1,2021-06-29 13:35:00,2.4,0.48
15801,0,2021-06-29 14:05:00,4.7,0.94
15802,0,2021-06-29 14:27:00,44.0,8.8
15803,4,2021-06-29 14:29:00,145.4,29.08
15804,67,2021-06-29 15:02:00,124.3,24.86
15805,68,2021-06-29 15:28:00,21.8,4.36
15806,12,2021-06-29 15:59:00,65.7,13.14
15807,67,2021-06-29 16:12:00,54.0,10.8
15808,68,2021-06-29 16:35:00,130.3,26.06
15809,6,2021-06-29 17:06:00,12.7,2.54
15810,7,2021-06-29 17:39:00,70.8,14.16
15811,1,2021-06-29 18:35:00,110.6,22.12
15812,68,2021-06-29 18:56:00,45.5,9.1
15813,9,2021-06-29 19:44:00,24.0,4.8
15814,6,2021-06-29 20:37:00,13.2,2.64
15815,3,2021-06-29 21:03:00,314.6,62.92
15816,4,2021-06-29 21:24:00,62.3,12.46
15817,1,2021-06-29 22:10:00,5.6,1.12
15818,1,2021-06-29 22:18:00,4.3,0.86
15819,1,2021-06-29 22:32:00,93.4,18.68
15820,67,2021-06-30 11:00:00,8.5,1.7
15821,10,2021-06-30 11:41:00,13.2,2.64
15822,4,2021-06-30 12:29:00,51.1,10.22
15823,10,2021-06-30 12:33:00,54.0,10.8
15824,6,2021-06-30 13:19:00,8.0,1.6
15825,68,2021-06-30 14:03:00,2.4,0.48
15826,4,2021-06-30 14:39:00,156.2,31.24
15827,7,2021-06-30 15:37:00,46.1,9.22
15828,7,2021-06-30 16:10:00,24.1,4.82
15829,68,2021-06-30 16:55:00,138.6,27.72
15830,13,2021-06-30 17:28:00,79.7,15.94
15831,9,2021-06-30 18:25:00,17.4,3.48
15832,1,2021-06-30 18:59:00,60.2,12.04
15833,2,2021-06-30 19:42:00,22.3,4.46
15834,0,2021-06-30 20:39:00,22.6,4.52
15835,14,2021-06-30 21:04:00,4.6,0.92
15836,68,2021-06-30 21:46:00,19.2,3.84
15837,1,2021-06-30 22:40:00,45.5,9.1
15838,3,2021-07-01 10:47:00,61.1,12.22
15839,68,2021-07-01 11:32:00,54.1,10.82
15840,5,2021-07-01 11:35:00,49.4,9.88
15841,8,2021-07-01 11:52:00,24.0,4.8
15842,67,2021-07-01 12:19:00,92.5,18.5
15843,14,2021-07-01 12:41:00,27.6,5.52
15844,68,2021-07-01 13:34:00,78.0,15.6
15845,8,2021-07-01 13:47:00,13.2,2.64
15846,12,2021-07-01 14:36:00,119.6,23.92
15847,1,2021-07-01 14:38:00,15.6,3.12
15848,3,2021-07-01 15:30:00,117.6,23.52
15849,5,2021-07-01 15:34:00,10.6,2.12
15850,7,2021-07-01 15:34:00,16.1,3.22
15851,6,2021-07-01 15:38:00,10.0,2.0
15852,13,2021-07-01 16:01:00,20.2,4.04
15853,0,2021-07-01 16:47:00,6.9,1.38
15854,3,2021-07-01 16:48:00,21.7,4.34
15855,1,2021-07-01 17:22:00,8.5,1.7
15856,68,2021-07-01 18:01:00,10.1,2.02
15857,1,2021-07-01 18:42:00,169.4,33.88
15858,1,2021-07-01 19:00:00,13.5,2.7
15859,13,2021-07-01 19:40:00,113.7,22.74
15860,3,2021-07-01 20:13:00,26.9,5.38
15861,68,2021-07-01 20:56:00,2.6,0.52
15862,9,2021-07-01 21:40:00,53.2,10.64
15863,12,2021-07-01 22:06:00,4.7,0.94
15864,68,2021-07-01 22:09:00,10.9,2.18
15865,2,2021-07-01 22:39:00,19.5,3.9
15866,4,2021-07-02 10:33:00,31.9,6.38
15867,1,2021-07-02 11:00:00,102.5,20.5
15868,10,2021-07-02 11:31:00,122.3,24.46
15869,1,2021-07-02 12:05:00,248.0,49.6
15870,0,2021-07-02 12:36:00,30.2,6.04
15871,4,2021-07-02 13:08:00,44.0,8.8
15872,13,2021-07-02 13:22:00,74.3,14.86
15873,68,2021-07-02 13:41:00,55.6,11.12
15874,1,2021-07-02 14:09:00,274.3,54.86
15875,8,2021-07-02 14:25:00,5.4,1.08
15876,9,2021-07-02 14:31:00,8.0,1.6
15877,3,2021-07-02 14:54:00,63.8,12.76
15878,68,2021-07-02 14:56:00,162.5,32.5
15879,4,2021-07-02 15:45:00,165.7,33.14
15880,13,2021-07-02 16:35:00,8.5,1.7
15881,67,2021-07-02 17:22:00,67.6,13.52
15882,12,2021-07-02 17:58:00,7.0,1.4
15883,14,2021-07-02 18:37:00,119.2,23.84
15884,4,2021-07-02 19:16:00,62.8,12.56
15885,8,2021-07-02 19:39:00,64.2,12.84
15886,14,2021-07-02 19:52:00,160.2,32.04
15887,3,2021-07-02 20:11:00,2.4,0.48
15888,1,2021-07-02 21:10:00,14.1,2.82
15889,67,2021-07-02 22:10:00,14.7,2.94
15890,68,2021-07-02 22:22:00,38.7,7.74
15891,2,2021-07-02 22:34:00,126.4,25.28
15892,2,2021-07-02 22:51:00,28.4,5.68
15893,3,2021-07-03 10:31:00,5.4,1.08
15894,6,2021-07-03 10:36:00,126.4,25.28
15895,3,2021-07-03 11:05:00,172.0,34.4
15896,0,2021-07-03 11:27:00,209.5,41.9
15897,2,2021-07-03 11:54:00,40.5,8.1
15898,9,2021-07-03 12:07:00,26.3,5.26
15899,14,2021-07-03 12:22:00,26.7,5.34
15900,2,2021-07-03 12:27:00,139.7,27.94
15901,13,2021-07-03 12:52:00,24.2,4.84
15902,13,2021-07-03 13:19:00,200.8,40.16
15903,12,2021-07-03 13:40:00,139.9,27.98
15904,2,2021-07-03 13:50:00,33.4,6.68
15905,4,2021-07-03 14:13:00,35.5,7.1
15906,12,2021-07-03 14:43:00,70.7,14.14
15907,0,2021-07-03 14:50:00,19.1,3.82
15908,1,2021-07-03 15:01:00,112.2,22.44
15909,8,2021-07-03 15:09:00,57.2,11.44
15910,7,2021-07-03 15:39:00,36.4,7.28
15911,68,2021-07-03 16:07:00,51.1,10.22
15912,4,2021-07-03 16:13:00,10.0,2.0
15913,3,2021-07-03 16:36:00,254.2,50.84
15914,6,2021-07-03 16:45:00,105.7,21.14
15915,10,2021-07-03 17:06:00,163.7,32.74
15916,6,2021-07-03 17:22:00,12.6,2.52
15917,2,2021-07-03 17:40:00,11.6,2.32
15918,7,2021-07-03 18:03:00,7.5,1.5
15919,7,2021-07-03 18:26:00,70.1,14.02
15920,9,2021-07-03 18:51:00,6.8,1.36
15921,0,2021-07-03 18:56:00,2.4,0.48
15922,67,2021-07-03 19:13:00,54.1,10.82
15923,12,2021-07-03 19:32:00,25.2,5.04
15924,12,2021-07-03 19:40:00,93.6,18.72
15925,9,2021-07-03 19:45:00,128.1,25.62
15926,2,2021-07-03 20:08:00,46.4,9.28
15927,3,2021-07-03 20:35:00,4.5,0.9
15928,3,2021-07-03 20:51:00,2.2,0.44
15929,68,2021-07-03 21:04:00,32.3,6.46
15930,5,2021-07-03 21:07:00,162.2,32.44
15931,13,2021-07-03 21:18:00,11.1,2.22
15932,8,2021-07-03 21:29:00,7.5,1.5
15933,2,2021-07-03 21:29:00,2.2,0.44
15934,12,2021-07-03 21:48:00,24.6,4.92
15935,9,2021-07-03 21:48:00,206.9,41.38
15936,3,2021-07-03 21:50:00,149.0,29.8
15937,1,2021-07-03 22:06:00,58.8,11.76
15938,0,2021-07-03 22:16:00,70.8,14.16
15939,3,2021-07-03 22:43:00,46.4,9.28
15940,14,2021-07-04 11:29:00,2.4,0.48
15941,5,2021-07-04 11:55:00,29.9,5.98
15942,6,2021-07-04 12:13:00,18.1,3.62
15943,6,2021-07-04 12:15:00,157.1,31.42
15944,3,2021-07-04 12:37:00,26.3,5.26
15945,12,2021-07-04 13:35:00,11.1,2.22
15946,5,2021-07-04 14:17:00,27.3,5.46
15947,7,2021-07-04 15:00:00,57.8,11.56
15948,13,2021-07-04 15:48:00,159.9,31.98
15949,5,2021-07-04 16:03:00,149.0,29.8
15950,12,2021-07-04 16:15:00,18.6,3.72
15951,14,2021-07-04 16:15:00,51.8,10.36
15952,6,2021-07-04 16:39:00,234.6,46.92
15953,4,2021-07-04 16:47:00,31.9,6.38
15954,10,2021-07-04 17:34:00,28.7,5.74
15955,6,2021-07-04 17:57:00,232.9,46.58
15956,9,2021-07-04 18:10:00,133.9,26.78
15957,68,2021-07-04 18:34:00,30.3,6.06
15958,67,2021-07-04 19:05:00,133.1,26.62
15959,3,2021-07-04 19:14:00,121.6,24.32
15960,4,2021-07-04 19:55:00,30.3,6.06
15961,68,2021-07-04 20:50:00,17.9,3.58
15962,8,2021-07-04 21:02:00,17.6,3.52
15963,8,2021-07-04 21:27:00,20.2,4.04
15964,6,2021-07-04 22:04:00,2.1,0.42
15965,67,2021-07-04 22:23:00,2.1,0.42
15966,6,2021-07-05 10:56:00,247.0,49.4
15967,13,2021-07-05 11:29:00,13.2,2.64
15968,0,2021-07-05 11:31:00,134.5,26.9
15969,7,2021-07-05 12:12:00,23.4,4.68
15970,1,2021-07-05 12:43:00,169.2,33.84
15971,10,2021-07-05 13:28:00,56.3,11.26
15972,9,2021-07-05 13:44:00,74.4,14.88
15973,9,2021-07-05 14:42:00,18.8,3.76
15974,6,2021-07-05 15:19:00,107.5,21.5
15975,9,2021-07-05 15:51:00,289.9,57.98
15976,67,2021-07-05 16:14:00,135.5,27.1
15977,2,2021-07-05 16:27:00,123.2,24.64
15978,9,2021-07-05 17:27:00,15.3,3.06
15979,13,2021-07-05 18:11:00,11.7,2.34
15980,68,2021-07-05 18:26:00,2.1,0.42
15981,6,2021-07-05 18:50:00,47.6,9.52
15982,5,2021-07-05 19:43:00,2.4,0.48
15983,13,2021-07-05 20:25:00,5.4,1.08
15984,12,2021-07-05 20:27:00,144.5,28.9
15985,5,2021-07-05 20:51:00,80.4,16.08
15986,14,2021-07-05 21:03:00,164.7,32.94
15987,1,2021-07-05 21:39:00,30.6,6.12
15988,12,2021-07-05 22:21:00,64.2,12.84
15989,68,2021-07-06 10:40:00,147.5,29.5
15990,68,2021-07-06 11:00:00,2.4,0.48
15991,5,2021-07-06 11:55:00,136.8,27.36
15992,5,2021-07-06 12:04:00,12.7,2.54
15993,9,2021-07-06 12:54:00,14.7,2.94
15994,1,2021-07-06 13:23:00,22.5,4.5
15995,0,2021-07-06 14:18:00,12.6,2.52
15996,13,2021-07-06 14:30:00,12.5,2.5
15997,67,2021-07-06 15:12:00,198.7,39.74
15998,68,2021-07-06 15:54:00,51.8,10.36
15999,3,2021-07-06 16:42:00,166.4,33.28
16000,1,2021-07-06 16:44:00,122.1,24.42
16001,10,2021-07-06 17:37:00,20.2,4.04
16002,6,2021-07-06 17:46:00,237.0,47.4
16003,10,2021-07-06 18:44:00,16.7,3.34
16004,6,2021-07-06 18:56:00,68.4,13.68
16005,68,2021-07-06 19:52:00,25.2,5.04
16006,12,2021-07-06 19:59:00,31.6,6.32
16007,0,2021-07-06 20:11:00,10.0,2.0
16008,67,2021-07-06 20:59:00,66.5,13.3
16009,8,2021-07-06 21:25:00,6.6,1.32
16010,2,2021-07-06 21:58:00,8.5,1.7
16011,6,2021-07-06 22:09:00,190.9,38.18
16012,3,2021-07-06 22:35:00,68.8,13.76
16013,14,2021-07-06 22:50:00,10.0,2.0
16014,3,2021-07-07 10:36:00,13.2,2.64
16015,67,2021-07-07 10:57:00,38.9,7.78
16016,1,2021-07-07 11:27:00,155.1,31.02
16017,3,2021-07-07 11:49:00,35.0,7.0
16018,68,2021-07-07 12:24:00,121.1,24.22
16019,67,2021-07-07 13:24:00,8.5,1.7
16020,10,2021-07-07 14:05:00,8.0,1.6
16021,0,2021-07-07 14:49:00,37.5,7.5
16022,4,2021-07-07 15:32:00,20.2,4.04
16023,68,2021-07-07 16:09:00,30.9,6.18
16024,2,2021-07-07 16:15:00,20.2,4.04
16025,2,2021-07-07 16:37:00,2.4,0.48
16026,3,2021-07-07 16:41:00,5.4,1.08
16027,2,2021-07-07 17:41:00,231.1,46.22
16028,8,2021-07-07 18:32:00,32.0,6.4
16029,0,2021-07-07 18:43:00,47.0,9.4
16030,0,2021-07-07 19:08:00,48.7,9.74
16031,1,2021-07-07 19:12:00,60.2,12.04
16032,0,2021-07-07 19:31:00,13.1,2.62
16033,68,2021-07-07 19:37:00,28.1,5.62
16034,67,2021-07-07 20:10:00,10.6,2.12
16035,8,2021-07-07 20:37:00,345.7,69.14
16036,1,2021-07-07 20:55:00,18.6,3.72
16037,5,2021-07-07 21:07:00,68.9,13.78
16038,6,2021-07-07 21:46:00,121.3,24.26
16039,4,2021-07-07 22:30:00,59.2,11.84
16040,0,2021-07-07 22:56:00,104.7,20.94
16041,9,2021-07-08 10:37:00,133.0,26.6
16042,10,2021-07-08 11:35:00,14.0,2.8
16043,13,2021-07-08 11:49:00,44.0,8.8
16044,13,2021-07-08 12:08:00,8.5,1.7
16045,7,2021-07-08 12:11:00,5.4,1.08
16046,67,2021-07-08 12:28:00,119.2,23.84
16047,4,2021-07-08 13:10:00,28.6,5.72
16048,0,2021-07-08 13:15:00,19.6,3.92
16049,1,2021-07-08 14:01:00,187.0,37.4
16050,2,2021-07-08 14:52:00,7.2,1.44
16051,8,2021-07-08 15:41:00,73.8,14.76
16052,12,2021-07-08 16:11:00,2.4,0.48
16053,8,2021-07-08 16:24:00,7.4,1.48
16054,67,2021-07-08 16:26:00,2.4,0.48
16055,14,2021-07-08 17:17:00,58.3,11.66
16056,2,2021-07-08 18:14:00,19.6,3.92
16057,3,2021-07-08 18:24:00,21.0,4.2
16058,13,2021-07-08 18:42:00,145.1,29.02
16059,7,2021-07-08 19:06:00,72.3,14.46
16060,1,2021-07-08 19:27:00,31.9,6.38
16061,68,2021-07-08 19:51:00,24.9,4.98
16062,68,2021-07-08 20:47:00,10.6,2.12
16063,7,2021-07-08 21:12:00,18.1,3.62
16064,9,2021-07-08 21:24:00,8.5,1.7
16065,67,2021-07-08 22:14:00,6.4,1.28
16066,0,2021-07-08 22:19:00,24.7,4.94
16067,6,2021-07-08 22:56:00,65.0,13.0
16068,3,2021-07-09 10:17:00,39.6,7.92
16069,68,2021-07-09 10:28:00,2.1,0.42
16070,9,2021-07-09 11:28:00,26.6,5.32
16071,8,2021-07-09 11:30:00,13.1,2.62
16072,68,2021-07-09 11:46:00,38.3,7.66
16073,2,2021-07-09 12:01:00,22.4,4.48
16074,8,2021-07-09 12:43:00,4.5,0.9
16075,7,2021-07-09 13:42:00,14.3,2.86
16076,1,2021-07-09 13:45:00,17.0,3.4
16077,12,2021-07-09 14:05:00,27.1,5.42
16078,0,2021-07-09 14:32:00,253.7,50.74
16079,9,2021-07-09 14:45:00,2.1,0.42
16080,9,2021-07-09 15:38:00,5.0,1.0
16081,13,2021-07-09 16:23:00,119.6,23.92
16082,10,2021-07-09 17:08:00,10.9,2.18
16083,4,2021-07-09 17:45:00,400.3,80.06
16084,3,2021-07-09 17:55:00,14.1,2.82
16085,68,2021-07-09 18:29:00,10.6,2.12
16086,7,2021-07-09 18:41:00,17.2,3.44
16087,1,2021-07-09 18:54:00,156.2,31.24
16088,6,2021-07-09 19:06:00,25.8,5.16
16089,5,2021-07-09 19:09:00,13.8,2.76
16090,12,2021-07-09 19:16:00,13.2,2.64
16091,14,2021-07-09 20:07:00,44.0,8.8
16092,4,2021-07-09 20:12:00,67.2,13.44
16093,6,2021-07-09 20:39:00,67.0,13.4
16094,67,2021-07-09 21:22:00,35.9,7.18
16095,68,2021-07-09 22:07:00,129.6,25.92
16096,9,2021-07-09 22:44:00,57.5,11.5
16097,0,2021-07-09 22:56:00,266.8,53.36
16098,13,2021-07-09 22:56:00,30.3,6.06
16099,5,2021-07-10 10:39:00,2.4,0.48
16100,8,2021-07-10 10:47:00,230.8,46.16
16101,13,2021-07-10 10:57:00,10.2,2.04
16102,10,2021-07-10 11:02:00,161.9,32.38
16103,68,2021-07-10 11:28:00,11.7,2.34
16104,13,2021-07-10 11:54:00,133.5,26.7
16105,8,2021-07-10 12:21:00,10.1,2.02
16106,0,2021-07-10 12:24:00,25.7,5.14
16107,10,2021-07-10 12:48:00,13.2,2.64
16108,3,2021-07-10 13:14:00,24.5,4.9
16109,2,2021-07-10 13:16:00,47.0,9.4
16110,8,2021-07-10 13:20:00,129.1,25.82
16111,7,2021-07-10 13:24:00,20.0,4.0
16112,4,2021-07-10 13:40:00,50.3,10.06
16113,14,2021-07-10 14:09:00,46.2,9.24
16114,5,2021-07-10 14:14:00,62.5,12.5
16115,67,2021-07-10 14:41:00,6.9,1.38
16116,2,2021-07-10 15:11:00,10.9,2.18
16117,12,2021-07-10 15:32:00,11.7,2.34
16118,10,2021-07-10 15:59:00,45.5,9.1
16119,68,2021-07-10 16:03:00,206.4,41.28
16120,9,2021-07-10 16:05:00,64.1,12.82
16121,0,2021-07-10 16:29:00,8.7,1.74
16122,10,2021-07-10 16:37:00,96.5,19.3
16123,9,2021-07-10 16:46:00,17.8,3.56
16124,12,2021-07-10 17:11:00,153.1,30.62
16125,9,2021-07-10 17:25:00,18.6,3.72
16126,6,2021-07-10 17:38:00,168.5,33.7
16127,9,2021-07-10 17:46:00,18.9,3.78
16128,3,2021-07-10 17:58:00,44.1,8.82
16129,2,2021-07-10 18:10:00,38.9,7.78
16130,6,2021-07-10 18:18:00,20.5,4.1
16131,14,2021-07-10 18:19:00,10.0,2.0
16132,6,2021-07-10 18:35:00,59.5,11.9
16133,2,2021-07-10 18:58:00,67.4,13.48
16134,14,2021-07-10 19:16:00,18.8,3.76
16135,2,2021-07-10 19:17:00,2.1,0.42
16136,9,2021-07-10 19:46:00,2.1,0.42
16137,12,2021-07-10 19:53:00,25.3,5.06
16138,7,2021-07-10 19:59:00,53.0,10.6
16139,68,2021-07-10 20:08:00,75.6,15.12
16140,4,2021-07-10 20:25:00,109.1,21.82
16141,14,2021-07-10 20:52:00,27.8,5.56
16142,13,2021-07-10 21:22:00,11.4,2.28
16143,10,2021-07-10 21:31:00,112.8,22.56
16144,10,2021-07-10 22:01:00,203.1,40.62
16145,14,2021-07-10 22:25:00,41.2,8.24
16146,7,2021-07-10 22:53:00,226.8,45.36
16147,12,2021-07-11 11:18:00,10.1,2.02
16148,10,2021-07-11 11:42:00,11.7,2.34
16149,1,2021-07-11 12:00:00,2.4,0.48
16150,9,2021-07-11 12:20:00,58.4,11.68
16151,7,2021-07-11 12:56:00,51.9,10.38
16152,6,2021-07-11 13:45:00,168.5,33.7
16153,4,2021-07-11 13:53:00,172.9,34.58
16154,0,2021-07-11 14:01:00,2.6,0.52
16155,13,2021-07-11 14:12:00,8.5,1.7
16156,4,2021-07-11 14:25:00,211.6,42.32
16157,3,2021-07-11 14:52:00,280.6,56.12
16158,10,2021-07-11 15:20:00,147.7,29.54
16159,7,2021-07-11 15:28:00,35.7,7.14
16160,14,2021-07-11 15:31:00,190.5,38.1
16161,1,2021-07-11 16:06:00,114.4,22.88
16162,5,2021-07-11 16:56:00,21.9,4.38
16163,0,2021-07-11 17:55:00,14.8,2.96
16164,68,2021-07-11 18:45:00,39.2,7.84
16165,68,2021-07-11 19:26:00,169.2,33.84
16166,14,2021-07-11 19:42:00,21.2,4.24
16167,3,2021-07-11 19:51:00,149.1,29.82
16168,13,2021-07-11 19:54:00,20.3,4.06
16169,14,2021-07-11 20:38:00,123.7,24.74
16170,3,2021-07-11 20:57:00,66.9,13.38
16171,12,2021-07-11 21:19:00,58.7,11.74
16172,0,2021-07-11 21:52:00,127.9,25.58
16173,13,2021-07-11 21:58:00,62.0,12.4
16174,7,2021-07-11 22:11:00,20.1,4.02
16175,2,2021-07-11 22:52:00,45.5,9.1
16176,1,2021-07-12 10:23:00,67.2,13.44
16177,4,2021-07-12 10:37:00,8.8,1.76
16178,10,2021-07-12 11:25:00,30.8,6.16
16179,2,2021-07-12 12:07:00,44.0,8.8
16180,0,2021-07-12 13:04:00,27.9,5.58
16181,2,2021-07-12 13:13:00,233.8,46.76
16182,13,2021-07-12 14:05:00,2.6,0.52
16183,2,2021-07-12 14:51:00,25.7,5.14
16184,10,2021-07-12 14:58:00,34.2,6.84
16185,2,2021-07-12 15:13:00,2.4,0.48
16186,13,2021-07-12 16:00:00,10.0,2.0
16187,0,2021-07-12 16:22:00,28.5,5.7
16188,8,2021-07-12 16:39:00,10.9,2.18
16189,9,2021-07-12 17:30:00,13.7,2.74
16190,4,2021-07-12 17:59:00,9.2,1.84
16191,4,2021-07-12 18:13:00,8.5,1.7
16192,8,2021-07-12 19:04:00,19.4,3.88
16193,5,2021-07-12 19:56:00,72.8,14.56
16194,1,2021-07-12 20:53:00,145.4,29.08
16195,10,2021-07-12 21:37:00,22.5,4.5
16196,1,2021-07-12 21:52:00,23.9,4.78
16197,8,2021-07-12 22:48:00,18.6,3.72
16198,67,2021-07-12 22:59:00,23.9,4.78
16199,10,2021-07-13 10:36:00,20.9,4.18
16200,1,2021-07-13 11:04:00,14.6,2.92
16201,5,2021-07-13 12:01:00,4.8,0.96
16202,14,2021-07-13 12:28:00,260.4,52.08
16203,13,2021-07-13 12:48:00,9.1,1.82
16204,1,2021-07-13 13:27:00,34.7,6.94
16205,3,2021-07-13 13:38:00,2.4,0.48
16206,0,2021-07-13 14:05:00,33.3,6.66
16207,10,2021-07-13 14:51:00,39.0,7.8
16208,6,2021-07-13 15:01:00,62.5,12.5
16209,5,2021-07-13 15:48:00,238.7,47.74
16210,1,2021-07-13 16:41:00,2.1,0.42
16211,4,2021-07-13 17:00:00,126.5,25.3
16212,8,2021-07-13 17:32:00,70.9,14.18
16213,3,2021-07-13 17:46:00,22.3,4.46
16214,2,2021-07-13 18:41:00,205.6,41.12
